05-18 13:46:00.720   458   458 I auditd  : type=1400 audit(0.0:48): avc: denied { read } for comm="Binder:458_2" name="exe" dev="proc" ino=94963 scontext=u:r:systoold:s0 tcontext=u:r:system_server:s0 tclass=lnk_file permissive=1
05-18 13:46:06.300   486   486 I auditd  : type=1400 audit(0.0:49): avc: denied { write } for comm="libgps_daemon" name="property_service" dev="tmpfs" ino=5198 scontext=u:r:hal_gnss_ext_default:s0 tcontext=u:object_r:property_socket:s0 tclass=sock_file permissive=0
05-18 13:46:17.230   458   458 I auditd  : type=1400 audit(0.0:50): avc: denied { read } for comm="Binder:458_2" name="exe" dev="proc" ino=94963 scontext=u:r:systoold:s0 tcontext=u:r:system_server:s0 tclass=lnk_file permissive=1
05-18 14:03:49.856   881   881 I sysui_action: [289,ComponentInfo{com.pax.samplesalea/com.pax.samplesalea.SaleActivity}]
05-18 14:03:49.856   881   881 I sysui_multi_action: [757,289,758,4,806,ComponentInfo{com.pax.samplesalea/com.pax.samplesalea.SaleActivity}]
05-18 14:42:57.741   881   881 I sysui_action: [289,ComponentInfo{com.pax.samplesalea/com.pax.samplesalea.SaleActivity}]
05-18 14:42:57.741   881   881 I sysui_multi_action: [757,289,758,4,806,ComponentInfo{com.pax.samplesalea/com.pax.samplesalea.SaleActivity}]
05-18 14:58:19.182   881   881 I sysui_action: [289,ComponentInfo{com.pax.samplesalea/com.pax.samplesalea.SaleActivity}]
05-18 14:58:19.182   881   881 I sysui_multi_action: [757,289,758,4,806,ComponentInfo{com.pax.samplesalea/com.pax.samplesalea.SaleActivity}]
05-18 15:06:25.662   881   881 I sysui_action: [289,ComponentInfo{com.pax.samplesalea/com.pax.samplesalea.SaleActivity}]
05-18 15:06:25.662   881   881 I sysui_multi_action: [757,289,758,4,806,ComponentInfo{com.pax.samplesalea/com.pax.samplesalea.SaleActivity}]
05-18 15:06:26.200   458   458 I auditd  : type=1400 audit(0.0:51): avc: denied { read } for comm="Binder:458_2" name="exe" dev="proc" ino=94963 scontext=u:r:systoold:s0 tcontext=u:r:system_server:s0 tclass=lnk_file permissive=1
05-18 15:06:26.740   458   458 I auditd  : type=1400 audit(0.0:52): avc: denied { read } for comm="Binder:458_2" name="exe" dev="proc" ino=94963 scontext=u:r:systoold:s0 tcontext=u:r:system_server:s0 tclass=lnk_file permissive=1
05-18 15:06:36.240   486   486 I auditd  : type=1400 audit(0.0:53): avc: denied { write } for comm="libgps_daemon" name="property_service" dev="tmpfs" ino=5198 scontext=u:r:hal_gnss_ext_default:s0 tcontext=u:object_r:property_socket:s0 tclass=sock_file permissive=0
05-18 15:06:37.640   458   458 I auditd  : type=1400 audit(0.0:54): avc: denied { read } for comm="Binder:458_2" name="exe" dev="proc" ino=94963 scontext=u:r:systoold:s0 tcontext=u:r:system_server:s0 tclass=lnk_file permissive=1
05-18 15:06:41.730   458   458 I auditd  : type=1400 audit(0.0:55): avc: denied { read } for comm="Binder:458_2" name="exe" dev="proc" ino=94963 scontext=u:r:systoold:s0 tcontext=u:r:system_server:s0 tclass=lnk_file permissive=1
05-18 15:10:26.363   881   881 I sysui_action: [289,ComponentInfo{com.pax.samplesalea/com.pax.samplesalea.SaleActivity}]
05-18 15:10:26.363   881   881 I sysui_multi_action: [757,289,758,4,806,ComponentInfo{com.pax.samplesalea/com.pax.samplesalea.SaleActivity}]
05-18 15:15:41.525   881   881 I sysui_action: [289,ComponentInfo{com.pax.samplesalea/com.pax.samplesalea.SaleActivity}]
05-18 15:15:41.525   881   881 I sysui_multi_action: [757,289,758,4,806,ComponentInfo{com.pax.samplesalea/com.pax.samplesalea.SaleActivity}]
05-18 15:15:42.251   881   881 I sysui_action: [289,ComponentInfo{com.pax.mainapp/com.pax.mainapp.ManagerActivity}]
05-18 15:15:42.251   881   881 I sysui_multi_action: [757,289,758,4,806,ComponentInfo{com.pax.mainapp/com.pax.mainapp.ManagerActivity}]
05-18 15:15:54.911   458   458 I auditd  : type=1400 audit(0.0:56): avc: denied { read } for comm="systool_server" name="exe" dev="proc" ino=162532 scontext=u:r:systoold:s0 tcontext=u:r:system_server:s0 tclass=lnk_file permissive=1
05-18 16:00:33.701   881   881 I sysui_action: [318,ComponentInfo{com.android.settings/com.android.settings.Settings}]
05-18 16:00:33.701   881   881 I sysui_multi_action: [757,318,758,4,806,ComponentInfo{com.android.settings/com.android.settings.Settings}]
05-18 16:00:37.206   881   881 I sysui_action: [289,ComponentInfo{com.android.settings/com.android.settings.Settings}]
05-18 16:00:37.206   881   881 I sysui_multi_action: [757,289,758,4,806,ComponentInfo{com.android.settings/com.android.settings.Settings}]
05-18 16:04:02.131   458   458 I auditd  : type=1400 audit(0.0:57): avc: denied { read } for comm="systool_server" name="exe" dev="proc" ino=182666 scontext=u:r:systoold:s0 tcontext=u:r:system_server:s0 tclass=lnk_file permissive=1
05-18 16:10:38.981 20061 20061 I auditd  : type=1400 audit(0.0:58): avc: denied { getattr } for comm="ls" path="/productinfo" dev="mmcblk0p1" ino=2 scontext=u:r:shell:s0 tcontext=u:object_r:prod_file:s0 tclass=dir permissive=0
05-18 16:10:38.981 20061 20061 I auditd  : type=1400 audit(0.0:59): avc: denied { getattr } for comm="ls" path="/paxpersist" dev="mmcblk0p43" ino=2 scontext=u:r:shell:s0 tcontext=u:object_r:unlabeled:s0 tclass=dir permissive=0
05-18 16:10:38.981 20061 20061 I auditd  : type=1400 audit(0.0:60): avc: denied { getattr } for comm="ls" path="/pax" dev="mmcblk0p42" ino=2 scontext=u:r:shell:s0 tcontext=u:object_r:unlabeled:s0 tclass=dir permissive=0
05-18 16:10:38.981 20061 20061 I auditd  : type=1400 audit(0.0:61): avc: denied { getattr } for comm="ls" path="/datapersist" dev="mmcblk0p44" ino=2 scontext=u:r:shell:s0 tcontext=u:object_r:unlabeled:s0 tclass=dir permissive=0
05-18 16:10:38.981 20061 20061 I auditd  : type=1400 audit(0.0:62): avc: denied { getattr } for comm="ls" path="/ueventd.sl8541e_1h10_go.rc" dev="rootfs" ino=4746 scontext=u:r:shell:s0 tcontext=u:object_r:rootfs:s0 tclass=file permissive=0
05-18 16:10:38.981 20061 20061 I auditd  : type=1400 audit(0.0:63): avc: denied { getattr } for comm="ls" path="/ueventd.rc" dev="rootfs" ino=4745 scontext=u:r:shell:s0 tcontext=u:object_r:rootfs:s0 tclass=file permissive=0
05-18 16:10:38.981 20061 20061 I auditd  : type=1400 audit(0.0:64): avc: denied { getattr } for comm="ls" path="/init.zygote32.rc" dev="rootfs" ino=4723 scontext=u:r:shell:s0 tcontext=u:object_r:rootfs:s0 tclass=file permissive=0
05-18 16:10:38.981 20061 20061 I auditd  : type=1400 audit(0.0:65): avc: denied { getattr } for comm="ls" path="/init.usb.rc" dev="rootfs" ino=4722 scontext=u:r:shell:s0 tcontext=u:object_r:rootfs:s0 tclass=file permissive=0
05-18 16:10:38.981 20061 20061 I auditd  : type=1400 audit(0.0:66): avc: denied { getattr } for comm="ls" path="/init.usb.configfs.rc" dev="rootfs" ino=4721 scontext=u:r:shell:s0 tcontext=u:object_r:rootfs:s0 tclass=file permissive=0
05-18 16:10:38.981 20061 20061 I auditd  : type=1400 audit(0.0:67): avc: denied { getattr } for comm="ls" path="/init.storage.rc" dev="rootfs" ino=4720 scontext=u:r:shell:s0 tcontext=u:object_r:rootfs:s0 tclass=file permissive=0
05-18 16:10:38.981 20061 20061 I auditd  : type=1400 audit(0.0:68): avc: denied { getattr } for comm="ls" path="/init.sl8541e_1h10_go.usb.rc" dev="rootfs" ino=4719 scontext=u:r:shell:s0 tcontext=u:object_r:rootfs:s0 tclass=file permissive=0
05-18 16:10:38.981 20061 20061 I auditd  : type=1400 audit(0.0:69): avc: denied { getattr } for comm="ls" path="/init.sl8541e_1h10_go.rc" dev="rootfs" ino=4718 scontext=u:r:shell:s0 tcontext=u:object_r:rootfs:s0 tclass=file permissive=0
05-18 16:10:38.981 20061 20061 I auditd  : type=1400 audit(0.0:70): avc: denied { getattr } for comm="ls" path="/init.recovery.sl8541e_1h10_go.rc" dev="rootfs" ino=4717 scontext=u:r:shell:s0 tcontext=u:object_r:rootfs:s0 tclass=file permissive=0
05-18 16:10:38.981 20061 20061 I auditd  : type=1400 audit(0.0:71): avc: denied { getattr } for comm="ls" path="/init.rc" dev="rootfs" ino=4716 scontext=u:r:shell:s0 tcontext=u:object_r:rootfs:s0 tclass=file permissive=0
05-18 16:10:38.981 20061 20061 I auditd  : type=1400 audit(0.0:72): avc: denied { getattr } for comm="ls" path="/init.ram.rc" dev="rootfs" ino=4715 scontext=u:r:shell:s0 tcontext=u:object_r:rootfs:s0 tclass=file permissive=0
05-18 16:10:38.981 20061 20061 I auditd  : type=1400 audit(0.0:73): avc: denied { getattr } for comm="ls" path="/init.paxdroid.wifi.5g.rc" dev="rootfs" ino=4714 scontext=u:r:shell:s0 tcontext=u:object_r:rootfs:s0 tclass=file permissive=0
05-18 16:10:38.981 20061 20061 I auditd  : type=1400 audit(0.0:74): avc: denied { getattr } for comm="ls" path="/init.paxdroid.wifi.2g.rc" dev="rootfs" ino=4713 scontext=u:r:shell:s0 tcontext=u:object_r:rootfs:s0 tclass=file permissive=0
05-18 16:10:38.981 20061 20061 I auditd  : type=1400 audit(0.0:75): avc: denied { getattr } for comm="ls" path="/init.paxdroid.ram.rc" dev="rootfs" ino=4712 scontext=u:r:shell:s0 tcontext=u:object_r:rootfs:s0 tclass=file permissive=0
05-18 16:10:38.981 20061 20061 I auditd  : type=1400 audit(0.0:76): avc: denied { getattr } for comm="ls" path="/init.paxdroid.common.rc" dev="rootfs" ino=4711 scontext=u:r:shell:s0 tcontext=u:object_r:rootfs:s0 tclass=file permissive=0
05-18 16:10:38.981 20061 20061 I auditd  : type=1400 audit(0.0:77): avc: denied { getattr } for comm="ls" path="/init.paxdroid.X4.rc" dev="rootfs" ino=4710 scontext=u:r:shell:s0 tcontext=u:object_r:rootfs:s0 tclass=file permissive=0
05-18 16:10:38.981 20061 20061 I auditd  : type=1400 audit(0.0:78): avc: denied { getattr } for comm="ls" path="/init.paxdroid.T610A.rc" dev="rootfs" ino=4709 scontext=u:r:shell:s0 tcontext=u:object_r:rootfs:s0 tclass=file permissive=0
05-18 16:10:38.981 20061 20061 I auditd  : type=1400 audit(0.0:79): avc: denied { getattr } for comm="ls" path="/init.paxdroid.A920Pro.rc" dev="rootfs" ino=4708 scontext=u:r:shell:s0 tcontext=u:object_r:rootfs:s0 tclass=file permissive=0
05-18 16:10:38.981 20061 20061 I auditd  : type=1400 audit(0.0:80): avc: denied { getattr } for comm="ls" path="/init.paxdroid.A77.rc" dev="rootfs" ino=4707 scontext=u:r:shell:s0 tcontext=u:object_r:rootfs:s0 tclass=file permissive=0
05-18 16:10:38.981 20061 20061 I auditd  : type=1400 audit(0.0:81): avc: denied { getattr } for comm="ls" path="/init.paxdroid.A50.rc" dev="rootfs" ino=4706 scontext=u:r:shell:s0 tcontext=u:object_r:rootfs:s0 tclass=file permissive=0
05-18 16:10:38.981 20061 20061 I auditd  : type=1400 audit(0.0:82): avc: denied { getattr } for comm="ls" path="/init.paxdroid.A30.rc" dev="rootfs" ino=4705 scontext=u:r:shell:s0 tcontext=u:object_r:rootfs:s0 tclass=file permissive=0
05-18 16:10:38.981 20061 20061 I auditd  : type=1400 audit(0.0:83): avc: denied { getattr } for comm="ls" path="/init.pax.usb.rc" dev="rootfs" ino=4704 scontext=u:r:shell:s0 tcontext=u:object_r:rootfs:s0 tclass=file permissive=0
05-18 16:49:09.483   881   881 I sysui_action: [289,ComponentInfo{com.pax.samplesalea/com.pax.samplesalea.SaleActivity}]
05-18 16:49:09.483   881   881 I sysui_multi_action: [757,289,758,4,806,ComponentInfo{com.pax.samplesalea/com.pax.samplesalea.SaleActivity}]
05-18 17:07:16.219   881   881 I sysui_action: [289,ComponentInfo{com.pax.samplesalea/com.pax.samplesalea.SaleActivity}]
05-18 17:07:16.219   881   881 I sysui_multi_action: [757,289,758,4,806,ComponentInfo{com.pax.samplesalea/com.pax.samplesalea.SaleActivity}]
05-18 17:12:51.732   881   881 I sysui_action: [289,ComponentInfo{com.pax.samplesalea/com.pax.samplesalea.SaleActivity}]
05-18 17:12:51.732   881   881 I sysui_multi_action: [757,289,758,4,806,ComponentInfo{com.pax.samplesalea/com.pax.samplesalea.SaleActivity}]
05-18 17:13:55.885   881   881 I sysui_action: [289,ComponentInfo{com.pax.samplesalea/com.pax.samplesalea.SaleActivity}]
05-18 17:13:55.885   881   881 I sysui_multi_action: [757,289,758,4,806,ComponentInfo{com.pax.samplesalea/com.pax.samplesalea.SaleActivity}]
05-18 17:21:36.744   881   881 I sysui_action: [289,ComponentInfo{com.pax.samplesalea/com.pax.samplesalea.SaleActivity}]
05-18 17:21:36.744   881   881 I sysui_multi_action: [757,289,758,4,806,ComponentInfo{com.pax.samplesalea/com.pax.samplesalea.SaleActivity}]
05-18 17:28:37.001   881   881 I sysui_action: [289,ComponentInfo{com.pax.samplesalea/com.pax.samplesalea.SaleActivity}]
05-18 17:28:37.001   881   881 I sysui_multi_action: [757,289,758,4,806,ComponentInfo{com.pax.samplesalea/com.pax.samplesalea.SaleActivity}]
05-18 17:41:35.346   853   935 D RILJ    : [3846]< OPERATOR {TURKCELL, TURKCELL, 28601} [SUB0]
05-18 17:41:35.350   853   935 D RILJ    : [3847]< DATA_REGISTRATION_STATE {.regState = NOT_REG_MT_NOT_SEARCHING_OP_EM, .rat = 11, .reasonDataDenied = -1, .maxDataCalls = 3, .cellIdentity = {.cellInfoType = WCDMA, .cellIdentityGsm = [], .cellIdentityWcdma = [{.mcc = -1, .mnc = -1, .lac = 257, .cid = 157456452, .psc = -1, .uarfcn = -1}], .cellIdentityCdma = [], .cellIdentityLte = [], .cellIdentityTdscdma = []}} [SUB0]
05-18 17:41:35.351   853   935 D RILJ    : [3848]< VOICE_REGISTRATION_STATE {.regState = NOT_REG_MT_NOT_SEARCHING_OP_EM, .rat = 11, .cssSupported = false, .roamingIndicator = -1, .systemIsInPrl = 0, .defaultRoamingIndicator = 0, .reasonForDenial = 0, .cellIdentity = {.cellInfoType = WCDMA, .cellIdentityGsm = [], .cellIdentityWcdma = [{.mcc = -1, .mnc = -1, .lac = 60334, .cid = 157456452, .psc = -1, .uarfcn = -1}], .cellIdentityCdma = [], .cellIdentityLte = [], .cellIdentityTdscdma = []}} [SUB0]
05-18 17:41:35.352   853   935 D RILJ    : [3849]< QUERY_NETWORK_SELECTION_MODE {0} [SUB0]
05-18 17:41:35.352   853   935 D RILJ    : [3850]< OPERATOR {TURKCELL, TURKCELL, 28601} [SUB0]
05-18 17:41:35.353   853   935 D RILJ    : [3851]< DATA_REGISTRATION_STATE {.regState = NOT_REG_MT_NOT_SEARCHING_OP_EM, .rat = 11, .reasonDataDenied = -1, .maxDataCalls = 3, .cellIdentity = {.cellInfoType = WCDMA, .cellIdentityGsm = [], .cellIdentityWcdma = [{.mcc = -1, .mnc = -1, .lac = 257, .cid = 157456452, .psc = -1, .uarfcn = -1}], .cellIdentityCdma = [], .cellIdentityLte = [], .cellIdentityTdscdma = []}} [SUB0]
05-18 17:41:35.354   853   935 D RILJ    : [3852]< VOICE_REGISTRATION_STATE {.regState = NOT_REG_MT_NOT_SEARCHING_OP_EM, .rat = 11, .cssSupported = false, .roamingIndicator = -1, .systemIsInPrl = 0, .defaultRoamingIndicator = 0, .reasonForDenial = 0, .cellIdentity = {.cellInfoType = WCDMA, .cellIdentityGsm = [], .cellIdentityWcdma = [{.mcc = -1, .mnc = -1, .lac = 60334, .cid = 157456452, .psc = -1, .uarfcn = -1}], .cellIdentityCdma = [], .cellIdentityLte = [], .cellIdentityTdscdma = []}} [SUB0]
05-18 17:41:35.355   853   935 D RILJ    : [3853]< QUERY_NETWORK_SELECTION_MODE {0} [SUB0]
05-18 17:41:35.364   853   853 D SST     : Poll ServiceState done:  oldSS=[{mVoiceRegState=1(OUT_OF_SERVICE), mDataRegState=1(OUT_OF_SERVICE), mVoiceRoamingType=home, mDataRoamingType=home, mVoiceOperatorAlphaLong=TURKCELL, mVoiceOperatorAlphaShort=TURKCELL, mDataOperatorAlphaLong=TURKCELL, mDataOperatorAlphaShort=TURKCELL, isManualNetworkSelection=false(automatic), mRilVoiceRadioTechnology=11(HSPA), mRilDataRadioTechnology=11(HSPA), mCssIndicator=unsupported, mNetworkId=-1, mSystemId=-1, mCdmaRoamingIndicator=-1, mCdmaDefaultRoamingIndicator=-1, mIsEmergencyOnly=true, mIsDataRoamingFromRegistration=false, mIsUsingCarrierAggregation=false, mLteEarfcnRsrpBoost=0}] newSS=[{mVoiceRegState=1(OUT_OF_SERVICE), mDataRegState=1(OUT_OF_SERVICE), mVoiceRoamingType=home, mDataRoamingType=home, mVoiceOperatorAlphaLong=TURKCELL, mVoiceOperatorAlphaShort=TURKCELL, mDataOperatorAlphaLong=TURKCELL, mDataOperatorAlphaShort=TURKCELL, isManualNetworkSelection=false(automatic), mRilVoiceRadioTechnology=11(HSPA), mRilDataRadioTechnology=11(HSPA), mCssIndicator=unsupported, mNetworkId=-1, mSystemId=-1, mCdmaRoamingIndicator=-1, mCdmaDefaultRoamingIndicator=-1, mIsEmergencyOnly=true, mIsDataRoamingFromRegistration=false, mIsUsingCarrierAggregation=false, mLteEarfcnRsrpBoost=0}] oldMaxDataCalls=3 mNewMaxDataCalls=3 oldReasonDataDenied=-1 mNewReasonDataDenied=-1
05-18 17:42:12.675   881   881 I sysui_action: [289,ComponentInfo{com.pax.samplesalea/com.pax.samplesalea.SaleActivity}]
05-18 17:42:12.675   881   881 I sysui_multi_action: [757,289,758,4,806,ComponentInfo{com.pax.samplesalea/com.pax.samplesalea.SaleActivity}]
05-18 17:43:57.849   881   881 I sysui_action: [289,ComponentInfo{com.pax.samplesalea/com.pax.samplesalea.SaleActivity}]
05-18 17:43:57.849   881   881 I sysui_multi_action: [757,289,758,4,806,ComponentInfo{com.pax.samplesalea/com.pax.samplesalea.SaleActivity}]
05-18 17:47:23.427   881   881 I sysui_action: [289,ComponentInfo{com.pax.samplesalea/com.pax.samplesalea.SaleActivity}]
05-18 17:47:23.427   881   881 I sysui_multi_action: [757,289,758,4,806,ComponentInfo{com.pax.samplesalea/com.pax.samplesalea.SaleActivity}]
05-18 17:53:08.921   881   881 I sysui_action: [289,ComponentInfo{com.pax.samplesalea/com.pax.samplesalea.SaleActivity}]
05-18 17:53:08.922   881   881 I sysui_multi_action: [757,289,758,4,806,ComponentInfo{com.pax.samplesalea/com.pax.samplesalea.SaleActivity}]
05-18 17:55:42.705   881   881 I sysui_action: [289,ComponentInfo{com.pax.samplesalea/com.pax.samplesalea.SaleActivity}]
05-18 17:55:42.705   881   881 I sysui_multi_action: [757,289,758,4,806,ComponentInfo{com.pax.samplesalea/com.pax.samplesalea.SaleActivity}]
05-18 17:56:07.540   881   881 I sysui_action: [289,ComponentInfo{com.pax.samplesalea/com.pax.samplesalea.SaleActivity}]
05-18 17:56:07.540   881   881 I sysui_multi_action: [757,289,758,4,806,ComponentInfo{com.pax.samplesalea/com.pax.samplesalea.SaleActivity}]
05-18 17:57:28.037   881   881 I sysui_action: [289,ComponentInfo{com.pax.samplesalea/com.pax.samplesalea.SaleActivity}]
05-18 17:57:28.037   881   881 I sysui_multi_action: [757,289,758,4,806,ComponentInfo{com.pax.samplesalea/com.pax.samplesalea.SaleActivity}]
05-18 17:59:53.476   881   881 I sysui_action: [289,ComponentInfo{com.pax.samplesalea/com.pax.samplesalea.SaleActivity}]
05-18 17:59:53.476   881   881 I sysui_multi_action: [757,289,758,4,806,ComponentInfo{com.pax.samplesalea/com.pax.samplesalea.SaleActivity}]
05-18 18:01:24.352   881   881 I sysui_action: [289,ComponentInfo{com.pax.samplesalea/com.pax.samplesalea.SaleActivity}]
05-18 18:01:24.352   881   881 I sysui_multi_action: [757,289,758,4,806,ComponentInfo{com.pax.samplesalea/com.pax.samplesalea.SaleActivity}]
05-18 18:05:36.088   881   881 I sysui_action: [289,ComponentInfo{com.pax.samplesalea/com.pax.samplesalea.SaleActivity}]
05-18 18:05:36.088   881   881 I sysui_multi_action: [757,289,758,4,806,ComponentInfo{com.pax.samplesalea/com.pax.samplesalea.SaleActivity}]
05-18 18:18:24.290   853   935 D RILJ    : [3854]< OPERATOR {TURKCELL, TURKCELL, 28601} [SUB0]
05-18 18:18:24.293   853   935 D RILJ    : [3855]< DATA_REGISTRATION_STATE {.regState = NOT_REG_MT_NOT_SEARCHING_OP_EM, .rat = 11, .reasonDataDenied = -1, .maxDataCalls = 3, .cellIdentity = {.cellInfoType = WCDMA, .cellIdentityGsm = [], .cellIdentityWcdma = [{.mcc = -1, .mnc = -1, .lac = 257, .cid = 157421557, .psc = -1, .uarfcn = -1}], .cellIdentityCdma = [], .cellIdentityLte = [], .cellIdentityTdscdma = []}} [SUB0]
05-18 18:18:24.294   853   935 D RILJ    : [3856]< VOICE_REGISTRATION_STATE {.regState = NOT_REG_MT_NOT_SEARCHING_OP_EM, .rat = 11, .cssSupported = false, .roamingIndicator = -1, .systemIsInPrl = 0, .defaultRoamingIndicator = 0, .reasonForDenial = 0, .cellIdentity = {.cellInfoType = WCDMA, .cellIdentityGsm = [], .cellIdentityWcdma = [{.mcc = -1, .mnc = -1, .lac = 60334, .cid = 157421557, .psc = -1, .uarfcn = -1}], .cellIdentityCdma = [], .cellIdentityLte = [], .cellIdentityTdscdma = []}} [SUB0]
05-18 18:18:24.295   853   935 D RILJ    : [3857]< QUERY_NETWORK_SELECTION_MODE {0} [SUB0]
05-18 18:18:24.296   853   935 D RILJ    : [3858]< OPERATOR {TURKCELL, TURKCELL, 28601} [SUB0]
05-18 18:18:24.297   853   935 D RILJ    : [3859]< DATA_REGISTRATION_STATE {.regState = NOT_REG_MT_NOT_SEARCHING_OP_EM, .rat = 11, .reasonDataDenied = -1, .maxDataCalls = 3, .cellIdentity = {.cellInfoType = WCDMA, .cellIdentityGsm = [], .cellIdentityWcdma = [{.mcc = -1, .mnc = -1, .lac = 257, .cid = 157421557, .psc = -1, .uarfcn = -1}], .cellIdentityCdma = [], .cellIdentityLte = [], .cellIdentityTdscdma = []}} [SUB0]
05-18 18:18:24.298   853   935 D RILJ    : [3860]< VOICE_REGISTRATION_STATE {.regState = NOT_REG_MT_NOT_SEARCHING_OP_EM, .rat = 11, .cssSupported = false, .roamingIndicator = -1, .systemIsInPrl = 0, .defaultRoamingIndicator = 0, .reasonForDenial = 0, .cellIdentity = {.cellInfoType = WCDMA, .cellIdentityGsm = [], .cellIdentityWcdma = [{.mcc = -1, .mnc = -1, .lac = 60334, .cid = 157421557, .psc = -1, .uarfcn = -1}], .cellIdentityCdma = [], .cellIdentityLte = [], .cellIdentityTdscdma = []}} [SUB0]
05-18 18:18:24.299   853   935 D RILJ    : [3861]< QUERY_NETWORK_SELECTION_MODE {0} [SUB0]
05-18 18:18:24.308   853   853 D SST     : Poll ServiceState done:  oldSS=[{mVoiceRegState=1(OUT_OF_SERVICE), mDataRegState=1(OUT_OF_SERVICE), mVoiceRoamingType=home, mDataRoamingType=home, mVoiceOperatorAlphaLong=TURKCELL, mVoiceOperatorAlphaShort=TURKCELL, mDataOperatorAlphaLong=TURKCELL, mDataOperatorAlphaShort=TURKCELL, isManualNetworkSelection=false(automatic), mRilVoiceRadioTechnology=11(HSPA), mRilDataRadioTechnology=11(HSPA), mCssIndicator=unsupported, mNetworkId=-1, mSystemId=-1, mCdmaRoamingIndicator=-1, mCdmaDefaultRoamingIndicator=-1, mIsEmergencyOnly=true, mIsDataRoamingFromRegistration=false, mIsUsingCarrierAggregation=false, mLteEarfcnRsrpBoost=0}] newSS=[{mVoiceRegState=1(OUT_OF_SERVICE), mDataRegState=1(OUT_OF_SERVICE), mVoiceRoamingType=home, mDataRoamingType=home, mVoiceOperatorAlphaLong=TURKCELL, mVoiceOperatorAlphaShort=TURKCELL, mDataOperatorAlphaLong=TURKCELL, mDataOperatorAlphaShort=TURKCELL, isManualNetworkSelection=false(automatic), mRilVoiceRadioTechnology=11(HSPA), mRilDataRadioTechnology=11(HSPA), mCssIndicator=unsupported, mNetworkId=-1, mSystemId=-1, mCdmaRoamingIndicator=-1, mCdmaDefaultRoamingIndicator=-1, mIsEmergencyOnly=true, mIsDataRoamingFromRegistration=false, mIsUsingCarrierAggregation=false, mLteEarfcnRsrpBoost=0}] oldMaxDataCalls=3 mNewMaxDataCalls=3 oldReasonDataDenied=-1 mNewReasonDataDenied=-1
05-18 18:20:50.756   881   881 I sysui_action: [289,ComponentInfo{com.pax.samplesalea/com.pax.samplesalea.SaleActivity}]
05-18 18:20:50.756   881   881 I sysui_multi_action: [757,289,758,4,806,ComponentInfo{com.pax.samplesalea/com.pax.samplesalea.SaleActivity}]
05-18 18:27:40.056   853   935 D RILJ    : [3862]< OPERATOR {TURKCELL, TURKCELL, 28601} [SUB0]
05-18 18:27:40.059   853   935 D RILJ    : [3863]< DATA_REGISTRATION_STATE {.regState = NOT_REG_MT_NOT_SEARCHING_OP_EM, .rat = 11, .reasonDataDenied = -1, .maxDataCalls = 3, .cellIdentity = {.cellInfoType = WCDMA, .cellIdentityGsm = [], .cellIdentityWcdma = [{.mcc = -1, .mnc = -1, .lac = 257, .cid = 157436644, .psc = -1, .uarfcn = -1}], .cellIdentityCdma = [], .cellIdentityLte = [], .cellIdentityTdscdma = []}} [SUB0]
05-18 18:27:40.061   853   935 D RILJ    : [3864]< VOICE_REGISTRATION_STATE {.regState = NOT_REG_MT_NOT_SEARCHING_OP_EM, .rat = 11, .cssSupported = false, .roamingIndicator = -1, .systemIsInPrl = 0, .defaultRoamingIndicator = 0, .reasonForDenial = 0, .cellIdentity = {.cellInfoType = WCDMA, .cellIdentityGsm = [], .cellIdentityWcdma = [{.mcc = -1, .mnc = -1, .lac = 60334, .cid = 157436644, .psc = -1, .uarfcn = -1}], .cellIdentityCdma = [], .cellIdentityLte = [], .cellIdentityTdscdma = []}} [SUB0]
05-18 18:27:40.063   853   935 D RILJ    : [3865]< QUERY_NETWORK_SELECTION_MODE {0} [SUB0]
05-18 18:27:40.066   853   935 D RILJ    : [3866]< OPERATOR {TURKCELL, TURKCELL, 28601} [SUB0]
05-18 18:27:40.069   853   935 D RILJ    : [3867]< DATA_REGISTRATION_STATE {.regState = NOT_REG_MT_NOT_SEARCHING_OP_EM, .rat = 11, .reasonDataDenied = -1, .maxDataCalls = 3, .cellIdentity = {.cellInfoType = WCDMA, .cellIdentityGsm = [], .cellIdentityWcdma = [{.mcc = -1, .mnc = -1, .lac = 257, .cid = 157436644, .psc = -1, .uarfcn = -1}], .cellIdentityCdma = [], .cellIdentityLte = [], .cellIdentityTdscdma = []}} [SUB0]
05-18 18:27:40.070   853   935 D RILJ    : [3868]< VOICE_REGISTRATION_STATE {.regState = NOT_REG_MT_NOT_SEARCHING_OP_EM, .rat = 11, .cssSupported = false, .roamingIndicator = -1, .systemIsInPrl = 0, .defaultRoamingIndicator = 0, .reasonForDenial = 0, .cellIdentity = {.cellInfoType = WCDMA, .cellIdentityGsm = [], .cellIdentityWcdma = [{.mcc = -1, .mnc = -1, .lac = 60334, .cid = 157436644, .psc = -1, .uarfcn = -1}], .cellIdentityCdma = [], .cellIdentityLte = [], .cellIdentityTdscdma = []}} [SUB0]
05-18 18:27:40.070   853   935 D RILJ    : [3869]< QUERY_NETWORK_SELECTION_MODE {0} [SUB0]
05-18 18:27:40.072   853   853 D SST     : Poll ServiceState done:  oldSS=[{mVoiceRegState=1(OUT_OF_SERVICE), mDataRegState=1(OUT_OF_SERVICE), mVoiceRoamingType=home, mDataRoamingType=home, mVoiceOperatorAlphaLong=TURKCELL, mVoiceOperatorAlphaShort=TURKCELL, mDataOperatorAlphaLong=TURKCELL, mDataOperatorAlphaShort=TURKCELL, isManualNetworkSelection=false(automatic), mRilVoiceRadioTechnology=11(HSPA), mRilDataRadioTechnology=11(HSPA), mCssIndicator=unsupported, mNetworkId=-1, mSystemId=-1, mCdmaRoamingIndicator=-1, mCdmaDefaultRoamingIndicator=-1, mIsEmergencyOnly=true, mIsDataRoamingFromRegistration=false, mIsUsingCarrierAggregation=false, mLteEarfcnRsrpBoost=0}] newSS=[{mVoiceRegState=1(OUT_OF_SERVICE), mDataRegState=1(OUT_OF_SERVICE), mVoiceRoamingType=home, mDataRoamingType=home, mVoiceOperatorAlphaLong=TURKCELL, mVoiceOperatorAlphaShort=TURKCELL, mDataOperatorAlphaLong=TURKCELL, mDataOperatorAlphaShort=TURKCELL, isManualNetworkSelection=false(automatic), mRilVoiceRadioTechnology=11(HSPA), mRilDataRadioTechnology=11(HSPA), mCssIndicator=unsupported, mNetworkId=-1, mSystemId=-1, mCdmaRoamingIndicator=-1, mCdmaDefaultRoamingIndicator=-1, mIsEmergencyOnly=true, mIsDataRoamingFromRegistration=false, mIsUsingCarrierAggregation=false, mLteEarfcnRsrpBoost=0}] oldMaxDataCalls=3 mNewMaxDataCalls=3 oldReasonDataDenied=-1 mNewReasonDataDenied=-1
05-18 18:30:13.523   853   935 D RILJ    : [3882]< OPERATOR {TURKCELL, TURKCELL, 28601} [SUB0]
05-18 18:30:13.525   853   935 D RILJ    : [3883]< DATA_REGISTRATION_STATE {.regState = NOT_REG_MT_NOT_SEARCHING_OP_EM, .rat = 11, .reasonDataDenied = -1, .maxDataCalls = 3, .cellIdentity = {.cellInfoType = WCDMA, .cellIdentityGsm = [], .cellIdentityWcdma = [{.mcc = -1, .mnc = -1, .lac = 257, .cid = 157436644, .psc = -1, .uarfcn = -1}], .cellIdentityCdma = [], .cellIdentityLte = [], .cellIdentityTdscdma = []}} [SUB0]
05-18 18:30:13.527   853   935 D RILJ    : [3884]< VOICE_REGISTRATION_STATE {.regState = NOT_REG_MT_NOT_SEARCHING_OP_EM, .rat = 11, .cssSupported = false, .roamingIndicator = -1, .systemIsInPrl = 0, .defaultRoamingIndicator = 0, .reasonForDenial = 0, .cellIdentity = {.cellInfoType = WCDMA, .cellIdentityGsm = [], .cellIdentityWcdma = [{.mcc = -1, .mnc = -1, .lac = 60334, .cid = 157436644, .psc = -1, .uarfcn = -1}], .cellIdentityCdma = [], .cellIdentityLte = [], .cellIdentityTdscdma = []}} [SUB0]
05-18 18:30:13.529   853   935 D RILJ    : [3885]< QUERY_NETWORK_SELECTION_MODE {0} [SUB0]
05-18 18:30:13.531   853   935 D RilRequest: [3886]< OPERATOR error: com.android.internal.telephony.CommandException: RADIO_NOT_AVAILABLE ret={, , }
05-18 18:30:13.532   853   935 D RilRequest: [3887]< DATA_REGISTRATION_STATE error: com.android.internal.telephony.CommandException: RADIO_NOT_AVAILABLE ret={.regState = NOT_REG_MT_NOT_SEARCHING_OP, .rat = 0, .reasonDataDenied = 0, .maxDataCalls = 0, .cellIdentity = {.cellInfoType = NONE, .cellIdentityGsm = [], .cellIdentityWcdma = [], .cellIdentityCdma = [], .cellIdentityLte = [], .cellIdentityTdscdma = []}}
05-18 18:30:13.533   853   935 D RilRequest: [3888]< VOICE_REGISTRATION_STATE error: com.android.internal.telephony.CommandException: RADIO_NOT_AVAILABLE ret={.regState = NOT_REG_MT_NOT_SEARCHING_OP, .rat = 0, .cssSupported = false, .roamingIndicator = 0, .systemIsInPrl = 0, .defaultRoamingIndicator = 0, .reasonForDenial = 0, .cellIdentity = {.cellInfoType = NONE, .cellIdentityGsm = [], .cellIdentityWcdma = [], .cellIdentityCdma = [], .cellIdentityLte = [], .cellIdentityTdscdma = []}}
05-18 18:30:13.534   853   935 D RILJ    : [3889]< QUERY_NETWORK_SELECTION_MODE {0} [SUB1]
05-18 18:30:13.535   853   853 D SST     : Poll ServiceState done:  oldSS=[{mVoiceRegState=1(OUT_OF_SERVICE), mDataRegState=1(OUT_OF_SERVICE), mVoiceRoamingType=home, mDataRoamingType=home, mVoiceOperatorAlphaLong=TURKCELL, mVoiceOperatorAlphaShort=TURKCELL, mDataOperatorAlphaLong=TURKCELL, mDataOperatorAlphaShort=TURKCELL, isManualNetworkSelection=false(automatic), mRilVoiceRadioTechnology=11(HSPA), mRilDataRadioTechnology=11(HSPA), mCssIndicator=unsupported, mNetworkId=-1, mSystemId=-1, mCdmaRoamingIndicator=-1, mCdmaDefaultRoamingIndicator=-1, mIsEmergencyOnly=true, mIsDataRoamingFromRegistration=false, mIsUsingCarrierAggregation=false, mLteEarfcnRsrpBoost=0}] newSS=[{mVoiceRegState=1(OUT_OF_SERVICE), mDataRegState=1(OUT_OF_SERVICE), mVoiceRoamingType=home, mDataRoamingType=home, mVoiceOperatorAlphaLong=TURKCELL, mVoiceOperatorAlphaShort=TURKCELL, mDataOperatorAlphaLong=TURKCELL, mDataOperatorAlphaShort=TURKCELL, isManualNetworkSelection=false(automatic), mRilVoiceRadioTechnology=11(HSPA), mRilDataRadioTechnology=11(HSPA), mCssIndicator=unsupported, mNetworkId=-1, mSystemId=-1, mCdmaRoamingIndicator=-1, mCdmaDefaultRoamingIndicator=-1, mIsEmergencyOnly=true, mIsDataRoamingFromRegistration=false, mIsUsingCarrierAggregation=false, mLteEarfcnRsrpBoost=0}] oldMaxDataCalls=3 mNewMaxDataCalls=3 oldReasonDataDenied=-1 mNewReasonDataDenied=-1
05-18 18:30:59.471   853   935 D RILJ    : [3902]< OPERATOR {TURKCELL, TURKCELL, 28601} [SUB0]
05-18 18:30:59.477   853   935 D RILJ    : [3903]< DATA_REGISTRATION_STATE {.regState = NOT_REG_MT_NOT_SEARCHING_OP_EM, .rat = 11, .reasonDataDenied = -1, .maxDataCalls = 3, .cellIdentity = {.cellInfoType = WCDMA, .cellIdentityGsm = [], .cellIdentityWcdma = [{.mcc = -1, .mnc = -1, .lac = 257, .cid = 157436644, .psc = -1, .uarfcn = -1}], .cellIdentityCdma = [], .cellIdentityLte = [], .cellIdentityTdscdma = []}} [SUB0]
05-18 18:30:59.481   853   935 D RILJ    : [3904]< VOICE_REGISTRATION_STATE {.regState = NOT_REG_MT_NOT_SEARCHING_OP_EM, .rat = 11, .cssSupported = false, .roamingIndicator = -1, .systemIsInPrl = 0, .defaultRoamingIndicator = 0, .reasonForDenial = 0, .cellIdentity = {.cellInfoType = WCDMA, .cellIdentityGsm = [], .cellIdentityWcdma = [{.mcc = -1, .mnc = -1, .lac = 60334, .cid = 157436644, .psc = -1, .uarfcn = -1}], .cellIdentityCdma = [], .cellIdentityLte = [], .cellIdentityTdscdma = []}} [SUB0]
05-18 18:30:59.481   853   935 D RilRequest: [3906]< OPERATOR error: com.android.internal.telephony.CommandException: RADIO_NOT_AVAILABLE ret={, , }
05-18 18:30:59.482   853   935 D RILJ    : [3905]< QUERY_NETWORK_SELECTION_MODE {0} [SUB0]
05-18 18:30:59.489   853   853 D SST     : Poll ServiceState done:  oldSS=[{mVoiceRegState=1(OUT_OF_SERVICE), mDataRegState=1(OUT_OF_SERVICE), mVoiceRoamingType=home, mDataRoamingType=home, mVoiceOperatorAlphaLong=TURKCELL, mVoiceOperatorAlphaShort=TURKCELL, mDataOperatorAlphaLong=TURKCELL, mDataOperatorAlphaShort=TURKCELL, isManualNetworkSelection=false(automatic), mRilVoiceRadioTechnology=11(HSPA), mRilDataRadioTechnology=11(HSPA), mCssIndicator=unsupported, mNetworkId=-1, mSystemId=-1, mCdmaRoamingIndicator=-1, mCdmaDefaultRoamingIndicator=-1, mIsEmergencyOnly=true, mIsDataRoamingFromRegistration=false, mIsUsingCarrierAggregation=false, mLteEarfcnRsrpBoost=0}] newSS=[{mVoiceRegState=1(OUT_OF_SERVICE), mDataRegState=1(OUT_OF_SERVICE), mVoiceRoamingType=home, mDataRoamingType=home, mVoiceOperatorAlphaLong=TURKCELL, mVoiceOperatorAlphaShort=TURKCELL, mDataOperatorAlphaLong=TURKCELL, mDataOperatorAlphaShort=TURKCELL, isManualNetworkSelection=false(automatic), mRilVoiceRadioTechnology=11(HSPA), mRilDataRadioTechnology=11(HSPA), mCssIndicator=unsupported, mNetworkId=-1, mSystemId=-1, mCdmaRoamingIndicator=-1, mCdmaDefaultRoamingIndicator=-1, mIsEmergencyOnly=true, mIsDataRoamingFromRegistration=false, mIsUsingCarrierAggregation=false, mLteEarfcnRsrpBoost=0}] oldMaxDataCalls=3 mNewMaxDataCalls=3 oldReasonDataDenied=-1 mNewReasonDataDenied=-1
05-18 18:30:59.510   853   935 D RilRequest: [3907]< DATA_REGISTRATION_STATE error: com.android.internal.telephony.CommandException: RADIO_NOT_AVAILABLE ret={.regState = NOT_REG_MT_NOT_SEARCHING_OP, .rat = 0, .reasonDataDenied = 0, .maxDataCalls = 0, .cellIdentity = {.cellInfoType = NONE, .cellIdentityGsm = [], .cellIdentityWcdma = [], .cellIdentityCdma = [], .cellIdentityLte = [], .cellIdentityTdscdma = []}}
05-18 18:30:59.510   853   935 D RilRequest: [3908]< VOICE_REGISTRATION_STATE error: com.android.internal.telephony.CommandException: RADIO_NOT_AVAILABLE ret={.regState = NOT_REG_MT_NOT_SEARCHING_OP, .rat = 0, .cssSupported = false, .roamingIndicator = 0, .systemIsInPrl = 0, .defaultRoamingIndicator = 0, .reasonForDenial = 0, .cellIdentity = {.cellInfoType = NONE, .cellIdentityGsm = [], .cellIdentityWcdma = [], .cellIdentityCdma = [], .cellIdentityLte = [], .cellIdentityTdscdma = []}}
05-18 18:30:59.511   853   935 D RILJ    : [3909]< QUERY_NETWORK_SELECTION_MODE {0} [SUB1]
05-18 18:32:31.398   853   935 D RILJ    : [3922]< OPERATOR {TURKCELL, TURKCELL, 28601} [SUB0]
05-18 18:32:31.400   853   935 D RILJ    : [3923]< DATA_REGISTRATION_STATE {.regState = NOT_REG_MT_NOT_SEARCHING_OP_EM, .rat = 11, .reasonDataDenied = -1, .maxDataCalls = 3, .cellIdentity = {.cellInfoType = WCDMA, .cellIdentityGsm = [], .cellIdentityWcdma = [{.mcc = -1, .mnc = -1, .lac = 257, .cid = 157436644, .psc = -1, .uarfcn = -1}], .cellIdentityCdma = [], .cellIdentityLte = [], .cellIdentityTdscdma = []}} [SUB0]
05-18 18:32:31.401   853   935 D RILJ    : [3924]< VOICE_REGISTRATION_STATE {.regState = NOT_REG_MT_NOT_SEARCHING_OP_EM, .rat = 11, .cssSupported = false, .roamingIndicator = -1, .systemIsInPrl = 0, .defaultRoamingIndicator = 0, .reasonForDenial = 0, .cellIdentity = {.cellInfoType = WCDMA, .cellIdentityGsm = [], .cellIdentityWcdma = [{.mcc = -1, .mnc = -1, .lac = 60334, .cid = 157436644, .psc = -1, .uarfcn = -1}], .cellIdentityCdma = [], .cellIdentityLte = [], .cellIdentityTdscdma = []}} [SUB0]
05-18 18:32:31.402   853   935 D RilRequest: [3926]< OPERATOR error: com.android.internal.telephony.CommandException: RADIO_NOT_AVAILABLE ret={, , }
05-18 18:32:31.402   853   935 D RILJ    : [3925]< QUERY_NETWORK_SELECTION_MODE {0} [SUB0]
05-18 18:32:31.404   853   935 D RilRequest: [3927]< DATA_REGISTRATION_STATE error: com.android.internal.telephony.CommandException: RADIO_NOT_AVAILABLE ret={.regState = NOT_REG_MT_NOT_SEARCHING_OP, .rat = 0, .reasonDataDenied = 0, .maxDataCalls = 0, .cellIdentity = {.cellInfoType = NONE, .cellIdentityGsm = [], .cellIdentityWcdma = [], .cellIdentityCdma = [], .cellIdentityLte = [], .cellIdentityTdscdma = []}}
05-18 18:32:31.405   853   935 D RilRequest: [3928]< VOICE_REGISTRATION_STATE error: com.android.internal.telephony.CommandException: RADIO_NOT_AVAILABLE ret={.regState = NOT_REG_MT_NOT_SEARCHING_OP, .rat = 0, .cssSupported = false, .roamingIndicator = 0, .systemIsInPrl = 0, .defaultRoamingIndicator = 0, .reasonForDenial = 0, .cellIdentity = {.cellInfoType = NONE, .cellIdentityGsm = [], .cellIdentityWcdma = [], .cellIdentityCdma = [], .cellIdentityLte = [], .cellIdentityTdscdma = []}}
05-18 18:32:31.405   853   853 D SST     : Poll ServiceState done:  oldSS=[{mVoiceRegState=1(OUT_OF_SERVICE), mDataRegState=1(OUT_OF_SERVICE), mVoiceRoamingType=home, mDataRoamingType=home, mVoiceOperatorAlphaLong=TURKCELL, mVoiceOperatorAlphaShort=TURKCELL, mDataOperatorAlphaLong=TURKCELL, mDataOperatorAlphaShort=TURKCELL, isManualNetworkSelection=false(automatic), mRilVoiceRadioTechnology=11(HSPA), mRilDataRadioTechnology=11(HSPA), mCssIndicator=unsupported, mNetworkId=-1, mSystemId=-1, mCdmaRoamingIndicator=-1, mCdmaDefaultRoamingIndicator=-1, mIsEmergencyOnly=true, mIsDataRoamingFromRegistration=false, mIsUsingCarrierAggregation=false, mLteEarfcnRsrpBoost=0}] newSS=[{mVoiceRegState=1(OUT_OF_SERVICE), mDataRegState=1(OUT_OF_SERVICE), mVoiceRoamingType=home, mDataRoamingType=home, mVoiceOperatorAlphaLong=TURKCELL, mVoiceOperatorAlphaShort=TURKCELL, mDataOperatorAlphaLong=TURKCELL, mDataOperatorAlphaShort=TURKCELL, isManualNetworkSelection=false(automatic), mRilVoiceRadioTechnology=11(HSPA), mRilDataRadioTechnology=11(HSPA), mCssIndicator=unsupported, mNetworkId=-1, mSystemId=-1, mCdmaRoamingIndicator=-1, mCdmaDefaultRoamingIndicator=-1, mIsEmergencyOnly=true, mIsDataRoamingFromRegistration=false, mIsUsingCarrierAggregation=false, mLteEarfcnRsrpBoost=0}] oldMaxDataCalls=3 mNewMaxDataCalls=3 oldReasonDataDenied=-1 mNewReasonDataDenied=-1
05-18 18:32:31.405   853   935 D RILJ    : [3929]< QUERY_NETWORK_SELECTION_MODE {0} [SUB1]
05-18 18:33:17.356   853   935 D RILJ    : [3942]< OPERATOR {TURKCELL, TURKCELL, 28601} [SUB0]
05-18 18:33:17.358   853   935 D RILJ    : [3943]< DATA_REGISTRATION_STATE {.regState = NOT_REG_MT_NOT_SEARCHING_OP_EM, .rat = 11, .reasonDataDenied = -1, .maxDataCalls = 3, .cellIdentity = {.cellInfoType = WCDMA, .cellIdentityGsm = [], .cellIdentityWcdma = [{.mcc = -1, .mnc = -1, .lac = 257, .cid = 157436644, .psc = -1, .uarfcn = -1}], .cellIdentityCdma = [], .cellIdentityLte = [], .cellIdentityTdscdma = []}} [SUB0]
05-18 18:33:17.360   853   935 D RILJ    : [3944]< VOICE_REGISTRATION_STATE {.regState = NOT_REG_MT_NOT_SEARCHING_OP_EM, .rat = 11, .cssSupported = false, .roamingIndicator = -1, .systemIsInPrl = 0, .defaultRoamingIndicator = 0, .reasonForDenial = 0, .cellIdentity = {.cellInfoType = WCDMA, .cellIdentityGsm = [], .cellIdentityWcdma = [{.mcc = -1, .mnc = -1, .lac = 60334, .cid = 157436644, .psc = -1, .uarfcn = -1}], .cellIdentityCdma = [], .cellIdentityLte = [], .cellIdentityTdscdma = []}} [SUB0]
05-18 18:33:17.360   853   935 D RILJ    : [3945]< QUERY_NETWORK_SELECTION_MODE {0} [SUB0]
05-18 18:33:17.362   853   935 D RilRequest: [3946]< OPERATOR error: com.android.internal.telephony.CommandException: RADIO_NOT_AVAILABLE ret={, , }
05-18 18:33:17.363   853   935 D RilRequest: [3947]< DATA_REGISTRATION_STATE error: com.android.internal.telephony.CommandException: RADIO_NOT_AVAILABLE ret={.regState = NOT_REG_MT_NOT_SEARCHING_OP, .rat = 0, .reasonDataDenied = 0, .maxDataCalls = 0, .cellIdentity = {.cellInfoType = NONE, .cellIdentityGsm = [], .cellIdentityWcdma = [], .cellIdentityCdma = [], .cellIdentityLte = [], .cellIdentityTdscdma = []}}
05-18 18:33:17.364   853   935 D RilRequest: [3948]< VOICE_REGISTRATION_STATE error: com.android.internal.telephony.CommandException: RADIO_NOT_AVAILABLE ret={.regState = NOT_REG_MT_NOT_SEARCHING_OP, .rat = 0, .cssSupported = false, .roamingIndicator = 0, .systemIsInPrl = 0, .defaultRoamingIndicator = 0, .reasonForDenial = 0, .cellIdentity = {.cellInfoType = NONE, .cellIdentityGsm = [], .cellIdentityWcdma = [], .cellIdentityCdma = [], .cellIdentityLte = [], .cellIdentityTdscdma = []}}
05-18 18:33:17.365   853   935 D RILJ    : [3949]< QUERY_NETWORK_SELECTION_MODE {0} [SUB1]
05-18 18:33:17.366   853   853 D SST     : Poll ServiceState done:  oldSS=[{mVoiceRegState=1(OUT_OF_SERVICE), mDataRegState=1(OUT_OF_SERVICE), mVoiceRoamingType=home, mDataRoamingType=home, mVoiceOperatorAlphaLong=TURKCELL, mVoiceOperatorAlphaShort=TURKCELL, mDataOperatorAlphaLong=TURKCELL, mDataOperatorAlphaShort=TURKCELL, isManualNetworkSelection=false(automatic), mRilVoiceRadioTechnology=11(HSPA), mRilDataRadioTechnology=11(HSPA), mCssIndicator=unsupported, mNetworkId=-1, mSystemId=-1, mCdmaRoamingIndicator=-1, mCdmaDefaultRoamingIndicator=-1, mIsEmergencyOnly=true, mIsDataRoamingFromRegistration=false, mIsUsingCarrierAggregation=false, mLteEarfcnRsrpBoost=0}] newSS=[{mVoiceRegState=1(OUT_OF_SERVICE), mDataRegState=1(OUT_OF_SERVICE), mVoiceRoamingType=home, mDataRoamingType=home, mVoiceOperatorAlphaLong=TURKCELL, mVoiceOperatorAlphaShort=TURKCELL, mDataOperatorAlphaLong=TURKCELL, mDataOperatorAlphaShort=TURKCELL, isManualNetworkSelection=false(automatic), mRilVoiceRadioTechnology=11(HSPA), mRilDataRadioTechnology=11(HSPA), mCssIndicator=unsupported, mNetworkId=-1, mSystemId=-1, mCdmaRoamingIndicator=-1, mCdmaDefaultRoamingIndicator=-1, mIsEmergencyOnly=true, mIsDataRoamingFromRegistration=false, mIsUsingCarrierAggregation=false, mLteEarfcnRsrpBoost=0}] oldMaxDataCalls=3 mNewMaxDataCalls=3 oldReasonDataDenied=-1 mNewReasonDataDenied=-1
05-18 18:34:55.659   881   881 I sysui_action: [289,ComponentInfo{com.pax.samplesalea/com.pax.samplesalea.SaleActivity}]
05-18 18:34:55.659   881   881 I sysui_multi_action: [757,289,758,4,806,ComponentInfo{com.pax.samplesalea/com.pax.samplesalea.SaleActivity}]
05-18 18:41:58.663   881   881 I sysui_action: [289,ComponentInfo{com.pax.samplesalea/com.pax.samplesalea.SaleActivity}]
05-18 18:41:58.663   881   881 I sysui_multi_action: [757,289,758,4,806,ComponentInfo{com.pax.samplesalea/com.pax.samplesalea.SaleActivity}]
05-18 18:47:29.007   881   881 I sysui_action: [289,ComponentInfo{com.pax.samplesalea/com.pax.samplesalea.SaleActivity}]
05-18 18:47:29.007   881   881 I sysui_multi_action: [757,289,758,4,806,ComponentInfo{com.pax.samplesalea/com.pax.samplesalea.SaleActivity}]
05-18 18:56:45.044   881   881 I sysui_action: [289,ComponentInfo{com.pax.samplesalea/com.pax.samplesalea.SaleActivity}]
05-18 18:56:45.044   881   881 I sysui_multi_action: [757,289,758,4,806,ComponentInfo{com.pax.samplesalea/com.pax.samplesalea.SaleActivity}]
05-18 19:06:31.006   881   881 I sysui_action: [289,ComponentInfo{com.pax.samplesalea/com.pax.samplesalea.SaleActivity}]
05-18 19:06:31.006   881   881 I sysui_multi_action: [757,289,758,4,806,ComponentInfo{com.pax.samplesalea/com.pax.samplesalea.SaleActivity}]
05-18 19:12:35.899   881   881 I sysui_action: [289,ComponentInfo{com.pax.samplesalea/com.pax.samplesalea.SaleActivity}]
05-18 19:12:35.899   881   881 I sysui_multi_action: [757,289,758,4,806,ComponentInfo{com.pax.samplesalea/com.pax.samplesalea.SaleActivity}]
05-18 19:12:57.915   881   881 I sysui_action: [289,ComponentInfo{com.pax.samplesalea/com.pax.samplesalea.SaleActivity}]
05-18 19:12:57.915   881   881 I sysui_multi_action: [757,289,758,4,806,ComponentInfo{com.pax.samplesalea/com.pax.samplesalea.SaleActivity}]
05-18 19:13:31.500   881   881 I sysui_action: [289,ComponentInfo{com.pax.samplesalea/com.pax.samplesalea.SaleActivity}]
05-18 19:13:31.500   881   881 I sysui_multi_action: [757,289,758,4,806,ComponentInfo{com.pax.samplesalea/com.pax.samplesalea.SaleActivity}]
05-18 19:17:27.276   881   881 I sysui_action: [318,ComponentInfo{com.pax.samplesalea/com.pax.samplesalea.SaleActivity}]
05-18 19:17:27.277   881   881 I sysui_multi_action: [757,318,758,4,806,ComponentInfo{com.pax.samplesalea/com.pax.samplesalea.SaleActivity}]
05-18 19:17:29.610   881   881 I sysui_action: [289,ComponentInfo{com.pax.samplesalea/com.pax.samplesalea.SaleActivity}]
05-18 19:17:29.610   881   881 I sysui_multi_action: [757,289,758,4,806,ComponentInfo{com.pax.samplesalea/com.pax.samplesalea.SaleActivity}]
05-18 19:18:58.998   881   881 I sysui_action: [289,ComponentInfo{com.pax.samplesalea/com.pax.samplesalea.SaleActivity}]
05-18 19:18:58.998   881   881 I sysui_multi_action: [757,289,758,4,806,ComponentInfo{com.pax.samplesalea/com.pax.samplesalea.SaleActivity}]
05-18 19:19:31.320   881   881 I sysui_action: [289,ComponentInfo{com.pax.samplesalea/com.pax.samplesalea.SaleActivity}]
05-18 19:19:31.320   881   881 I sysui_multi_action: [757,289,758,4,806,ComponentInfo{com.pax.samplesalea/com.pax.samplesalea.SaleActivity}]
05-18 19:20:46.015  5093  5119 I appium  : AppiumResponse: {"sessionId":"e060cd36-560e-42c5-91e1-180205131cf7","value":{"height":1440,"width":720}}
05-18 19:20:46.126  5093  5119 I appium  : [35234141 (success)] Synthesized: MotionEvent { action=ACTION_DOWN, actionButton=0, id[0]=0, x[0]=360.0, y[0]=1152.0, toolType[0]=TOOL_TYPE_FINGER, buttonState=0, metaState=0, flags=0x0, edgeFlags=0x0, pointerCount=1, historySize=0, eventTime=35234141, downTime=35234135, deviceId=0, source=0x1002 }
05-18 19:20:46.149  5093  5119 I appium  : [35234156 (success)] Synthesized: MotionEvent { action=ACTION_MOVE, actionButton=0, id[0]=0, x[0]=360.0, y[0]=1152.0, toolType[0]=TOOL_TYPE_FINGER, buttonState=0, metaState=0, flags=0x0, edgeFlags=0x0, pointerCount=1, historySize=0, eventTime=35234156, downTime=35234135, deviceId=0, source=0x1002 }
05-18 19:20:46.169  5093  5119 I appium  : [35234177 (success)] Synthesized: MotionEvent { action=ACTION_MOVE, actionButton=0, id[0]=0, x[0]=360.0, y[0]=1092.4138, toolType[0]=TOOL_TYPE_FINGER, buttonState=0, metaState=0, flags=0x0, edgeFlags=0x0, pointerCount=1, historySize=0, eventTime=35234177, downTime=35234135, deviceId=0, source=0x1002 }
05-18 19:20:46.199  5093  5119 I appium  : [35234198 (success)] Synthesized: MotionEvent { action=ACTION_MOVE, actionButton=0, id[0]=0, x[0]=360.0, y[0]=1062.6207, toolType[0]=TOOL_TYPE_FINGER, buttonState=0, metaState=0, flags=0x0, edgeFlags=0x0, pointerCount=1, historySize=0, eventTime=35234198, downTime=35234135, deviceId=0, source=0x1002 }
05-18 19:20:46.227  5093  5119 I appium  : [35234230 (success)] Synthesized: MotionEvent { action=ACTION_MOVE, actionButton=0, id[0]=0, x[0]=360.0, y[0]=1032.8276, toolType[0]=TOOL_TYPE_FINGER, buttonState=0, metaState=0, flags=0x0, edgeFlags=0x0, pointerCount=1, historySize=0, eventTime=35234230, downTime=35234135, deviceId=0, source=0x1002 }
05-18 19:20:46.245  5093  5119 I appium  : [35234257 (success)] Synthesized: MotionEvent { action=ACTION_MOVE, actionButton=0, id[0]=0, x[0]=360.0, y[0]=1003.0345, toolType[0]=TOOL_TYPE_FINGER, buttonState=0, metaState=0, flags=0x0, edgeFlags=0x0, pointerCount=1, historySize=0, eventTime=35234257, downTime=35234135, deviceId=0, source=0x1002 }
05-18 19:20:46.272  5093  5119 I appium  : [35234274 (success)] Synthesized: MotionEvent { action=ACTION_MOVE, actionButton=0, id[0]=0, x[0]=360.0, y[0]=973.2414, toolType[0]=TOOL_TYPE_FINGER, buttonState=0, metaState=0, flags=0x0, edgeFlags=0x0, pointerCount=1, historySize=0, eventTime=35234274, downTime=35234135, deviceId=0, source=0x1002 }
05-18 19:20:46.287  5093  5119 I appium  : [35234301 (success)] Synthesized: MotionEvent { action=ACTION_MOVE, actionButton=0, id[0]=0, x[0]=360.0, y[0]=943.44824, toolType[0]=TOOL_TYPE_FINGER, buttonState=0, metaState=0, flags=0x0, edgeFlags=0x0, pointerCount=1, historySize=0, eventTime=35234301, downTime=35234135, deviceId=0, source=0x1002 }
05-18 19:20:46.303  5093  5119 I appium  : [35234316 (success)] Synthesized: MotionEvent { action=ACTION_MOVE, actionButton=0, id[0]=0, x[0]=360.0, y[0]=913.65515, toolType[0]=TOOL_TYPE_FINGER, buttonState=0, metaState=0, flags=0x0, edgeFlags=0x0, pointerCount=1, historySize=0, eventTime=35234316, downTime=35234135, deviceId=0, source=0x1002 }
05-18 19:20:46.317  5093  5119 I appium  : [35234331 (success)] Synthesized: MotionEvent { action=ACTION_MOVE, actionButton=0, id[0]=0, x[0]=360.0, y[0]=883.86206, toolType[0]=TOOL_TYPE_FINGER, buttonState=0, metaState=0, flags=0x0, edgeFlags=0x0, pointerCount=1, historySize=0, eventTime=35234331, downTime=35234135, deviceId=0, source=0x1002 }
05-18 19:20:46.334  5093  5119 I appium  : [35234346 (success)] Synthesized: MotionEvent { action=ACTION_MOVE, actionButton=0, id[0]=0, x[0]=360.0, y[0]=854.069, toolType[0]=TOOL_TYPE_FINGER, buttonState=0, metaState=0, flags=0x0, edgeFlags=0x0, pointerCount=1, historySize=0, eventTime=35234346, downTime=35234135, deviceId=0, source=0x1002 }
05-18 19:20:46.350  5093  5119 I appium  : [35234363 (success)] Synthesized: MotionEvent { action=ACTION_MOVE, actionButton=0, id[0]=0, x[0]=360.0, y[0]=824.2759, toolType[0]=TOOL_TYPE_FINGER, buttonState=0, metaState=0, flags=0x0, edgeFlags=0x0, pointerCount=1, historySize=0, eventTime=35234363, downTime=35234135, deviceId=0, source=0x1002 }
05-18 19:20:46.365  5093  5119 I appium  : [35234378 (success)] Synthesized: MotionEvent { action=ACTION_MOVE, actionButton=0, id[0]=0, x[0]=360.0, y[0]=794.4828, toolType[0]=TOOL_TYPE_FINGER, buttonState=0, metaState=0, flags=0x0, edgeFlags=0x0, pointerCount=1, historySize=0, eventTime=35234378, downTime=35234135, deviceId=0, source=0x1002 }
05-18 19:20:46.399  5093  5119 I appium  : [35234396 (success)] Synthesized: MotionEvent { action=ACTION_MOVE, actionButton=0, id[0]=0, x[0]=360.0, y[0]=764.68964, toolType[0]=TOOL_TYPE_FINGER, buttonState=0, metaState=0, flags=0x0, edgeFlags=0x0, pointerCount=1, historySize=0, eventTime=35234396, downTime=35234135, deviceId=0, source=0x1002 }
05-18 19:20:46.426  5093  5119 I appium  : [35234431 (success)] Synthesized: MotionEvent { action=ACTION_MOVE, actionButton=0, id[0]=0, x[0]=360.0, y[0]=734.89655, toolType[0]=TOOL_TYPE_FINGER, buttonState=0, metaState=0, flags=0x0, edgeFlags=0x0, pointerCount=1, historySize=0, eventTime=35234431, downTime=35234135, deviceId=0, source=0x1002 }
05-18 19:20:46.441  5093  5119 I appium  : [35234457 (success)] Synthesized: MotionEvent { action=ACTION_MOVE, actionButton=0, id[0]=0, x[0]=360.0, y[0]=705.1034, toolType[0]=TOOL_TYPE_FINGER, buttonState=0, metaState=0, flags=0x0, edgeFlags=0x0, pointerCount=1, historySize=0, eventTime=35234457, downTime=35234135, deviceId=0, source=0x1002 }
05-18 19:20:46.456  5093  5119 I appium  : [35234470 (success)] Synthesized: MotionEvent { action=ACTION_MOVE, actionButton=0, id[0]=0, x[0]=360.0, y[0]=675.3103, toolType[0]=TOOL_TYPE_FINGER, buttonState=0, metaState=0, flags=0x0, edgeFlags=0x0, pointerCount=1, historySize=0, eventTime=35234470, downTime=35234135, deviceId=0, source=0x1002 }
05-18 19:20:46.472  5093  5119 I appium  : [35234484 (success)] Synthesized: MotionEvent { action=ACTION_MOVE, actionButton=0, id[0]=0, x[0]=360.0, y[0]=645.5172, toolType[0]=TOOL_TYPE_FINGER, buttonState=0, metaState=0, flags=0x0, edgeFlags=0x0, pointerCount=1, historySize=0, eventTime=35234484, downTime=35234135, deviceId=0, source=0x1002 }
05-18 19:20:46.487  5093  5119 I appium  : [35234501 (success)] Synthesized: MotionEvent { action=ACTION_MOVE, actionButton=0, id[0]=0, x[0]=360.0, y[0]=615.7241, toolType[0]=TOOL_TYPE_FINGER, buttonState=0, metaState=0, flags=0x0, edgeFlags=0x0, pointerCount=1, historySize=0, eventTime=35234501, downTime=35234135, deviceId=0, source=0x1002 }
05-18 19:20:46.502  5093  5119 I appium  : [35234517 (success)] Synthesized: MotionEvent { action=ACTION_MOVE, actionButton=0, id[0]=0, x[0]=360.0, y[0]=585.931, toolType[0]=TOOL_TYPE_FINGER, buttonState=0, metaState=0, flags=0x0, edgeFlags=0x0, pointerCount=1, historySize=0, eventTime=35234517, downTime=35234135, deviceId=0, source=0x1002 }
05-18 19:20:46.533  5093  5119 I appium  : [35234536 (success)] Synthesized: MotionEvent { action=ACTION_MOVE, actionButton=0, id[0]=0, x[0]=360.0, y[0]=556.13794, toolType[0]=TOOL_TYPE_FINGER, buttonState=0, metaState=0, flags=0x0, edgeFlags=0x0, pointerCount=1, historySize=0, eventTime=35234536, downTime=35234135, deviceId=0, source=0x1002 }
05-18 19:20:46.548  5093  5119 I appium  : [35234563 (success)] Synthesized: MotionEvent { action=ACTION_MOVE, actionButton=0, id[0]=0, x[0]=360.0, y[0]=526.3448, toolType[0]=TOOL_TYPE_FINGER, buttonState=0, metaState=0, flags=0x0, edgeFlags=0x0, pointerCount=1, historySize=0, eventTime=35234563, downTime=35234135, deviceId=0, source=0x1002 }
05-18 19:20:46.563  5093  5119 I appium  : [35234577 (success)] Synthesized: MotionEvent { action=ACTION_MOVE, actionButton=0, id[0]=0, x[0]=360.0, y[0]=496.5517, toolType[0]=TOOL_TYPE_FINGER, buttonState=0, metaState=0, flags=0x0, edgeFlags=0x0, pointerCount=1, historySize=0, eventTime=35234577, downTime=35234135, deviceId=0, source=0x1002 }
05-18 19:20:46.579  5093  5119 I appium  : [35234596 (success)] Synthesized: MotionEvent { action=ACTION_MOVE, actionButton=0, id[0]=0, x[0]=360.0, y[0]=466.7586, toolType[0]=TOOL_TYPE_FINGER, buttonState=0, metaState=0, flags=0x0, edgeFlags=0x0, pointerCount=1, historySize=0, eventTime=35234596, downTime=35234135, deviceId=0, source=0x1002 }
05-18 19:20:46.609  5093  5119 I appium  : [35234616 (success)] Synthesized: MotionEvent { action=ACTION_MOVE, actionButton=0, id[0]=0, x[0]=360.0, y[0]=436.9655, toolType[0]=TOOL_TYPE_FINGER, buttonState=0, metaState=0, flags=0x0, edgeFlags=0x0, pointerCount=1, historySize=0, eventTime=35234616, downTime=35234135, deviceId=0, source=0x1002 }
05-18 19:20:46.625  5093  5119 I appium  : [35234637 (success)] Synthesized: MotionEvent { action=ACTION_MOVE, actionButton=0, id[0]=0, x[0]=360.0, y[0]=407.17242, toolType[0]=TOOL_TYPE_FINGER, buttonState=0, metaState=0, flags=0x0, edgeFlags=0x0, pointerCount=1, historySize=0, eventTime=35234637, downTime=35234135, deviceId=0, source=0x1002 }
05-18 19:20:46.640  5093  5119 I appium  : [35234657 (success)] Synthesized: MotionEvent { action=ACTION_MOVE, actionButton=0, id[0]=0, x[0]=360.0, y[0]=377.37927, toolType[0]=TOOL_TYPE_FINGER, buttonState=0, metaState=0, flags=0x0, edgeFlags=0x0, pointerCount=1, historySize=0, eventTime=35234657, downTime=35234135, deviceId=0, source=0x1002 }
05-18 19:20:46.671  5093  5119 I appium  : [35234676 (success)] Synthesized: MotionEvent { action=ACTION_MOVE, actionButton=0, id[0]=0, x[0]=360.0, y[0]=347.58618, toolType[0]=TOOL_TYPE_FINGER, buttonState=0, metaState=0, flags=0x0, edgeFlags=0x0, pointerCount=1, historySize=0, eventTime=35234676, downTime=35234135, deviceId=0, source=0x1002 }
05-18 19:20:46.687  5093  5119 I appium  : [35234700 (success)] Synthesized: MotionEvent { action=ACTION_MOVE, actionButton=0, id[0]=0, x[0]=360.0, y[0]=317.7931, toolType[0]=TOOL_TYPE_FINGER, buttonState=0, metaState=0, flags=0x0, edgeFlags=0x0, pointerCount=1, historySize=0, eventTime=35234700, downTime=35234135, deviceId=0, source=0x1002 }
05-18 19:20:46.702  5093  5119 I appium  : [35234716 (success)] Synthesized: MotionEvent { action=ACTION_MOVE, actionButton=0, id[0]=0, x[0]=360.0, y[0]=288.0, toolType[0]=TOOL_TYPE_FINGER, buttonState=0, metaState=0, flags=0x0, edgeFlags=0x0, pointerCount=1, historySize=0, eventTime=35234716, downTime=35234135, deviceId=0, source=0x1002 }
05-18 19:20:46.718  5093  5119 I appium  : [35234736 (success)] Synthesized: MotionEvent { action=ACTION_UP, actionButton=0, id[0]=0, x[0]=360.0, y[0]=288.0, toolType[0]=TOOL_TYPE_FINGER, buttonState=0, metaState=0, flags=0x0, edgeFlags=0x0, pointerCount=1, historySize=0, eventTime=35234736, downTime=35234135, deviceId=0, source=0x1002 }
05-18 19:20:46.736  5093  5119 I appium  : AppiumResponse: {"sessionId":"e060cd36-560e-42c5-91e1-180205131cf7","value":null}
05-18 19:20:47.076  5093  5119 I appium  : AppiumResponse: {"sessionId":"e060cd36-560e-42c5-91e1-180205131cf7","value":{"ELEMENT":"00000000-0000-0421-ffff-ffff00000057","element-6066-11e4-a52e-4f735466cecf":"00000000-0000-0421-ffff-ffff00000057"}}
05-18 19:20:47.142  5093  5119 I appium  : AppiumResponse: {"sessionId":"e060cd36-560e-42c5-91e1-180205131cf7","value":"true"}
05-18 19:20:47.234  5093  5119 I appium  : AppiumResponse: {"sessionId":"e060cd36-560e-42c5-91e1-180205131cf7","value":null}
05-18 19:20:47.286   669  4769 D WindowManager: Input focus has changed to Window{e3ca35c u0 PopupWindow:4906017}
05-18 19:20:47.545  5093  5119 I appium  : AppiumResponse: {"sessionId":"e060cd36-560e-42c5-91e1-180205131cf7","value":{"ELEMENT":"00000000-0000-0422-ffff-ffff00000088","element-6066-11e4-a52e-4f735466cecf":"00000000-0000-0422-ffff-ffff00000088"}}
05-18 19:20:48.091   669  4769 D WindowManager: Input focus has changed to Window{21c9a56 u0 com.pax.samplesalea/com.pax.samplesalea.SaleActivity}
05-18 19:20:48.826  5093  5119 I appium  : AppiumResponse: {"sessionId":"e060cd36-560e-42c5-91e1-180205131cf7","value":null}
05-18 19:20:48.934  5093  5119 I appium  : AppiumResponse: {"sessionId":"e060cd36-560e-42c5-91e1-180205131cf7","value":{"ELEMENT":"00000000-0000-0421-ffff-ffff0000007b","element-6066-11e4-a52e-4f735466cecf":"00000000-0000-0421-ffff-ffff0000007b"}}
05-18 19:20:49.017  5093  5119 I appium  : AppiumResponse: {"sessionId":"e060cd36-560e-42c5-91e1-180205131cf7","value":null}
05-18 19:20:49.045   296   444 D ENGPC   : parse_event: event { 'change', '/devices/platform/battery/power_supply/battery', 'power_supply', '' }
05-18 19:20:49.102   669 16339 D BroadcastQueue: Add broadcast <BroadcastRecord{ebfc665 u0 com.pax.intent.action.TransactionRequest}> into [ordered | background], pending size 0
05-18 19:20:49.102   669 16339 D BroadcastQueue: Header is BroadcastRecord{ebfc665 u0 com.pax.intent.action.TransactionRequest} now
05-18 19:20:49.114   669 16339 I ActivityManager: START u0 {flg=0x10008000 pkg=com.pax.samplesalea cmp=com.pax.mainapp/.ManagerActivity (has extras)} from uid 10050, pid 2154
05-18 19:20:49.115   669 16339 W ActivityManager: startActivity ActivityRecord r=ActivityRecord{d386f3a u0 com.pax.mainapp/.ManagerActivity t-1}
05-18 19:20:49.126   669 16339 I ActivityManager: ->startActivity for ActivityRecord{d386f3a u0 com.pax.mainapp/.ManagerActivity t317} result:0
05-18 19:20:49.132   669 16339 D BroadcastQueue: Finished with ordered broadcast BroadcastRecord{ebfc665 u0 com.pax.intent.action.TransactionRequest} receivers:(1) take 30ms in [background], remains 0
05-18 19:20:49.404  5093  5119 I appium  : AppiumResponse: {"sessionId":"e060cd36-560e-42c5-91e1-180205131cf7","value":{"error":"no such element","message":"An element could not be located on the page using the given search parameters","stacktrace":"io.appium.uiautomator2.common.exceptions.ElementNotFoundException: An element could not be located on the page using the given search parameters\n\tat io.appium.uiautomator2.utils.ElementLocationHelpers.findElement(ElementLocationHelpers.java:153)\n\tat io.appium.uiautomator2.handler.FindElement.safeHandle(FindElement.java:60)\n\tat io.appium.uiautomator2.handler.request.SafeRequestHandler.handle(SafeRequestHandler.java:59)\n\tat io.appium.uiautomator2.server.AppiumServlet.handleRequest(AppiumServlet.java:267)\n\tat io.appium.uiautomator2.server.AppiumServlet.handleHttpRequest(AppiumServlet.java:261)\n\tat io.appium.uiautomator2.http.ServerHandler.channelRead(ServerHandler.java:77)\n\tat io.netty.channel.AbstractChannelHandlerContext.fireChannelRead(AbstractChannelHandlerContext.java:356)\n\tat io.netty.handler.codec.MessageToMessageDecoder.channelRead(MessageToMessageDecoder.java:107)\n\tat io.netty.channel.AbstractChannelHandlerContext.fireChannelRead(AbstractChannelHandlerContext.java:356)\n\tat io.netty.channel.CombinedChannelDuplexHandler$DelegatingChannelHandlerContext.fireChannelRead(CombinedChannelDuplexHandler.java:434)\n\tat io.netty.handler.codec.ByteToMessageDecoder.fireChannelRead(ByteToMessageDecoder.java:346)\n\tat io.netty.handler.codec.ByteToMessageDecoder.channelRead(ByteToMessageDecoder.java:318)\n\tat io.netty.channel.CombinedChannelDuplexHandler.channelRead(CombinedChannelDuplexHandler.java:249)\n\tat io.netty.channel.AbstractChannelHandlerContext.fireChannelRead(AbstractChannelHandlerContext.java:354)\n\tat io.netty.handler.timeout.IdleStateHandler.channelRead(IdleStateHandler.java:293)\n\tat io.netty.channel.AbstractChannelHandlerContext.fireChannelRead(AbstractChannelHandlerContext.java:354)\n\tat io.netty.channel.DefaultChannelPipeline$HeadContext.channelRead(DefaultChannelPipeline.java:1429)\n\tat io.netty.channel.DefaultChannelPipeline.fireChannelRead(DefaultChannelPipeline.java:918)\n\tat io.netty.channel.nio.AbstractNioByteChannel$NioByteUnsafe.read(AbstractNioByteChannel.java:168)\n\tat io.netty.channel.nio.AbstractNioChannel$AbstractNioUnsafe.handle(AbstractNioChannel.java:445)\n\tat io.netty.channel.nio.NioIoHandler$DefaultNioRegistration.handle(NioIoHandler.java:388)\n\tat io.netty.channel.nio.NioIoHandler.processSelectedKey(NioIoHandler.java:596)\n\tat io.netty.channel.nio.NioIoHandler.processSelectedKeysOptimized(NioIoHandler.java:571)\n\tat io.netty.channel.nio.NioIoHandler.processSelectedKeys(NioIoHandler.java:512)\n\tat io.netty.channel.nio.NioIoHandler.run(NioIoHandler.java:484)\n\tat io.netty.channel.SingleThreadIoEventLoop.runIo(SingleThreadIoEventLoop.java:225)\n\tat io.netty.channel.SingleThreadIoEventLoop.run(SingleThreadIoEventLoop.java:196)\n\tat io.netty.util.concurrent.SingleThreadEventExecutor$5.run(SingleThreadEventExecutor.java:1193)\n\tat io.netty.util.internal.ThreadExecutorMap$2.run(ThreadExecutorMap.java:74)\n\tat io.netty.util.concurrent.FastThreadLocalRunnable.run(FastThreadLocalRunnable.java:30)\n\tat java.lang.Thread.run(Thread.java:764)\n"}}
05-18 19:20:49.438   669  4769 D WindowManager: Input focus has changed to Window{65ca90 u0 com.pax.mainapp/com.pax.mainapp.ManagerActivity}
05-18 19:20:49.618   669   669 D BroadcastQueue: Add broadcast <BroadcastRecord{12707cb u0 com.pax.refresh.inputMedthod}> into [parallel | background], pending size 0
05-18 19:20:49.619   669   683 D BroadcastQueue: Done with parallel broadcast [background] [BroadcastRecord{12707cb u0 com.pax.refresh.inputMedthod}]
05-18 19:20:49.883  5184  5336 D TransactionReceiver: Received: {"eventData":{"installmentCount":0,"slipInfo":{"detail":-1,"needPrint":true,"printType":0},"tranNo":0,"tranType":98,"transactionId":"58873cad-33cd-416c-84c1-79e7ba26b609","vuk507Info":false},"eventResponse":{"binLength":0},"menuEvent":{"eventData":{"menuType":"merchant_menu"},"eventResponse":{},"baseResponse":{},"eventHeader":{"version":"1.0"}},"settlementEvent":{"eventResponse":{},"baseResponse":{},"eventHeader":{"version":"1.0"}},"baseResponse":{},"eventHeader":{"command":"is","type":"vertical","version":"1.0"}}
05-18 19:20:50.025   669  4769 I ActivityManager: START u0 {flg=0x10010000 cmp=com.pax.mainapp/.StarterActivity (has extras)} from uid 10050, pid 2154
05-18 19:20:50.025   669  4769 W ActivityManager: startActivity ActivityRecord r=ActivityRecord{4005ba8 u0 com.pax.mainapp/.StarterActivity t-1}
05-18 19:20:50.043   669  4769 I ActivityManager: ->startActivity for ActivityRecord{4005ba8 u0 com.pax.mainapp/.StarterActivity t317} result:0
05-18 19:20:50.125   669  4769 I ActivityManager: START u0 {act=com.pax.intent.action.EVENT flg=0x10020 cmp=com.pax.techpos/.StarterActivity (has extras)} from uid 10050, pid 2154
05-18 19:20:50.125   669  4769 W ActivityManager: startActivity ActivityRecord r=ActivityRecord{dd38a54 u0 com.pax.techpos/.StarterActivity t-1}
05-18 19:20:50.135   669  4769 I ActivityManager: ->startActivity for ActivityRecord{dd38a54 u0 com.pax.techpos/.StarterActivity t317} result:0
05-18 19:20:50.233  5093  5119 I appium  : AppiumResponse: {"sessionId":"e060cd36-560e-42c5-91e1-180205131cf7","value":{"error":"no such element","message":"An element could not be located on the page using the given search parameters","stacktrace":"io.appium.uiautomator2.common.exceptions.ElementNotFoundException: An element could not be located on the page using the given search parameters\n\tat io.appium.uiautomator2.utils.ElementLocationHelpers.findElement(ElementLocationHelpers.java:153)\n\tat io.appium.uiautomator2.handler.FindElement.safeHandle(FindElement.java:60)\n\tat io.appium.uiautomator2.handler.request.SafeRequestHandler.handle(SafeRequestHandler.java:59)\n\tat io.appium.uiautomator2.server.AppiumServlet.handleRequest(AppiumServlet.java:267)\n\tat io.appium.uiautomator2.server.AppiumServlet.handleHttpRequest(AppiumServlet.java:261)\n\tat io.appium.uiautomator2.http.ServerHandler.channelRead(ServerHandler.java:77)\n\tat io.netty.channel.AbstractChannelHandlerContext.fireChannelRead(AbstractChannelHandlerContext.java:356)\n\tat io.netty.handler.codec.MessageToMessageDecoder.channelRead(MessageToMessageDecoder.java:107)\n\tat io.netty.channel.AbstractChannelHandlerContext.fireChannelRead(AbstractChannelHandlerContext.java:356)\n\tat io.netty.channel.CombinedChannelDuplexHandler$DelegatingChannelHandlerContext.fireChannelRead(CombinedChannelDuplexHandler.java:434)\n\tat io.netty.handler.codec.ByteToMessageDecoder.fireChannelRead(ByteToMessageDecoder.java:346)\n\tat io.netty.handler.codec.ByteToMessageDecoder.channelRead(ByteToMessageDecoder.java:318)\n\tat io.netty.channel.CombinedChannelDuplexHandler.channelRead(CombinedChannelDuplexHandler.java:249)\n\tat io.netty.channel.AbstractChannelHandlerContext.fireChannelRead(AbstractChannelHandlerContext.java:354)\n\tat io.netty.handler.timeout.IdleStateHandler.channelRead(IdleStateHandler.java:293)\n\tat io.netty.channel.AbstractChannelHandlerContext.fireChannelRead(AbstractChannelHandlerContext.java:354)\n\tat io.netty.channel.DefaultChannelPipeline$HeadContext.channelRead(DefaultChannelPipeline.java:1429)\n\tat io.netty.channel.DefaultChannelPipeline.fireChannelRead(DefaultChannelPipeline.java:918)\n\tat io.netty.channel.nio.AbstractNioByteChannel$NioByteUnsafe.read(AbstractNioByteChannel.java:168)\n\tat io.netty.channel.nio.AbstractNioChannel$AbstractNioUnsafe.handle(AbstractNioChannel.java:445)\n\tat io.netty.channel.nio.NioIoHandler$DefaultNioRegistration.handle(NioIoHandler.java:388)\n\tat io.netty.channel.nio.NioIoHandler.processSelectedKey(NioIoHandler.java:596)\n\tat io.netty.channel.nio.NioIoHandler.processSelectedKeysOptimized(NioIoHandler.java:571)\n\tat io.netty.channel.nio.NioIoHandler.processSelectedKeys(NioIoHandler.java:512)\n\tat io.netty.channel.nio.NioIoHandler.run(NioIoHandler.java:484)\n\tat io.netty.channel.SingleThreadIoEventLoop.runIo(SingleThreadIoEventLoop.java:225)\n\tat io.netty.channel.SingleThreadIoEventLoop.run(SingleThreadIoEventLoop.java:196)\n\tat io.netty.util.concurrent.SingleThreadEventExecutor$5.run(SingleThreadEventExecutor.java:1193)\n\tat io.netty.util.internal.ThreadExecutorMap$2.run(ThreadExecutorMap.java:74)\n\tat io.netty.util.concurrent.FastThreadLocalRunnable.run(FastThreadLocalRunnable.java:30)\n\tat java.lang.Thread.run(Thread.java:764)\n"}}
05-18 19:20:50.368   669  4769 I ActivityManager: START u0 {act=com.pax.techpos.USER_ACTION_MENU cmp=com.pax.techpos/.MainActivity (has extras)} from uid 10055, pid 5184
05-18 19:20:50.369   669  4769 W ActivityManager: startActivity ActivityRecord r=ActivityRecord{908f7c0 u0 com.pax.techpos/.MainActivity t-1}
05-18 19:20:50.381   669  4769 I ActivityManager: ->startActivity for ActivityRecord{908f7c0 u0 com.pax.techpos/.MainActivity t317} result:0
05-18 19:20:50.891  5093  5119 I appium  : AppiumResponse: {"sessionId":"e060cd36-560e-42c5-91e1-180205131cf7","value":{"error":"no such element","message":"An element could not be located on the page using the given search parameters","stacktrace":"io.appium.uiautomator2.common.exceptions.ElementNotFoundException: An element could not be located on the page using the given search parameters\n\tat io.appium.uiautomator2.utils.ElementLocationHelpers.findElement(ElementLocationHelpers.java:153)\n\tat io.appium.uiautomator2.handler.FindElement.safeHandle(FindElement.java:60)\n\tat io.appium.uiautomator2.handler.request.SafeRequestHandler.handle(SafeRequestHandler.java:59)\n\tat io.appium.uiautomator2.server.AppiumServlet.handleRequest(AppiumServlet.java:267)\n\tat io.appium.uiautomator2.server.AppiumServlet.handleHttpRequest(AppiumServlet.java:261)\n\tat io.appium.uiautomator2.http.ServerHandler.channelRead(ServerHandler.java:77)\n\tat io.netty.channel.AbstractChannelHandlerContext.fireChannelRead(AbstractChannelHandlerContext.java:356)\n\tat io.netty.handler.codec.MessageToMessageDecoder.channelRead(MessageToMessageDecoder.java:107)\n\tat io.netty.channel.AbstractChannelHandlerContext.fireChannelRead(AbstractChannelHandlerContext.java:356)\n\tat io.netty.channel.CombinedChannelDuplexHandler$DelegatingChannelHandlerContext.fireChannelRead(CombinedChannelDuplexHandler.java:434)\n\tat io.netty.handler.codec.ByteToMessageDecoder.fireChannelRead(ByteToMessageDecoder.java:346)\n\tat io.netty.handler.codec.ByteToMessageDecoder.channelRead(ByteToMessageDecoder.java:318)\n\tat io.netty.channel.CombinedChannelDuplexHandler.channelRead(CombinedChannelDuplexHandler.java:249)\n\tat io.netty.channel.AbstractChannelHandlerContext.fireChannelRead(AbstractChannelHandlerContext.java:354)\n\tat io.netty.handler.timeout.IdleStateHandler.channelRead(IdleStateHandler.java:293)\n\tat io.netty.channel.AbstractChannelHandlerContext.fireChannelRead(AbstractChannelHandlerContext.java:354)\n\tat io.netty.channel.DefaultChannelPipeline$HeadContext.channelRead(DefaultChannelPipeline.java:1429)\n\tat io.netty.channel.DefaultChannelPipeline.fireChannelRead(DefaultChannelPipeline.java:918)\n\tat io.netty.channel.nio.AbstractNioByteChannel$NioByteUnsafe.read(AbstractNioByteChannel.java:168)\n\tat io.netty.channel.nio.AbstractNioChannel$AbstractNioUnsafe.handle(AbstractNioChannel.java:445)\n\tat io.netty.channel.nio.NioIoHandler$DefaultNioRegistration.handle(NioIoHandler.java:388)\n\tat io.netty.channel.nio.NioIoHandler.processSelectedKey(NioIoHandler.java:596)\n\tat io.netty.channel.nio.NioIoHandler.processSelectedKeysOptimized(NioIoHandler.java:571)\n\tat io.netty.channel.nio.NioIoHandler.processSelectedKeys(NioIoHandler.java:512)\n\tat io.netty.channel.nio.NioIoHandler.run(NioIoHandler.java:484)\n\tat io.netty.channel.SingleThreadIoEventLoop.runIo(SingleThreadIoEventLoop.java:225)\n\tat io.netty.channel.SingleThreadIoEventLoop.run(SingleThreadIoEventLoop.java:196)\n\tat io.netty.util.concurrent.SingleThreadEventExecutor$5.run(SingleThreadEventExecutor.java:1193)\n\tat io.netty.util.internal.ThreadExecutorMap$2.run(ThreadExecutorMap.java:74)\n\tat io.netty.util.concurrent.FastThreadLocalRunnable.run(FastThreadLocalRunnable.java:30)\n\tat java.lang.Thread.run(Thread.java:764)\n"}}
05-18 19:20:51.188   669  1271 D WindowManager: Input focus has changed to Window{a3b9fb5 u0 com.pax.techpos/com.pax.techpos.MainActivity}
05-18 19:20:51.402   669  4769 I ActivityManager: START u0 {cmp=com.pax.techpos/com.pax.easypos.display.ActivityPosPed (has extras)} from uid 10055, pid 5184
05-18 19:20:51.407   669  4769 W ActivityManager: startActivity ActivityRecord r=ActivityRecord{7eff697 u0 com.pax.techpos/com.pax.easypos.display.ActivityPosPed t-1}
05-18 19:20:51.427   669  4769 I ActivityManager: ->startActivity for ActivityRecord{7eff697 u0 com.pax.techpos/com.pax.easypos.display.ActivityPosPed t317} result:0
05-18 19:20:51.941   296   444 D ENGPC   : parse_event: event { 'change', '/devices/platform/battery/power_supply/battery', 'power_supply', '' }
05-18 19:20:51.948   669   669 D BroadcastQueue: Add broadcast <BroadcastRecord{2336533 u-1 android.intent.action.BATTERY_CHANGED}> into [parallel | background], pending size 0
05-18 19:20:51.959   669   683 D BroadcastQueue: Done with parallel broadcast [background] [BroadcastRecord{2336533 u-1 android.intent.action.BATTERY_CHANGED}]
05-18 19:20:51.994   296   444 D ENGPC   : parse_event: event { 'change', '/devices/platform/battery/power_supply/battery', 'power_supply', '' }
05-18 19:20:52.171  5093  5119 I appium  : AppiumResponse: {"sessionId":"e060cd36-560e-42c5-91e1-180205131cf7","value":{"error":"no such element","message":"An element could not be located on the page using the given search parameters","stacktrace":"io.appium.uiautomator2.common.exceptions.ElementNotFoundException: An element could not be located on the page using the given search parameters\n\tat io.appium.uiautomator2.utils.ElementLocationHelpers.findElement(ElementLocationHelpers.java:153)\n\tat io.appium.uiautomator2.handler.FindElement.safeHandle(FindElement.java:60)\n\tat io.appium.uiautomator2.handler.request.SafeRequestHandler.handle(SafeRequestHandler.java:59)\n\tat io.appium.uiautomator2.server.AppiumServlet.handleRequest(AppiumServlet.java:267)\n\tat io.appium.uiautomator2.server.AppiumServlet.handleHttpRequest(AppiumServlet.java:261)\n\tat io.appium.uiautomator2.http.ServerHandler.channelRead(ServerHandler.java:77)\n\tat io.netty.channel.AbstractChannelHandlerContext.fireChannelRead(AbstractChannelHandlerContext.java:356)\n\tat io.netty.handler.codec.MessageToMessageDecoder.channelRead(MessageToMessageDecoder.java:107)\n\tat io.netty.channel.AbstractChannelHandlerContext.fireChannelRead(AbstractChannelHandlerContext.java:356)\n\tat io.netty.channel.CombinedChannelDuplexHandler$DelegatingChannelHandlerContext.fireChannelRead(CombinedChannelDuplexHandler.java:434)\n\tat io.netty.handler.codec.ByteToMessageDecoder.fireChannelRead(ByteToMessageDecoder.java:346)\n\tat io.netty.handler.codec.ByteToMessageDecoder.channelRead(ByteToMessageDecoder.java:318)\n\tat io.netty.channel.CombinedChannelDuplexHandler.channelRead(CombinedChannelDuplexHandler.java:249)\n\tat io.netty.channel.AbstractChannelHandlerContext.fireChannelRead(AbstractChannelHandlerContext.java:354)\n\tat io.netty.handler.timeout.IdleStateHandler.channelRead(IdleStateHandler.java:293)\n\tat io.netty.channel.AbstractChannelHandlerContext.fireChannelRead(AbstractChannelHandlerContext.java:354)\n\tat io.netty.channel.DefaultChannelPipeline$HeadContext.channelRead(DefaultChannelPipeline.java:1429)\n\tat io.netty.channel.DefaultChannelPipeline.fireChannelRead(DefaultChannelPipeline.java:918)\n\tat io.netty.channel.nio.AbstractNioByteChannel$NioByteUnsafe.read(AbstractNioByteChannel.java:168)\n\tat io.netty.channel.nio.AbstractNioChannel$AbstractNioUnsafe.handle(AbstractNioChannel.java:445)\n\tat io.netty.channel.nio.NioIoHandler$DefaultNioRegistration.handle(NioIoHandler.java:388)\n\tat io.netty.channel.nio.NioIoHandler.processSelectedKey(NioIoHandler.java:596)\n\tat io.netty.channel.nio.NioIoHandler.processSelectedKeysOptimized(NioIoHandler.java:571)\n\tat io.netty.channel.nio.NioIoHandler.processSelectedKeys(NioIoHandler.java:512)\n\tat io.netty.channel.nio.NioIoHandler.run(NioIoHandler.java:484)\n\tat io.netty.channel.SingleThreadIoEventLoop.runIo(SingleThreadIoEventLoop.java:225)\n\tat io.netty.channel.SingleThreadIoEventLoop.run(SingleThreadIoEventLoop.java:196)\n\tat io.netty.util.concurrent.SingleThreadEventExecutor$5.run(SingleThreadEventExecutor.java:1193)\n\tat io.netty.util.internal.ThreadExecutorMap$2.run(ThreadExecutorMap.java:74)\n\tat io.netty.util.concurrent.FastThreadLocalRunnable.run(FastThreadLocalRunnable.java:30)\n\tat java.lang.Thread.run(Thread.java:764)\n"}}
05-18 19:20:52.418   669  4769 D WindowManager: Input focus has changed to Window{e730c1c u0 com.pax.techpos/com.pax.easypos.display.ActivityPosPed}
05-18 19:20:53.414  5093  5119 I appium  : AppiumResponse: {"sessionId":"e060cd36-560e-42c5-91e1-180205131cf7","value":{"error":"no such element","message":"An element could not be located on the page using the given search parameters","stacktrace":"io.appium.uiautomator2.common.exceptions.ElementNotFoundException: An element could not be located on the page using the given search parameters\n\tat io.appium.uiautomator2.utils.ElementLocationHelpers.findElement(ElementLocationHelpers.java:153)\n\tat io.appium.uiautomator2.handler.FindElement.safeHandle(FindElement.java:60)\n\tat io.appium.uiautomator2.handler.request.SafeRequestHandler.handle(SafeRequestHandler.java:59)\n\tat io.appium.uiautomator2.server.AppiumServlet.handleRequest(AppiumServlet.java:267)\n\tat io.appium.uiautomator2.server.AppiumServlet.handleHttpRequest(AppiumServlet.java:261)\n\tat io.appium.uiautomator2.http.ServerHandler.channelRead(ServerHandler.java:77)\n\tat io.netty.channel.AbstractChannelHandlerContext.fireChannelRead(AbstractChannelHandlerContext.java:356)\n\tat io.netty.handler.codec.MessageToMessageDecoder.channelRead(MessageToMessageDecoder.java:107)\n\tat io.netty.channel.AbstractChannelHandlerContext.fireChannelRead(AbstractChannelHandlerContext.java:356)\n\tat io.netty.channel.CombinedChannelDuplexHandler$DelegatingChannelHandlerContext.fireChannelRead(CombinedChannelDuplexHandler.java:434)\n\tat io.netty.handler.codec.ByteToMessageDecoder.fireChannelRead(ByteToMessageDecoder.java:346)\n\tat io.netty.handler.codec.ByteToMessageDecoder.channelRead(ByteToMessageDecoder.java:318)\n\tat io.netty.channel.CombinedChannelDuplexHandler.channelRead(CombinedChannelDuplexHandler.java:249)\n\tat io.netty.channel.AbstractChannelHandlerContext.fireChannelRead(AbstractChannelHandlerContext.java:354)\n\tat io.netty.handler.timeout.IdleStateHandler.channelRead(IdleStateHandler.java:293)\n\tat io.netty.channel.AbstractChannelHandlerContext.fireChannelRead(AbstractChannelHandlerContext.java:354)\n\tat io.netty.channel.DefaultChannelPipeline$HeadContext.channelRead(DefaultChannelPipeline.java:1429)\n\tat io.netty.channel.DefaultChannelPipeline.fireChannelRead(DefaultChannelPipeline.java:918)\n\tat io.netty.channel.nio.AbstractNioByteChannel$NioByteUnsafe.read(AbstractNioByteChannel.java:168)\n\tat io.netty.channel.nio.AbstractNioChannel$AbstractNioUnsafe.handle(AbstractNioChannel.java:445)\n\tat io.netty.channel.nio.NioIoHandler$DefaultNioRegistration.handle(NioIoHandler.java:388)\n\tat io.netty.channel.nio.NioIoHandler.processSelectedKey(NioIoHandler.java:596)\n\tat io.netty.channel.nio.NioIoHandler.processSelectedKeysOptimized(NioIoHandler.java:571)\n\tat io.netty.channel.nio.NioIoHandler.processSelectedKeys(NioIoHandler.java:512)\n\tat io.netty.channel.nio.NioIoHandler.run(NioIoHandler.java:484)\n\tat io.netty.channel.SingleThreadIoEventLoop.runIo(SingleThreadIoEventLoop.java:225)\n\tat io.netty.channel.SingleThreadIoEventLoop.run(SingleThreadIoEventLoop.java:196)\n\tat io.netty.util.concurrent.SingleThreadEventExecutor$5.run(SingleThreadEventExecutor.java:1193)\n\tat io.netty.util.internal.ThreadExecutorMap$2.run(ThreadExecutorMap.java:74)\n\tat io.netty.util.concurrent.FastThreadLocalRunnable.run(FastThreadLocalRunnable.java:30)\n\tat java.lang.Thread.run(Thread.java:764)\n"}}
05-18 19:20:54.157  5093  5119 I appium  : AppiumResponse: {"sessionId":"e060cd36-560e-42c5-91e1-180205131cf7","value":{"error":"no such element","message":"An element could not be located on the page using the given search parameters","stacktrace":"io.appium.uiautomator2.common.exceptions.ElementNotFoundException: An element could not be located on the page using the given search parameters\n\tat io.appium.uiautomator2.utils.ElementLocationHelpers.findElement(ElementLocationHelpers.java:153)\n\tat io.appium.uiautomator2.handler.FindElement.safeHandle(FindElement.java:60)\n\tat io.appium.uiautomator2.handler.request.SafeRequestHandler.handle(SafeRequestHandler.java:59)\n\tat io.appium.uiautomator2.server.AppiumServlet.handleRequest(AppiumServlet.java:267)\n\tat io.appium.uiautomator2.server.AppiumServlet.handleHttpRequest(AppiumServlet.java:261)\n\tat io.appium.uiautomator2.http.ServerHandler.channelRead(ServerHandler.java:77)\n\tat io.netty.channel.AbstractChannelHandlerContext.fireChannelRead(AbstractChannelHandlerContext.java:356)\n\tat io.netty.handler.codec.MessageToMessageDecoder.channelRead(MessageToMessageDecoder.java:107)\n\tat io.netty.channel.AbstractChannelHandlerContext.fireChannelRead(AbstractChannelHandlerContext.java:356)\n\tat io.netty.channel.CombinedChannelDuplexHandler$DelegatingChannelHandlerContext.fireChannelRead(CombinedChannelDuplexHandler.java:434)\n\tat io.netty.handler.codec.ByteToMessageDecoder.fireChannelRead(ByteToMessageDecoder.java:346)\n\tat io.netty.handler.codec.ByteToMessageDecoder.channelRead(ByteToMessageDecoder.java:318)\n\tat io.netty.channel.CombinedChannelDuplexHandler.channelRead(CombinedChannelDuplexHandler.java:249)\n\tat io.netty.channel.AbstractChannelHandlerContext.fireChannelRead(AbstractChannelHandlerContext.java:354)\n\tat io.netty.handler.timeout.IdleStateHandler.channelRead(IdleStateHandler.java:293)\n\tat io.netty.channel.AbstractChannelHandlerContext.fireChannelRead(AbstractChannelHandlerContext.java:354)\n\tat io.netty.channel.DefaultChannelPipeline$HeadContext.channelRead(DefaultChannelPipeline.java:1429)\n\tat io.netty.channel.DefaultChannelPipeline.fireChannelRead(DefaultChannelPipeline.java:918)\n\tat io.netty.channel.nio.AbstractNioByteChannel$NioByteUnsafe.read(AbstractNioByteChannel.java:168)\n\tat io.netty.channel.nio.AbstractNioChannel$AbstractNioUnsafe.handle(AbstractNioChannel.java:445)\n\tat io.netty.channel.nio.NioIoHandler$DefaultNioRegistration.handle(NioIoHandler.java:388)\n\tat io.netty.channel.nio.NioIoHandler.processSelectedKey(NioIoHandler.java:596)\n\tat io.netty.channel.nio.NioIoHandler.processSelectedKeysOptimized(NioIoHandler.java:571)\n\tat io.netty.channel.nio.NioIoHandler.processSelectedKeys(NioIoHandler.java:512)\n\tat io.netty.channel.nio.NioIoHandler.run(NioIoHandler.java:484)\n\tat io.netty.channel.SingleThreadIoEventLoop.runIo(SingleThreadIoEventLoop.java:225)\n\tat io.netty.channel.SingleThreadIoEventLoop.run(SingleThreadIoEventLoop.java:196)\n\tat io.netty.util.concurrent.SingleThreadEventExecutor$5.run(SingleThreadEventExecutor.java:1193)\n\tat io.netty.util.internal.ThreadExecutorMap$2.run(ThreadExecutorMap.java:74)\n\tat io.netty.util.concurrent.FastThreadLocalRunnable.run(FastThreadLocalRunnable.java:30)\n\tat java.lang.Thread.run(Thread.java:764)\n"}}
05-18 19:20:54.863  5093  5119 I appium  : AppiumResponse: {"sessionId":"e060cd36-560e-42c5-91e1-180205131cf7","value":{"error":"no such element","message":"An element could not be located on the page using the given search parameters","stacktrace":"io.appium.uiautomator2.common.exceptions.ElementNotFoundException: An element could not be located on the page using the given search parameters\n\tat io.appium.uiautomator2.utils.ElementLocationHelpers.findElement(ElementLocationHelpers.java:153)\n\tat io.appium.uiautomator2.handler.FindElement.safeHandle(FindElement.java:60)\n\tat io.appium.uiautomator2.handler.request.SafeRequestHandler.handle(SafeRequestHandler.java:59)\n\tat io.appium.uiautomator2.server.AppiumServlet.handleRequest(AppiumServlet.java:267)\n\tat io.appium.uiautomator2.server.AppiumServlet.handleHttpRequest(AppiumServlet.java:261)\n\tat io.appium.uiautomator2.http.ServerHandler.channelRead(ServerHandler.java:77)\n\tat io.netty.channel.AbstractChannelHandlerContext.fireChannelRead(AbstractChannelHandlerContext.java:356)\n\tat io.netty.handler.codec.MessageToMessageDecoder.channelRead(MessageToMessageDecoder.java:107)\n\tat io.netty.channel.AbstractChannelHandlerContext.fireChannelRead(AbstractChannelHandlerContext.java:356)\n\tat io.netty.channel.CombinedChannelDuplexHandler$DelegatingChannelHandlerContext.fireChannelRead(CombinedChannelDuplexHandler.java:434)\n\tat io.netty.handler.codec.ByteToMessageDecoder.fireChannelRead(ByteToMessageDecoder.java:346)\n\tat io.netty.handler.codec.ByteToMessageDecoder.channelRead(ByteToMessageDecoder.java:318)\n\tat io.netty.channel.CombinedChannelDuplexHandler.channelRead(CombinedChannelDuplexHandler.java:249)\n\tat io.netty.channel.AbstractChannelHandlerContext.fireChannelRead(AbstractChannelHandlerContext.java:354)\n\tat io.netty.handler.timeout.IdleStateHandler.channelRead(IdleStateHandler.java:293)\n\tat io.netty.channel.AbstractChannelHandlerContext.fireChannelRead(AbstractChannelHandlerContext.java:354)\n\tat io.netty.channel.DefaultChannelPipeline$HeadContext.channelRead(DefaultChannelPipeline.java:1429)\n\tat io.netty.channel.DefaultChannelPipeline.fireChannelRead(DefaultChannelPipeline.java:918)\n\tat io.netty.channel.nio.AbstractNioByteChannel$NioByteUnsafe.read(AbstractNioByteChannel.java:168)\n\tat io.netty.channel.nio.AbstractNioChannel$AbstractNioUnsafe.handle(AbstractNioChannel.java:445)\n\tat io.netty.channel.nio.NioIoHandler$DefaultNioRegistration.handle(NioIoHandler.java:388)\n\tat io.netty.channel.nio.NioIoHandler.processSelectedKey(NioIoHandler.java:596)\n\tat io.netty.channel.nio.NioIoHandler.processSelectedKeysOptimized(NioIoHandler.java:571)\n\tat io.netty.channel.nio.NioIoHandler.processSelectedKeys(NioIoHandler.java:512)\n\tat io.netty.channel.nio.NioIoHandler.run(NioIoHandler.java:484)\n\tat io.netty.channel.SingleThreadIoEventLoop.runIo(SingleThreadIoEventLoop.java:225)\n\tat io.netty.channel.SingleThreadIoEventLoop.run(SingleThreadIoEventLoop.java:196)\n\tat io.netty.util.concurrent.SingleThreadEventExecutor$5.run(SingleThreadEventExecutor.java:1193)\n\tat io.netty.util.internal.ThreadExecutorMap$2.run(ThreadExecutorMap.java:74)\n\tat io.netty.util.concurrent.FastThreadLocalRunnable.run(FastThreadLocalRunnable.java:30)\n\tat java.lang.Thread.run(Thread.java:764)\n"}}
05-18 19:20:55.558  5093  5119 I appium  : AppiumResponse: {"sessionId":"e060cd36-560e-42c5-91e1-180205131cf7","value":{"error":"no such element","message":"An element could not be located on the page using the given search parameters","stacktrace":"io.appium.uiautomator2.common.exceptions.ElementNotFoundException: An element could not be located on the page using the given search parameters\n\tat io.appium.uiautomator2.utils.ElementLocationHelpers.findElement(ElementLocationHelpers.java:153)\n\tat io.appium.uiautomator2.handler.FindElement.safeHandle(FindElement.java:60)\n\tat io.appium.uiautomator2.handler.request.SafeRequestHandler.handle(SafeRequestHandler.java:59)\n\tat io.appium.uiautomator2.server.AppiumServlet.handleRequest(AppiumServlet.java:267)\n\tat io.appium.uiautomator2.server.AppiumServlet.handleHttpRequest(AppiumServlet.java:261)\n\tat io.appium.uiautomator2.http.ServerHandler.channelRead(ServerHandler.java:77)\n\tat io.netty.channel.AbstractChannelHandlerContext.fireChannelRead(AbstractChannelHandlerContext.java:356)\n\tat io.netty.handler.codec.MessageToMessageDecoder.channelRead(MessageToMessageDecoder.java:107)\n\tat io.netty.channel.AbstractChannelHandlerContext.fireChannelRead(AbstractChannelHandlerContext.java:356)\n\tat io.netty.channel.CombinedChannelDuplexHandler$DelegatingChannelHandlerContext.fireChannelRead(CombinedChannelDuplexHandler.java:434)\n\tat io.netty.handler.codec.ByteToMessageDecoder.fireChannelRead(ByteToMessageDecoder.java:346)\n\tat io.netty.handler.codec.ByteToMessageDecoder.channelRead(ByteToMessageDecoder.java:318)\n\tat io.netty.channel.CombinedChannelDuplexHandler.channelRead(CombinedChannelDuplexHandler.java:249)\n\tat io.netty.channel.AbstractChannelHandlerContext.fireChannelRead(AbstractChannelHandlerContext.java:354)\n\tat io.netty.handler.timeout.IdleStateHandler.channelRead(IdleStateHandler.java:293)\n\tat io.netty.channel.AbstractChannelHandlerContext.fireChannelRead(AbstractChannelHandlerContext.java:354)\n\tat io.netty.channel.DefaultChannelPipeline$HeadContext.channelRead(DefaultChannelPipeline.java:1429)\n\tat io.netty.channel.DefaultChannelPipeline.fireChannelRead(DefaultChannelPipeline.java:918)\n\tat io.netty.channel.nio.AbstractNioByteChannel$NioByteUnsafe.read(AbstractNioByteChannel.java:168)\n\tat io.netty.channel.nio.AbstractNioChannel$AbstractNioUnsafe.handle(AbstractNioChannel.java:445)\n\tat io.netty.channel.nio.NioIoHandler$DefaultNioRegistration.handle(NioIoHandler.java:388)\n\tat io.netty.channel.nio.NioIoHandler.processSelectedKey(NioIoHandler.java:596)\n\tat io.netty.channel.nio.NioIoHandler.processSelectedKeysOptimized(NioIoHandler.java:571)\n\tat io.netty.channel.nio.NioIoHandler.processSelectedKeys(NioIoHandler.java:512)\n\tat io.netty.channel.nio.NioIoHandler.run(NioIoHandler.java:484)\n\tat io.netty.channel.SingleThreadIoEventLoop.runIo(SingleThreadIoEventLoop.java:225)\n\tat io.netty.channel.SingleThreadIoEventLoop.run(SingleThreadIoEventLoop.java:196)\n\tat io.netty.util.concurrent.SingleThreadEventExecutor$5.run(SingleThreadEventExecutor.java:1193)\n\tat io.netty.util.internal.ThreadExecutorMap$2.run(ThreadExecutorMap.java:74)\n\tat io.netty.util.concurrent.FastThreadLocalRunnable.run(FastThreadLocalRunnable.java:30)\n\tat java.lang.Thread.run(Thread.java:764)\n"}}
05-18 19:20:56.249  5093  5119 I appium  : AppiumResponse: {"sessionId":"e060cd36-560e-42c5-91e1-180205131cf7","value":{"error":"no such element","message":"An element could not be located on the page using the given search parameters","stacktrace":"io.appium.uiautomator2.common.exceptions.ElementNotFoundException: An element could not be located on the page using the given search parameters\n\tat io.appium.uiautomator2.utils.ElementLocationHelpers.findElement(ElementLocationHelpers.java:153)\n\tat io.appium.uiautomator2.handler.FindElement.safeHandle(FindElement.java:60)\n\tat io.appium.uiautomator2.handler.request.SafeRequestHandler.handle(SafeRequestHandler.java:59)\n\tat io.appium.uiautomator2.server.AppiumServlet.handleRequest(AppiumServlet.java:267)\n\tat io.appium.uiautomator2.server.AppiumServlet.handleHttpRequest(AppiumServlet.java:261)\n\tat io.appium.uiautomator2.http.ServerHandler.channelRead(ServerHandler.java:77)\n\tat io.netty.channel.AbstractChannelHandlerContext.fireChannelRead(AbstractChannelHandlerContext.java:356)\n\tat io.netty.handler.codec.MessageToMessageDecoder.channelRead(MessageToMessageDecoder.java:107)\n\tat io.netty.channel.AbstractChannelHandlerContext.fireChannelRead(AbstractChannelHandlerContext.java:356)\n\tat io.netty.channel.CombinedChannelDuplexHandler$DelegatingChannelHandlerContext.fireChannelRead(CombinedChannelDuplexHandler.java:434)\n\tat io.netty.handler.codec.ByteToMessageDecoder.fireChannelRead(ByteToMessageDecoder.java:346)\n\tat io.netty.handler.codec.ByteToMessageDecoder.channelRead(ByteToMessageDecoder.java:318)\n\tat io.netty.channel.CombinedChannelDuplexHandler.channelRead(CombinedChannelDuplexHandler.java:249)\n\tat io.netty.channel.AbstractChannelHandlerContext.fireChannelRead(AbstractChannelHandlerContext.java:354)\n\tat io.netty.handler.timeout.IdleStateHandler.channelRead(IdleStateHandler.java:293)\n\tat io.netty.channel.AbstractChannelHandlerContext.fireChannelRead(AbstractChannelHandlerContext.java:354)\n\tat io.netty.channel.DefaultChannelPipeline$HeadContext.channelRead(DefaultChannelPipeline.java:1429)\n\tat io.netty.channel.DefaultChannelPipeline.fireChannelRead(DefaultChannelPipeline.java:918)\n\tat io.netty.channel.nio.AbstractNioByteChannel$NioByteUnsafe.read(AbstractNioByteChannel.java:168)\n\tat io.netty.channel.nio.AbstractNioChannel$AbstractNioUnsafe.handle(AbstractNioChannel.java:445)\n\tat io.netty.channel.nio.NioIoHandler$DefaultNioRegistration.handle(NioIoHandler.java:388)\n\tat io.netty.channel.nio.NioIoHandler.processSelectedKey(NioIoHandler.java:596)\n\tat io.netty.channel.nio.NioIoHandler.processSelectedKeysOptimized(NioIoHandler.java:571)\n\tat io.netty.channel.nio.NioIoHandler.processSelectedKeys(NioIoHandler.java:512)\n\tat io.netty.channel.nio.NioIoHandler.run(NioIoHandler.java:484)\n\tat io.netty.channel.SingleThreadIoEventLoop.runIo(SingleThreadIoEventLoop.java:225)\n\tat io.netty.channel.SingleThreadIoEventLoop.run(SingleThreadIoEventLoop.java:196)\n\tat io.netty.util.concurrent.SingleThreadEventExecutor$5.run(SingleThreadEventExecutor.java:1193)\n\tat io.netty.util.internal.ThreadExecutorMap$2.run(ThreadExecutorMap.java:74)\n\tat io.netty.util.concurrent.FastThreadLocalRunnable.run(FastThreadLocalRunnable.java:30)\n\tat java.lang.Thread.run(Thread.java:764)\n"}}
05-18 19:20:56.960  5093  5119 I appium  : AppiumResponse: {"sessionId":"e060cd36-560e-42c5-91e1-180205131cf7","value":{"error":"no such element","message":"An element could not be located on the page using the given search parameters","stacktrace":"io.appium.uiautomator2.common.exceptions.ElementNotFoundException: An element could not be located on the page using the given search parameters\n\tat io.appium.uiautomator2.utils.ElementLocationHelpers.findElement(ElementLocationHelpers.java:153)\n\tat io.appium.uiautomator2.handler.FindElement.safeHandle(FindElement.java:60)\n\tat io.appium.uiautomator2.handler.request.SafeRequestHandler.handle(SafeRequestHandler.java:59)\n\tat io.appium.uiautomator2.server.AppiumServlet.handleRequest(AppiumServlet.java:267)\n\tat io.appium.uiautomator2.server.AppiumServlet.handleHttpRequest(AppiumServlet.java:261)\n\tat io.appium.uiautomator2.http.ServerHandler.channelRead(ServerHandler.java:77)\n\tat io.netty.channel.AbstractChannelHandlerContext.fireChannelRead(AbstractChannelHandlerContext.java:356)\n\tat io.netty.handler.codec.MessageToMessageDecoder.channelRead(MessageToMessageDecoder.java:107)\n\tat io.netty.channel.AbstractChannelHandlerContext.fireChannelRead(AbstractChannelHandlerContext.java:356)\n\tat io.netty.channel.CombinedChannelDuplexHandler$DelegatingChannelHandlerContext.fireChannelRead(CombinedChannelDuplexHandler.java:434)\n\tat io.netty.handler.codec.ByteToMessageDecoder.fireChannelRead(ByteToMessageDecoder.java:346)\n\tat io.netty.handler.codec.ByteToMessageDecoder.channelRead(ByteToMessageDecoder.java:318)\n\tat io.netty.channel.CombinedChannelDuplexHandler.channelRead(CombinedChannelDuplexHandler.java:249)\n\tat io.netty.channel.AbstractChannelHandlerContext.fireChannelRead(AbstractChannelHandlerContext.java:354)\n\tat io.netty.handler.timeout.IdleStateHandler.channelRead(IdleStateHandler.java:293)\n\tat io.netty.channel.AbstractChannelHandlerContext.fireChannelRead(AbstractChannelHandlerContext.java:354)\n\tat io.netty.channel.DefaultChannelPipeline$HeadContext.channelRead(DefaultChannelPipeline.java:1429)\n\tat io.netty.channel.DefaultChannelPipeline.fireChannelRead(DefaultChannelPipeline.java:918)\n\tat io.netty.channel.nio.AbstractNioByteChannel$NioByteUnsafe.read(AbstractNioByteChannel.java:168)\n\tat io.netty.channel.nio.AbstractNioChannel$AbstractNioUnsafe.handle(AbstractNioChannel.java:445)\n\tat io.netty.channel.nio.NioIoHandler$DefaultNioRegistration.handle(NioIoHandler.java:388)\n\tat io.netty.channel.nio.NioIoHandler.processSelectedKey(NioIoHandler.java:596)\n\tat io.netty.channel.nio.NioIoHandler.processSelectedKeysOptimized(NioIoHandler.java:571)\n\tat io.netty.channel.nio.NioIoHandler.processSelectedKeys(NioIoHandler.java:512)\n\tat io.netty.channel.nio.NioIoHandler.run(NioIoHandler.java:484)\n\tat io.netty.channel.SingleThreadIoEventLoop.runIo(SingleThreadIoEventLoop.java:225)\n\tat io.netty.channel.SingleThreadIoEventLoop.run(SingleThreadIoEventLoop.java:196)\n\tat io.netty.util.concurrent.SingleThreadEventExecutor$5.run(SingleThreadEventExecutor.java:1193)\n\tat io.netty.util.internal.ThreadExecutorMap$2.run(ThreadExecutorMap.java:74)\n\tat io.netty.util.concurrent.FastThreadLocalRunnable.run(FastThreadLocalRunnable.java:30)\n\tat java.lang.Thread.run(Thread.java:764)\n"}}
05-18 19:20:57.658  5093  5119 I appium  : AppiumResponse: {"sessionId":"e060cd36-560e-42c5-91e1-180205131cf7","value":{"error":"no such element","message":"An element could not be located on the page using the given search parameters","stacktrace":"io.appium.uiautomator2.common.exceptions.ElementNotFoundException: An element could not be located on the page using the given search parameters\n\tat io.appium.uiautomator2.utils.ElementLocationHelpers.findElement(ElementLocationHelpers.java:153)\n\tat io.appium.uiautomator2.handler.FindElement.safeHandle(FindElement.java:60)\n\tat io.appium.uiautomator2.handler.request.SafeRequestHandler.handle(SafeRequestHandler.java:59)\n\tat io.appium.uiautomator2.server.AppiumServlet.handleRequest(AppiumServlet.java:267)\n\tat io.appium.uiautomator2.server.AppiumServlet.handleHttpRequest(AppiumServlet.java:261)\n\tat io.appium.uiautomator2.http.ServerHandler.channelRead(ServerHandler.java:77)\n\tat io.netty.channel.AbstractChannelHandlerContext.fireChannelRead(AbstractChannelHandlerContext.java:356)\n\tat io.netty.handler.codec.MessageToMessageDecoder.channelRead(MessageToMessageDecoder.java:107)\n\tat io.netty.channel.AbstractChannelHandlerContext.fireChannelRead(AbstractChannelHandlerContext.java:356)\n\tat io.netty.channel.CombinedChannelDuplexHandler$DelegatingChannelHandlerContext.fireChannelRead(CombinedChannelDuplexHandler.java:434)\n\tat io.netty.handler.codec.ByteToMessageDecoder.fireChannelRead(ByteToMessageDecoder.java:346)\n\tat io.netty.handler.codec.ByteToMessageDecoder.channelRead(ByteToMessageDecoder.java:318)\n\tat io.netty.channel.CombinedChannelDuplexHandler.channelRead(CombinedChannelDuplexHandler.java:249)\n\tat io.netty.channel.AbstractChannelHandlerContext.fireChannelRead(AbstractChannelHandlerContext.java:354)\n\tat io.netty.handler.timeout.IdleStateHandler.channelRead(IdleStateHandler.java:293)\n\tat io.netty.channel.AbstractChannelHandlerContext.fireChannelRead(AbstractChannelHandlerContext.java:354)\n\tat io.netty.channel.DefaultChannelPipeline$HeadContext.channelRead(DefaultChannelPipeline.java:1429)\n\tat io.netty.channel.DefaultChannelPipeline.fireChannelRead(DefaultChannelPipeline.java:918)\n\tat io.netty.channel.nio.AbstractNioByteChannel$NioByteUnsafe.read(AbstractNioByteChannel.java:168)\n\tat io.netty.channel.nio.AbstractNioChannel$AbstractNioUnsafe.handle(AbstractNioChannel.java:445)\n\tat io.netty.channel.nio.NioIoHandler$DefaultNioRegistration.handle(NioIoHandler.java:388)\n\tat io.netty.channel.nio.NioIoHandler.processSelectedKey(NioIoHandler.java:596)\n\tat io.netty.channel.nio.NioIoHandler.processSelectedKeysOptimized(NioIoHandler.java:571)\n\tat io.netty.channel.nio.NioIoHandler.processSelectedKeys(NioIoHandler.java:512)\n\tat io.netty.channel.nio.NioIoHandler.run(NioIoHandler.java:484)\n\tat io.netty.channel.SingleThreadIoEventLoop.runIo(SingleThreadIoEventLoop.java:225)\n\tat io.netty.channel.SingleThreadIoEventLoop.run(SingleThreadIoEventLoop.java:196)\n\tat io.netty.util.concurrent.SingleThreadEventExecutor$5.run(SingleThreadEventExecutor.java:1193)\n\tat io.netty.util.internal.ThreadExecutorMap$2.run(ThreadExecutorMap.java:74)\n\tat io.netty.util.concurrent.FastThreadLocalRunnable.run(FastThreadLocalRunnable.java:30)\n\tat java.lang.Thread.run(Thread.java:764)\n"}}
05-18 19:20:58.358  5093  5119 I appium  : AppiumResponse: {"sessionId":"e060cd36-560e-42c5-91e1-180205131cf7","value":{"error":"no such element","message":"An element could not be located on the page using the given search parameters","stacktrace":"io.appium.uiautomator2.common.exceptions.ElementNotFoundException: An element could not be located on the page using the given search parameters\n\tat io.appium.uiautomator2.utils.ElementLocationHelpers.findElement(ElementLocationHelpers.java:153)\n\tat io.appium.uiautomator2.handler.FindElement.safeHandle(FindElement.java:60)\n\tat io.appium.uiautomator2.handler.request.SafeRequestHandler.handle(SafeRequestHandler.java:59)\n\tat io.appium.uiautomator2.server.AppiumServlet.handleRequest(AppiumServlet.java:267)\n\tat io.appium.uiautomator2.server.AppiumServlet.handleHttpRequest(AppiumServlet.java:261)\n\tat io.appium.uiautomator2.http.ServerHandler.channelRead(ServerHandler.java:77)\n\tat io.netty.channel.AbstractChannelHandlerContext.fireChannelRead(AbstractChannelHandlerContext.java:356)\n\tat io.netty.handler.codec.MessageToMessageDecoder.channelRead(MessageToMessageDecoder.java:107)\n\tat io.netty.channel.AbstractChannelHandlerContext.fireChannelRead(AbstractChannelHandlerContext.java:356)\n\tat io.netty.channel.CombinedChannelDuplexHandler$DelegatingChannelHandlerContext.fireChannelRead(CombinedChannelDuplexHandler.java:434)\n\tat io.netty.handler.codec.ByteToMessageDecoder.fireChannelRead(ByteToMessageDecoder.java:346)\n\tat io.netty.handler.codec.ByteToMessageDecoder.channelRead(ByteToMessageDecoder.java:318)\n\tat io.netty.channel.CombinedChannelDuplexHandler.channelRead(CombinedChannelDuplexHandler.java:249)\n\tat io.netty.channel.AbstractChannelHandlerContext.fireChannelRead(AbstractChannelHandlerContext.java:354)\n\tat io.netty.handler.timeout.IdleStateHandler.channelRead(IdleStateHandler.java:293)\n\tat io.netty.channel.AbstractChannelHandlerContext.fireChannelRead(AbstractChannelHandlerContext.java:354)\n\tat io.netty.channel.DefaultChannelPipeline$HeadContext.channelRead(DefaultChannelPipeline.java:1429)\n\tat io.netty.channel.DefaultChannelPipeline.fireChannelRead(DefaultChannelPipeline.java:918)\n\tat io.netty.channel.nio.AbstractNioByteChannel$NioByteUnsafe.read(AbstractNioByteChannel.java:168)\n\tat io.netty.channel.nio.AbstractNioChannel$AbstractNioUnsafe.handle(AbstractNioChannel.java:445)\n\tat io.netty.channel.nio.NioIoHandler$DefaultNioRegistration.handle(NioIoHandler.java:388)\n\tat io.netty.channel.nio.NioIoHandler.processSelectedKey(NioIoHandler.java:596)\n\tat io.netty.channel.nio.NioIoHandler.processSelectedKeysOptimized(NioIoHandler.java:571)\n\tat io.netty.channel.nio.NioIoHandler.processSelectedKeys(NioIoHandler.java:512)\n\tat io.netty.channel.nio.NioIoHandler.run(NioIoHandler.java:484)\n\tat io.netty.channel.SingleThreadIoEventLoop.runIo(SingleThreadIoEventLoop.java:225)\n\tat io.netty.channel.SingleThreadIoEventLoop.run(SingleThreadIoEventLoop.java:196)\n\tat io.netty.util.concurrent.SingleThreadEventExecutor$5.run(SingleThreadEventExecutor.java:1193)\n\tat io.netty.util.internal.ThreadExecutorMap$2.run(ThreadExecutorMap.java:74)\n\tat io.netty.util.concurrent.FastThreadLocalRunnable.run(FastThreadLocalRunnable.java:30)\n\tat java.lang.Thread.run(Thread.java:764)\n"}}
05-18 19:20:59.037   669  1025 V AlarmManager: set(PendingIntent{5d6d008: PendingIntentRecord{e0933a1 android broadcastIntent}}) : type=3 triggerAtTime=35547063 win=225000 tElapsed=35547063 maxElapsed=35772063 interval=0 flags=0x8
05-18 19:20:59.040  5093  5119 I appium  : AppiumResponse: {"sessionId":"e060cd36-560e-42c5-91e1-180205131cf7","value":{"error":"no such element","message":"An element could not be located on the page using the given search parameters","stacktrace":"io.appium.uiautomator2.common.exceptions.ElementNotFoundException: An element could not be located on the page using the given search parameters\n\tat io.appium.uiautomator2.utils.ElementLocationHelpers.findElement(ElementLocationHelpers.java:153)\n\tat io.appium.uiautomator2.handler.FindElement.safeHandle(FindElement.java:60)\n\tat io.appium.uiautomator2.handler.request.SafeRequestHandler.handle(SafeRequestHandler.java:59)\n\tat io.appium.uiautomator2.server.AppiumServlet.handleRequest(AppiumServlet.java:267)\n\tat io.appium.uiautomator2.server.AppiumServlet.handleHttpRequest(AppiumServlet.java:261)\n\tat io.appium.uiautomator2.http.ServerHandler.channelRead(ServerHandler.java:77)\n\tat io.netty.channel.AbstractChannelHandlerContext.fireChannelRead(AbstractChannelHandlerContext.java:356)\n\tat io.netty.handler.codec.MessageToMessageDecoder.channelRead(MessageToMessageDecoder.java:107)\n\tat io.netty.channel.AbstractChannelHandlerContext.fireChannelRead(AbstractChannelHandlerContext.java:356)\n\tat io.netty.channel.CombinedChannelDuplexHandler$DelegatingChannelHandlerContext.fireChannelRead(CombinedChannelDuplexHandler.java:434)\n\tat io.netty.handler.codec.ByteToMessageDecoder.fireChannelRead(ByteToMessageDecoder.java:346)\n\tat io.netty.handler.codec.ByteToMessageDecoder.channelRead(ByteToMessageDecoder.java:318)\n\tat io.netty.channel.CombinedChannelDuplexHandler.channelRead(CombinedChannelDuplexHandler.java:249)\n\tat io.netty.channel.AbstractChannelHandlerContext.fireChannelRead(AbstractChannelHandlerContext.java:354)\n\tat io.netty.handler.timeout.IdleStateHandler.channelRead(IdleStateHandler.java:293)\n\tat io.netty.channel.AbstractChannelHandlerContext.fireChannelRead(AbstractChannelHandlerContext.java:354)\n\tat io.netty.channel.DefaultChannelPipeline$HeadContext.channelRead(DefaultChannelPipeline.java:1429)\n\tat io.netty.channel.DefaultChannelPipeline.fireChannelRead(DefaultChannelPipeline.java:918)\n\tat io.netty.channel.nio.AbstractNioByteChannel$NioByteUnsafe.read(AbstractNioByteChannel.java:168)\n\tat io.netty.channel.nio.AbstractNioChannel$AbstractNioUnsafe.handle(AbstractNioChannel.java:445)\n\tat io.netty.channel.nio.NioIoHandler$DefaultNioRegistration.handle(NioIoHandler.java:388)\n\tat io.netty.channel.nio.NioIoHandler.processSelectedKey(NioIoHandler.java:596)\n\tat io.netty.channel.nio.NioIoHandler.processSelectedKeysOptimized(NioIoHandler.java:571)\n\tat io.netty.channel.nio.NioIoHandler.processSelectedKeys(NioIoHandler.java:512)\n\tat io.netty.channel.nio.NioIoHandler.run(NioIoHandler.java:484)\n\tat io.netty.channel.SingleThreadIoEventLoop.runIo(SingleThreadIoEventLoop.java:225)\n\tat io.netty.channel.SingleThreadIoEventLoop.run(SingleThreadIoEventLoop.java:196)\n\tat io.netty.util.concurrent.SingleThreadEventExecutor$5.run(SingleThreadEventExecutor.java:1193)\n\tat io.netty.util.internal.ThreadExecutorMap$2.run(ThreadExecutorMap.java:74)\n\tat io.netty.util.concurrent.FastThreadLocalRunnable.run(FastThreadLocalRunnable.java:30)\n\tat java.lang.Thread.run(Thread.java:764)\n"}}
05-18 19:20:59.278  5093  5119 I appium  : AppiumResponse: {"sessionId":"e060cd36-560e-42c5-91e1-180205131cf7","value":{"ELEMENT":"00000000-0000-0427-ffff-ffff00000031","element-6066-11e4-a52e-4f735466cecf":"00000000-0000-0427-ffff-ffff00000031"}}
05-18 19:20:59.359  5093  5119 I appium  : AppiumResponse: {"sessionId":"e060cd36-560e-42c5-91e1-180205131cf7","value":null}
05-18 19:21:00.000   669   800 V AlarmManager: sending alarm Alarm{5a00123 type 3 when 35248025 android}
05-18 19:21:00.000   669   800 D BroadcastQueue: Add broadcast <BroadcastRecord{98b5620 u-1 android.intent.action.TIME_TICK}> into [ordered | foreground], pending size 0
05-18 19:21:00.000   669   800 D BroadcastQueue: Header is BroadcastRecord{98b5620 u-1 android.intent.action.TIME_TICK} now
05-18 19:21:00.001   669   669 V AlarmManager: set(PendingIntent{92f1e8d: PendingIntentRecord{26d2842 android broadcastIntent}}) : type=3 triggerAtTime=35308025 win=0 tElapsed=35308025 maxElapsed=35308025 interval=0 flags=0x1
05-18 19:21:00.001  5093  5119 I appium  : AppiumResponse: {"sessionId":"e060cd36-560e-42c5-91e1-180205131cf7","value":{"ELEMENT":"00000000-0000-0427-ffff-ffff00000031","element-6066-11e4-a52e-4f735466cecf":"00000000-0000-0427-ffff-ffff00000031"}}
05-18 19:21:00.034   669  1264 D BroadcastQueue: Finished with ordered broadcast BroadcastRecord{98b5620 u-1 android.intent.action.TIME_TICK} receivers:(10) take 33ms in [foreground], remains 0
05-18 19:21:00.693  5093  5119 I appium  : AppiumResponse: {"sessionId":"e060cd36-560e-42c5-91e1-180205131cf7","value":null}
05-18 19:21:01.362  5093  5119 I appium  : AppiumResponse: {"sessionId":"e060cd36-560e-42c5-91e1-180205131cf7","value":{"ELEMENT":"00000000-0000-0427-ffff-ffff00000051","element-6066-11e4-a52e-4f735466cecf":"00000000-0000-0427-ffff-ffff00000051"}}
05-18 19:21:01.429  5093  5119 I appium  : AppiumResponse: {"sessionId":"e060cd36-560e-42c5-91e1-180205131cf7","value":null}
05-18 19:21:01.619   669  4769 I ActivityManager: START u0 {cmp=com.pax.techpos/com.pax.easypos.display.ActivityList (has extras)} from uid 10055, pid 5184
05-18 19:21:01.620   669  4769 W ActivityManager: startActivity ActivityRecord r=ActivityRecord{11a99e u0 com.pax.techpos/com.pax.easypos.display.ActivityList t-1}
05-18 19:21:01.633   669  4769 I ActivityManager: ->startActivity for ActivityRecord{11a99e u0 com.pax.techpos/com.pax.easypos.display.ActivityList t317} result:0
05-18 19:21:02.125  5093  5119 I appium  : AppiumResponse: {"sessionId":"e060cd36-560e-42c5-91e1-180205131cf7","value":{"error":"no such element","message":"An element could not be located on the page using the given search parameters","stacktrace":"io.appium.uiautomator2.common.exceptions.ElementNotFoundException: An element could not be located on the page using the given search parameters\n\tat io.appium.uiautomator2.utils.ElementLocationHelpers.findElement(ElementLocationHelpers.java:153)\n\tat io.appium.uiautomator2.handler.FindElement.safeHandle(FindElement.java:60)\n\tat io.appium.uiautomator2.handler.request.SafeRequestHandler.handle(SafeRequestHandler.java:59)\n\tat io.appium.uiautomator2.server.AppiumServlet.handleRequest(AppiumServlet.java:267)\n\tat io.appium.uiautomator2.server.AppiumServlet.handleHttpRequest(AppiumServlet.java:261)\n\tat io.appium.uiautomator2.http.ServerHandler.channelRead(ServerHandler.java:77)\n\tat io.netty.channel.AbstractChannelHandlerContext.fireChannelRead(AbstractChannelHandlerContext.java:356)\n\tat io.netty.handler.codec.MessageToMessageDecoder.channelRead(MessageToMessageDecoder.java:107)\n\tat io.netty.channel.AbstractChannelHandlerContext.fireChannelRead(AbstractChannelHandlerContext.java:356)\n\tat io.netty.channel.CombinedChannelDuplexHandler$DelegatingChannelHandlerContext.fireChannelRead(CombinedChannelDuplexHandler.java:434)\n\tat io.netty.handler.codec.ByteToMessageDecoder.fireChannelRead(ByteToMessageDecoder.java:346)\n\tat io.netty.handler.codec.ByteToMessageDecoder.channelRead(ByteToMessageDecoder.java:318)\n\tat io.netty.channel.CombinedChannelDuplexHandler.channelRead(CombinedChannelDuplexHandler.java:249)\n\tat io.netty.channel.AbstractChannelHandlerContext.fireChannelRead(AbstractChannelHandlerContext.java:354)\n\tat io.netty.handler.timeout.IdleStateHandler.channelRead(IdleStateHandler.java:293)\n\tat io.netty.channel.AbstractChannelHandlerContext.fireChannelRead(AbstractChannelHandlerContext.java:354)\n\tat io.netty.channel.DefaultChannelPipeline$HeadContext.channelRead(DefaultChannelPipeline.java:1429)\n\tat io.netty.channel.DefaultChannelPipeline.fireChannelRead(DefaultChannelPipeline.java:918)\n\tat io.netty.channel.nio.AbstractNioByteChannel$NioByteUnsafe.read(AbstractNioByteChannel.java:168)\n\tat io.netty.channel.nio.AbstractNioChannel$AbstractNioUnsafe.handle(AbstractNioChannel.java:445)\n\tat io.netty.channel.nio.NioIoHandler$DefaultNioRegistration.handle(NioIoHandler.java:388)\n\tat io.netty.channel.nio.NioIoHandler.processSelectedKey(NioIoHandler.java:596)\n\tat io.netty.channel.nio.NioIoHandler.processSelectedKeysOptimized(NioIoHandler.java:571)\n\tat io.netty.channel.nio.NioIoHandler.processSelectedKeys(NioIoHandler.java:512)\n\tat io.netty.channel.nio.NioIoHandler.run(NioIoHandler.java:484)\n\tat io.netty.channel.SingleThreadIoEventLoop.runIo(SingleThreadIoEventLoop.java:225)\n\tat io.netty.channel.SingleThreadIoEventLoop.run(SingleThreadIoEventLoop.java:196)\n\tat io.netty.util.concurrent.SingleThreadEventExecutor$5.run(SingleThreadEventExecutor.java:1193)\n\tat io.netty.util.internal.ThreadExecutorMap$2.run(ThreadExecutorMap.java:74)\n\tat io.netty.util.concurrent.FastThreadLocalRunnable.run(FastThreadLocalRunnable.java:30)\n\tat java.lang.Thread.run(Thread.java:764)\n"}}
05-18 19:21:02.259   669  1271 D WindowManager: Input focus has changed to Window{ff2719b u0 com.pax.techpos/com.pax.easypos.display.ActivityList}
05-18 19:21:03.578  5093  5119 I appium  : AppiumResponse: {"sessionId":"e060cd36-560e-42c5-91e1-180205131cf7","value":{"ELEMENT":"00000000-0000-0428-ffff-ffff0000006e","element-6066-11e4-a52e-4f735466cecf":"00000000-0000-0428-ffff-ffff0000006e"}}
05-18 19:21:03.619  5093  5119 I appium  : AppiumResponse: {"sessionId":"e060cd36-560e-42c5-91e1-180205131cf7","value":"true"}
05-18 19:21:03.795  5093  5119 I appium  : AppiumResponse: {"sessionId":"e060cd36-560e-42c5-91e1-180205131cf7","value":{"ELEMENT":"00000000-0000-0428-ffff-ffff0000006e","element-6066-11e4-a52e-4f735466cecf":"00000000-0000-0428-ffff-ffff0000006e"}}
05-18 19:21:03.958   669  1264 D BroadcastQueue: Add broadcast <BroadcastRecord{18b4e76 u0 com.pax.intent.action.ManagerInfo}> into [ordered | background], pending size 0
05-18 19:21:03.958   669  1264 D BroadcastQueue: Header is BroadcastRecord{18b4e76 u0 com.pax.intent.action.ManagerInfo} now
05-18 19:21:04.082   669  1264 D BroadcastQueue: Finished with ordered broadcast BroadcastRecord{18b4e76 u0 com.pax.intent.action.ManagerInfo} receivers:(1) take 124ms in [background], remains 0
05-18 19:21:04.462  5093  5119 I appium  : AppiumResponse: {"sessionId":"e060cd36-560e-42c5-91e1-180205131cf7","value":null}
05-18 19:21:04.587   669  1264 D WindowManager: Input focus has changed to Window{5de40e4 u0 com.pax.techpos/com.pax.easypos.display.ActivityList}
05-18 19:21:04.736  5093  5119 I appium  : AppiumResponse: {"sessionId":"e060cd36-560e-42c5-91e1-180205131cf7","value":{"error":"no such element","message":"An element could not be located on the page using the given search parameters","stacktrace":"io.appium.uiautomator2.common.exceptions.ElementNotFoundException: An element could not be located on the page using the given search parameters\n\tat io.appium.uiautomator2.utils.ElementLocationHelpers.findElement(ElementLocationHelpers.java:153)\n\tat io.appium.uiautomator2.handler.FindElement.safeHandle(FindElement.java:60)\n\tat io.appium.uiautomator2.handler.request.SafeRequestHandler.handle(SafeRequestHandler.java:59)\n\tat io.appium.uiautomator2.server.AppiumServlet.handleRequest(AppiumServlet.java:267)\n\tat io.appium.uiautomator2.server.AppiumServlet.handleHttpRequest(AppiumServlet.java:261)\n\tat io.appium.uiautomator2.http.ServerHandler.channelRead(ServerHandler.java:77)\n\tat io.netty.channel.AbstractChannelHandlerContext.fireChannelRead(AbstractChannelHandlerContext.java:356)\n\tat io.netty.handler.codec.MessageToMessageDecoder.channelRead(MessageToMessageDecoder.java:107)\n\tat io.netty.channel.AbstractChannelHandlerContext.fireChannelRead(AbstractChannelHandlerContext.java:356)\n\tat io.netty.channel.CombinedChannelDuplexHandler$DelegatingChannelHandlerContext.fireChannelRead(CombinedChannelDuplexHandler.java:434)\n\tat io.netty.handler.codec.ByteToMessageDecoder.fireChannelRead(ByteToMessageDecoder.java:346)\n\tat io.netty.handler.codec.ByteToMessageDecoder.channelRead(ByteToMessageDecoder.java:318)\n\tat io.netty.channel.CombinedChannelDuplexHandler.channelRead(CombinedChannelDuplexHandler.java:249)\n\tat io.netty.channel.AbstractChannelHandlerContext.fireChannelRead(AbstractChannelHandlerContext.java:354)\n\tat io.netty.handler.timeout.IdleStateHandler.channelRead(IdleStateHandler.java:293)\n\tat io.netty.channel.AbstractChannelHandlerContext.fireChannelRead(AbstractChannelHandlerContext.java:354)\n\tat io.netty.channel.DefaultChannelPipeline$HeadContext.channelRead(DefaultChannelPipeline.java:1429)\n\tat io.netty.channel.DefaultChannelPipeline.fireChannelRead(DefaultChannelPipeline.java:918)\n\tat io.netty.channel.nio.AbstractNioByteChannel$NioByteUnsafe.read(AbstractNioByteChannel.java:168)\n\tat io.netty.channel.nio.AbstractNioChannel$AbstractNioUnsafe.handle(AbstractNioChannel.java:445)\n\tat io.netty.channel.nio.NioIoHandler$DefaultNioRegistration.handle(NioIoHandler.java:388)\n\tat io.netty.channel.nio.NioIoHandler.processSelectedKey(NioIoHandler.java:596)\n\tat io.netty.channel.nio.NioIoHandler.processSelectedKeysOptimized(NioIoHandler.java:571)\n\tat io.netty.channel.nio.NioIoHandler.processSelectedKeys(NioIoHandler.java:512)\n\tat io.netty.channel.nio.NioIoHandler.run(NioIoHandler.java:484)\n\tat io.netty.channel.SingleThreadIoEventLoop.runIo(SingleThreadIoEventLoop.java:225)\n\tat io.netty.channel.SingleThreadIoEventLoop.run(SingleThreadIoEventLoop.java:196)\n\tat io.netty.util.concurrent.SingleThreadEventExecutor$5.run(SingleThreadEventExecutor.java:1193)\n\tat io.netty.util.internal.ThreadExecutorMap$2.run(ThreadExecutorMap.java:74)\n\tat io.netty.util.concurrent.FastThreadLocalRunnable.run(FastThreadLocalRunnable.java:30)\n\tat java.lang.Thread.run(Thread.java:764)\n"}}
05-18 19:21:05.413   296   444 D ENGPC   : parse_event: event { 'change', '/devices/virtual/xt_idletimer/timers', 'xt_idletimer', '' }
05-18 19:21:05.423  5093  5119 I appium  : AppiumResponse: {"sessionId":"e060cd36-560e-42c5-91e1-180205131cf7","value":{"error":"no such element","message":"An element could not be located on the page using the given search parameters","stacktrace":"io.appium.uiautomator2.common.exceptions.ElementNotFoundException: An element could not be located on the page using the given search parameters\n\tat io.appium.uiautomator2.utils.ElementLocationHelpers.findElement(ElementLocationHelpers.java:153)\n\tat io.appium.uiautomator2.handler.FindElement.safeHandle(FindElement.java:60)\n\tat io.appium.uiautomator2.handler.request.SafeRequestHandler.handle(SafeRequestHandler.java:59)\n\tat io.appium.uiautomator2.server.AppiumServlet.handleRequest(AppiumServlet.java:267)\n\tat io.appium.uiautomator2.server.AppiumServlet.handleHttpRequest(AppiumServlet.java:261)\n\tat io.appium.uiautomator2.http.ServerHandler.channelRead(ServerHandler.java:77)\n\tat io.netty.channel.AbstractChannelHandlerContext.fireChannelRead(AbstractChannelHandlerContext.java:356)\n\tat io.netty.handler.codec.MessageToMessageDecoder.channelRead(MessageToMessageDecoder.java:107)\n\tat io.netty.channel.AbstractChannelHandlerContext.fireChannelRead(AbstractChannelHandlerContext.java:356)\n\tat io.netty.channel.CombinedChannelDuplexHandler$DelegatingChannelHandlerContext.fireChannelRead(CombinedChannelDuplexHandler.java:434)\n\tat io.netty.handler.codec.ByteToMessageDecoder.fireChannelRead(ByteToMessageDecoder.java:346)\n\tat io.netty.handler.codec.ByteToMessageDecoder.channelRead(ByteToMessageDecoder.java:318)\n\tat io.netty.channel.CombinedChannelDuplexHandler.channelRead(CombinedChannelDuplexHandler.java:249)\n\tat io.netty.channel.AbstractChannelHandlerContext.fireChannelRead(AbstractChannelHandlerContext.java:354)\n\tat io.netty.handler.timeout.IdleStateHandler.channelRead(IdleStateHandler.java:293)\n\tat io.netty.channel.AbstractChannelHandlerContext.fireChannelRead(AbstractChannelHandlerContext.java:354)\n\tat io.netty.channel.DefaultChannelPipeline$HeadContext.channelRead(DefaultChannelPipeline.java:1429)\n\tat io.netty.channel.DefaultChannelPipeline.fireChannelRead(DefaultChannelPipeline.java:918)\n\tat io.netty.channel.nio.AbstractNioByteChannel$NioByteUnsafe.read(AbstractNioByteChannel.java:168)\n\tat io.netty.channel.nio.AbstractNioChannel$AbstractNioUnsafe.handle(AbstractNioChannel.java:445)\n\tat io.netty.channel.nio.NioIoHandler$DefaultNioRegistration.handle(NioIoHandler.java:388)\n\tat io.netty.channel.nio.NioIoHandler.processSelectedKey(NioIoHandler.java:596)\n\tat io.netty.channel.nio.NioIoHandler.processSelectedKeysOptimized(NioIoHandler.java:571)\n\tat io.netty.channel.nio.NioIoHandler.processSelectedKeys(NioIoHandler.java:512)\n\tat io.netty.channel.nio.NioIoHandler.run(NioIoHandler.java:484)\n\tat io.netty.channel.SingleThreadIoEventLoop.runIo(SingleThreadIoEventLoop.java:225)\n\tat io.netty.channel.SingleThreadIoEventLoop.run(SingleThreadIoEventLoop.java:196)\n\tat io.netty.util.concurrent.SingleThreadEventExecutor$5.run(SingleThreadEventExecutor.java:1193)\n\tat io.netty.util.internal.ThreadExecutorMap$2.run(ThreadExecutorMap.java:74)\n\tat io.netty.util.concurrent.FastThreadLocalRunnable.run(FastThreadLocalRunnable.java:30)\n\tat java.lang.Thread.run(Thread.java:764)\n"}}
05-18 19:21:06.145  5093  5119 I appium  : AppiumResponse: {"sessionId":"e060cd36-560e-42c5-91e1-180205131cf7","value":{"error":"no such element","message":"An element could not be located on the page using the given search parameters","stacktrace":"io.appium.uiautomator2.common.exceptions.ElementNotFoundException: An element could not be located on the page using the given search parameters\n\tat io.appium.uiautomator2.utils.ElementLocationHelpers.findElement(ElementLocationHelpers.java:153)\n\tat io.appium.uiautomator2.handler.FindElement.safeHandle(FindElement.java:60)\n\tat io.appium.uiautomator2.handler.request.SafeRequestHandler.handle(SafeRequestHandler.java:59)\n\tat io.appium.uiautomator2.server.AppiumServlet.handleRequest(AppiumServlet.java:267)\n\tat io.appium.uiautomator2.server.AppiumServlet.handleHttpRequest(AppiumServlet.java:261)\n\tat io.appium.uiautomator2.http.ServerHandler.channelRead(ServerHandler.java:77)\n\tat io.netty.channel.AbstractChannelHandlerContext.fireChannelRead(AbstractChannelHandlerContext.java:356)\n\tat io.netty.handler.codec.MessageToMessageDecoder.channelRead(MessageToMessageDecoder.java:107)\n\tat io.netty.channel.AbstractChannelHandlerContext.fireChannelRead(AbstractChannelHandlerContext.java:356)\n\tat io.netty.channel.CombinedChannelDuplexHandler$DelegatingChannelHandlerContext.fireChannelRead(CombinedChannelDuplexHandler.java:434)\n\tat io.netty.handler.codec.ByteToMessageDecoder.fireChannelRead(ByteToMessageDecoder.java:346)\n\tat io.netty.handler.codec.ByteToMessageDecoder.channelRead(ByteToMessageDecoder.java:318)\n\tat io.netty.channel.CombinedChannelDuplexHandler.channelRead(CombinedChannelDuplexHandler.java:249)\n\tat io.netty.channel.AbstractChannelHandlerContext.fireChannelRead(AbstractChannelHandlerContext.java:354)\n\tat io.netty.handler.timeout.IdleStateHandler.channelRead(IdleStateHandler.java:293)\n\tat io.netty.channel.AbstractChannelHandlerContext.fireChannelRead(AbstractChannelHandlerContext.java:354)\n\tat io.netty.channel.DefaultChannelPipeline$HeadContext.channelRead(DefaultChannelPipeline.java:1429)\n\tat io.netty.channel.DefaultChannelPipeline.fireChannelRead(DefaultChannelPipeline.java:918)\n\tat io.netty.channel.nio.AbstractNioByteChannel$NioByteUnsafe.read(AbstractNioByteChannel.java:168)\n\tat io.netty.channel.nio.AbstractNioChannel$AbstractNioUnsafe.handle(AbstractNioChannel.java:445)\n\tat io.netty.channel.nio.NioIoHandler$DefaultNioRegistration.handle(NioIoHandler.java:388)\n\tat io.netty.channel.nio.NioIoHandler.processSelectedKey(NioIoHandler.java:596)\n\tat io.netty.channel.nio.NioIoHandler.processSelectedKeysOptimized(NioIoHandler.java:571)\n\tat io.netty.channel.nio.NioIoHandler.processSelectedKeys(NioIoHandler.java:512)\n\tat io.netty.channel.nio.NioIoHandler.run(NioIoHandler.java:484)\n\tat io.netty.channel.SingleThreadIoEventLoop.runIo(SingleThreadIoEventLoop.java:225)\n\tat io.netty.channel.SingleThreadIoEventLoop.run(SingleThreadIoEventLoop.java:196)\n\tat io.netty.util.concurrent.SingleThreadEventExecutor$5.run(SingleThreadEventExecutor.java:1193)\n\tat io.netty.util.internal.ThreadExecutorMap$2.run(ThreadExecutorMap.java:74)\n\tat io.netty.util.concurrent.FastThreadLocalRunnable.run(FastThreadLocalRunnable.java:30)\n\tat java.lang.Thread.run(Thread.java:764)\n"}}
05-18 19:21:06.282   669  1264 D WindowManager: Input focus has changed to Window{9b08750 u0 com.pax.techpos/com.pax.easypos.display.ActivityList}
05-18 19:21:06.923   296   444 D ENGPC   : parse_event: event { 'change', '/devices/platform/battery/power_supply/battery', 'power_supply', '' }
05-18 19:21:06.931   669   669 D BroadcastQueue: Add broadcast <BroadcastRecord{a1ec87c u-1 android.intent.action.BATTERY_CHANGED}> into [parallel | background], pending size 0
05-18 19:21:06.937   669   683 D BroadcastQueue: Done with parallel broadcast [background] [BroadcastRecord{a1ec87c u-1 android.intent.action.BATTERY_CHANGED}]
05-18 19:21:06.983   296   444 D ENGPC   : parse_event: event { 'change', '/devices/platform/battery/power_supply/battery', 'power_supply', '' }
05-18 19:21:07.035  5093  5119 I appium  : AppiumResponse: {"sessionId":"e060cd36-560e-42c5-91e1-180205131cf7","value":{"error":"no such element","message":"An element could not be located on the page using the given search parameters","stacktrace":"io.appium.uiautomator2.common.exceptions.ElementNotFoundException: An element could not be located on the page using the given search parameters\n\tat io.appium.uiautomator2.utils.ElementLocationHelpers.findElement(ElementLocationHelpers.java:153)\n\tat io.appium.uiautomator2.handler.FindElement.safeHandle(FindElement.java:60)\n\tat io.appium.uiautomator2.handler.request.SafeRequestHandler.handle(SafeRequestHandler.java:59)\n\tat io.appium.uiautomator2.server.AppiumServlet.handleRequest(AppiumServlet.java:267)\n\tat io.appium.uiautomator2.server.AppiumServlet.handleHttpRequest(AppiumServlet.java:261)\n\tat io.appium.uiautomator2.http.ServerHandler.channelRead(ServerHandler.java:77)\n\tat io.netty.channel.AbstractChannelHandlerContext.fireChannelRead(AbstractChannelHandlerContext.java:356)\n\tat io.netty.handler.codec.MessageToMessageDecoder.channelRead(MessageToMessageDecoder.java:107)\n\tat io.netty.channel.AbstractChannelHandlerContext.fireChannelRead(AbstractChannelHandlerContext.java:356)\n\tat io.netty.channel.CombinedChannelDuplexHandler$DelegatingChannelHandlerContext.fireChannelRead(CombinedChannelDuplexHandler.java:434)\n\tat io.netty.handler.codec.ByteToMessageDecoder.fireChannelRead(ByteToMessageDecoder.java:346)\n\tat io.netty.handler.codec.ByteToMessageDecoder.channelRead(ByteToMessageDecoder.java:318)\n\tat io.netty.channel.CombinedChannelDuplexHandler.channelRead(CombinedChannelDuplexHandler.java:249)\n\tat io.netty.channel.AbstractChannelHandlerContext.fireChannelRead(AbstractChannelHandlerContext.java:354)\n\tat io.netty.handler.timeout.IdleStateHandler.channelRead(IdleStateHandler.java:293)\n\tat io.netty.channel.AbstractChannelHandlerContext.fireChannelRead(AbstractChannelHandlerContext.java:354)\n\tat io.netty.channel.DefaultChannelPipeline$HeadContext.channelRead(DefaultChannelPipeline.java:1429)\n\tat io.netty.channel.DefaultChannelPipeline.fireChannelRead(DefaultChannelPipeline.java:918)\n\tat io.netty.channel.nio.AbstractNioByteChannel$NioByteUnsafe.read(AbstractNioByteChannel.java:168)\n\tat io.netty.channel.nio.AbstractNioChannel$AbstractNioUnsafe.handle(AbstractNioChannel.java:445)\n\tat io.netty.channel.nio.NioIoHandler$DefaultNioRegistration.handle(NioIoHandler.java:388)\n\tat io.netty.channel.nio.NioIoHandler.processSelectedKey(NioIoHandler.java:596)\n\tat io.netty.channel.nio.NioIoHandler.processSelectedKeysOptimized(NioIoHandler.java:571)\n\tat io.netty.channel.nio.NioIoHandler.processSelectedKeys(NioIoHandler.java:512)\n\tat io.netty.channel.nio.NioIoHandler.run(NioIoHandler.java:484)\n\tat io.netty.channel.SingleThreadIoEventLoop.runIo(SingleThreadIoEventLoop.java:225)\n\tat io.netty.channel.SingleThreadIoEventLoop.run(SingleThreadIoEventLoop.java:196)\n\tat io.netty.util.concurrent.SingleThreadEventExecutor$5.run(SingleThreadEventExecutor.java:1193)\n\tat io.netty.util.internal.ThreadExecutorMap$2.run(ThreadExecutorMap.java:74)\n\tat io.netty.util.concurrent.FastThreadLocalRunnable.run(FastThreadLocalRunnable.java:30)\n\tat java.lang.Thread.run(Thread.java:764)\n"}}
05-18 19:21:07.973  5093  5119 I appium  : AppiumResponse: {"sessionId":"e060cd36-560e-42c5-91e1-180205131cf7","value":{"error":"no such element","message":"An element could not be located on the page using the given search parameters","stacktrace":"io.appium.uiautomator2.common.exceptions.ElementNotFoundException: An element could not be located on the page using the given search parameters\n\tat io.appium.uiautomator2.utils.ElementLocationHelpers.findElement(ElementLocationHelpers.java:153)\n\tat io.appium.uiautomator2.handler.FindElement.safeHandle(FindElement.java:60)\n\tat io.appium.uiautomator2.handler.request.SafeRequestHandler.handle(SafeRequestHandler.java:59)\n\tat io.appium.uiautomator2.server.AppiumServlet.handleRequest(AppiumServlet.java:267)\n\tat io.appium.uiautomator2.server.AppiumServlet.handleHttpRequest(AppiumServlet.java:261)\n\tat io.appium.uiautomator2.http.ServerHandler.channelRead(ServerHandler.java:77)\n\tat io.netty.channel.AbstractChannelHandlerContext.fireChannelRead(AbstractChannelHandlerContext.java:356)\n\tat io.netty.handler.codec.MessageToMessageDecoder.channelRead(MessageToMessageDecoder.java:107)\n\tat io.netty.channel.AbstractChannelHandlerContext.fireChannelRead(AbstractChannelHandlerContext.java:356)\n\tat io.netty.channel.CombinedChannelDuplexHandler$DelegatingChannelHandlerContext.fireChannelRead(CombinedChannelDuplexHandler.java:434)\n\tat io.netty.handler.codec.ByteToMessageDecoder.fireChannelRead(ByteToMessageDecoder.java:346)\n\tat io.netty.handler.codec.ByteToMessageDecoder.channelRead(ByteToMessageDecoder.java:318)\n\tat io.netty.channel.CombinedChannelDuplexHandler.channelRead(CombinedChannelDuplexHandler.java:249)\n\tat io.netty.channel.AbstractChannelHandlerContext.fireChannelRead(AbstractChannelHandlerContext.java:354)\n\tat io.netty.handler.timeout.IdleStateHandler.channelRead(IdleStateHandler.java:293)\n\tat io.netty.channel.AbstractChannelHandlerContext.fireChannelRead(AbstractChannelHandlerContext.java:354)\n\tat io.netty.channel.DefaultChannelPipeline$HeadContext.channelRead(DefaultChannelPipeline.java:1429)\n\tat io.netty.channel.DefaultChannelPipeline.fireChannelRead(DefaultChannelPipeline.java:918)\n\tat io.netty.channel.nio.AbstractNioByteChannel$NioByteUnsafe.read(AbstractNioByteChannel.java:168)\n\tat io.netty.channel.nio.AbstractNioChannel$AbstractNioUnsafe.handle(AbstractNioChannel.java:445)\n\tat io.netty.channel.nio.NioIoHandler$DefaultNioRegistration.handle(NioIoHandler.java:388)\n\tat io.netty.channel.nio.NioIoHandler.processSelectedKey(NioIoHandler.java:596)\n\tat io.netty.channel.nio.NioIoHandler.processSelectedKeysOptimized(NioIoHandler.java:571)\n\tat io.netty.channel.nio.NioIoHandler.processSelectedKeys(NioIoHandler.java:512)\n\tat io.netty.channel.nio.NioIoHandler.run(NioIoHandler.java:484)\n\tat io.netty.channel.SingleThreadIoEventLoop.runIo(SingleThreadIoEventLoop.java:225)\n\tat io.netty.channel.SingleThreadIoEventLoop.run(SingleThreadIoEventLoop.java:196)\n\tat io.netty.util.concurrent.SingleThreadEventExecutor$5.run(SingleThreadEventExecutor.java:1193)\n\tat io.netty.util.internal.ThreadExecutorMap$2.run(ThreadExecutorMap.java:74)\n\tat io.netty.util.concurrent.FastThreadLocalRunnable.run(FastThreadLocalRunnable.java:30)\n\tat java.lang.Thread.run(Thread.java:764)\n"}}
05-18 19:21:08.595  5093  5119 I appium  : AppiumResponse: {"sessionId":"e060cd36-560e-42c5-91e1-180205131cf7","value":{"error":"no such element","message":"An element could not be located on the page using the given search parameters","stacktrace":"io.appium.uiautomator2.common.exceptions.ElementNotFoundException: An element could not be located on the page using the given search parameters\n\tat io.appium.uiautomator2.utils.ElementLocationHelpers.findElement(ElementLocationHelpers.java:153)\n\tat io.appium.uiautomator2.handler.FindElement.safeHandle(FindElement.java:60)\n\tat io.appium.uiautomator2.handler.request.SafeRequestHandler.handle(SafeRequestHandler.java:59)\n\tat io.appium.uiautomator2.server.AppiumServlet.handleRequest(AppiumServlet.java:267)\n\tat io.appium.uiautomator2.server.AppiumServlet.handleHttpRequest(AppiumServlet.java:261)\n\tat io.appium.uiautomator2.http.ServerHandler.channelRead(ServerHandler.java:77)\n\tat io.netty.channel.AbstractChannelHandlerContext.fireChannelRead(AbstractChannelHandlerContext.java:356)\n\tat io.netty.handler.codec.MessageToMessageDecoder.channelRead(MessageToMessageDecoder.java:107)\n\tat io.netty.channel.AbstractChannelHandlerContext.fireChannelRead(AbstractChannelHandlerContext.java:356)\n\tat io.netty.channel.CombinedChannelDuplexHandler$DelegatingChannelHandlerContext.fireChannelRead(CombinedChannelDuplexHandler.java:434)\n\tat io.netty.handler.codec.ByteToMessageDecoder.fireChannelRead(ByteToMessageDecoder.java:346)\n\tat io.netty.handler.codec.ByteToMessageDecoder.channelRead(ByteToMessageDecoder.java:318)\n\tat io.netty.channel.CombinedChannelDuplexHandler.channelRead(CombinedChannelDuplexHandler.java:249)\n\tat io.netty.channel.AbstractChannelHandlerContext.fireChannelRead(AbstractChannelHandlerContext.java:354)\n\tat io.netty.handler.timeout.IdleStateHandler.channelRead(IdleStateHandler.java:293)\n\tat io.netty.channel.AbstractChannelHandlerContext.fireChannelRead(AbstractChannelHandlerContext.java:354)\n\tat io.netty.channel.DefaultChannelPipeline$HeadContext.channelRead(DefaultChannelPipeline.java:1429)\n\tat io.netty.channel.DefaultChannelPipeline.fireChannelRead(DefaultChannelPipeline.java:918)\n\tat io.netty.channel.nio.AbstractNioByteChannel$NioByteUnsafe.read(AbstractNioByteChannel.java:168)\n\tat io.netty.channel.nio.AbstractNioChannel$AbstractNioUnsafe.handle(AbstractNioChannel.java:445)\n\tat io.netty.channel.nio.NioIoHandler$DefaultNioRegistration.handle(NioIoHandler.java:388)\n\tat io.netty.channel.nio.NioIoHandler.processSelectedKey(NioIoHandler.java:596)\n\tat io.netty.channel.nio.NioIoHandler.processSelectedKeysOptimized(NioIoHandler.java:571)\n\tat io.netty.channel.nio.NioIoHandler.processSelectedKeys(NioIoHandler.java:512)\n\tat io.netty.channel.nio.NioIoHandler.run(NioIoHandler.java:484)\n\tat io.netty.channel.SingleThreadIoEventLoop.runIo(SingleThreadIoEventLoop.java:225)\n\tat io.netty.channel.SingleThreadIoEventLoop.run(SingleThreadIoEventLoop.java:196)\n\tat io.netty.util.concurrent.SingleThreadEventExecutor$5.run(SingleThreadEventExecutor.java:1193)\n\tat io.netty.util.internal.ThreadExecutorMap$2.run(ThreadExecutorMap.java:74)\n\tat io.netty.util.concurrent.FastThreadLocalRunnable.run(FastThreadLocalRunnable.java:30)\n\tat java.lang.Thread.run(Thread.java:764)\n"}}
05-18 19:21:09.231  5093  5119 I appium  : AppiumResponse: {"sessionId":"e060cd36-560e-42c5-91e1-180205131cf7","value":{"error":"no such element","message":"An element could not be located on the page using the given search parameters","stacktrace":"io.appium.uiautomator2.common.exceptions.ElementNotFoundException: An element could not be located on the page using the given search parameters\n\tat io.appium.uiautomator2.utils.ElementLocationHelpers.findElement(ElementLocationHelpers.java:153)\n\tat io.appium.uiautomator2.handler.FindElement.safeHandle(FindElement.java:60)\n\tat io.appium.uiautomator2.handler.request.SafeRequestHandler.handle(SafeRequestHandler.java:59)\n\tat io.appium.uiautomator2.server.AppiumServlet.handleRequest(AppiumServlet.java:267)\n\tat io.appium.uiautomator2.server.AppiumServlet.handleHttpRequest(AppiumServlet.java:261)\n\tat io.appium.uiautomator2.http.ServerHandler.channelRead(ServerHandler.java:77)\n\tat io.netty.channel.AbstractChannelHandlerContext.fireChannelRead(AbstractChannelHandlerContext.java:356)\n\tat io.netty.handler.codec.MessageToMessageDecoder.channelRead(MessageToMessageDecoder.java:107)\n\tat io.netty.channel.AbstractChannelHandlerContext.fireChannelRead(AbstractChannelHandlerContext.java:356)\n\tat io.netty.channel.CombinedChannelDuplexHandler$DelegatingChannelHandlerContext.fireChannelRead(CombinedChannelDuplexHandler.java:434)\n\tat io.netty.handler.codec.ByteToMessageDecoder.fireChannelRead(ByteToMessageDecoder.java:346)\n\tat io.netty.handler.codec.ByteToMessageDecoder.channelRead(ByteToMessageDecoder.java:318)\n\tat io.netty.channel.CombinedChannelDuplexHandler.channelRead(CombinedChannelDuplexHandler.java:249)\n\tat io.netty.channel.AbstractChannelHandlerContext.fireChannelRead(AbstractChannelHandlerContext.java:354)\n\tat io.netty.handler.timeout.IdleStateHandler.channelRead(IdleStateHandler.java:293)\n\tat io.netty.channel.AbstractChannelHandlerContext.fireChannelRead(AbstractChannelHandlerContext.java:354)\n\tat io.netty.channel.DefaultChannelPipeline$HeadContext.channelRead(DefaultChannelPipeline.java:1429)\n\tat io.netty.channel.DefaultChannelPipeline.fireChannelRead(DefaultChannelPipeline.java:918)\n\tat io.netty.channel.nio.AbstractNioByteChannel$NioByteUnsafe.read(AbstractNioByteChannel.java:168)\n\tat io.netty.channel.nio.AbstractNioChannel$AbstractNioUnsafe.handle(AbstractNioChannel.java:445)\n\tat io.netty.channel.nio.NioIoHandler$DefaultNioRegistration.handle(NioIoHandler.java:388)\n\tat io.netty.channel.nio.NioIoHandler.processSelectedKey(NioIoHandler.java:596)\n\tat io.netty.channel.nio.NioIoHandler.processSelectedKeysOptimized(NioIoHandler.java:571)\n\tat io.netty.channel.nio.NioIoHandler.processSelectedKeys(NioIoHandler.java:512)\n\tat io.netty.channel.nio.NioIoHandler.run(NioIoHandler.java:484)\n\tat io.netty.channel.SingleThreadIoEventLoop.runIo(SingleThreadIoEventLoop.java:225)\n\tat io.netty.channel.SingleThreadIoEventLoop.run(SingleThreadIoEventLoop.java:196)\n\tat io.netty.util.concurrent.SingleThreadEventExecutor$5.run(SingleThreadEventExecutor.java:1193)\n\tat io.netty.util.internal.ThreadExecutorMap$2.run(ThreadExecutorMap.java:74)\n\tat io.netty.util.concurrent.FastThreadLocalRunnable.run(FastThreadLocalRunnable.java:30)\n\tat java.lang.Thread.run(Thread.java:764)\n"}}
05-18 19:21:09.304   669  1264 D WindowManager: Input focus has changed to Window{ff2719b u0 com.pax.techpos/com.pax.easypos.display.ActivityList}
05-18 19:21:09.710   669  4769 D WindowManager: Input focus has changed to Window{5de40e4 u0 com.pax.techpos/com.pax.easypos.display.ActivityList}
05-18 19:21:09.818   669  4769 I ActivityManager: START u0 {cmp=com.pax.techpos/com.pax.easypos.display.ActivityList (has extras)} from uid 10055, pid 5184
05-18 19:21:09.818   669  4769 W ActivityManager: startActivity ActivityRecord r=ActivityRecord{e8ef78b u0 com.pax.techpos/com.pax.easypos.display.ActivityList t-1}
05-18 19:21:09.838   669  4769 I ActivityManager: ->startActivity for ActivityRecord{e8ef78b u0 com.pax.techpos/com.pax.easypos.display.ActivityList t317} result:0
05-18 19:21:10.351   669  1264 D WindowManager: Input focus has changed to Window{2c5ab14 u0 com.pax.techpos/com.pax.easypos.display.ActivityList}
05-18 19:21:10.472  5093  5119 I appium  : AppiumResponse: {"sessionId":"e060cd36-560e-42c5-91e1-180205131cf7","value":{"error":"no such element","message":"An element could not be located on the page using the given search parameters","stacktrace":"io.appium.uiautomator2.common.exceptions.ElementNotFoundException: An element could not be located on the page using the given search parameters\n\tat io.appium.uiautomator2.utils.ElementLocationHelpers.findElement(ElementLocationHelpers.java:153)\n\tat io.appium.uiautomator2.handler.FindElement.safeHandle(FindElement.java:60)\n\tat io.appium.uiautomator2.handler.request.SafeRequestHandler.handle(SafeRequestHandler.java:59)\n\tat io.appium.uiautomator2.server.AppiumServlet.handleRequest(AppiumServlet.java:267)\n\tat io.appium.uiautomator2.server.AppiumServlet.handleHttpRequest(AppiumServlet.java:261)\n\tat io.appium.uiautomator2.http.ServerHandler.channelRead(ServerHandler.java:77)\n\tat io.netty.channel.AbstractChannelHandlerContext.fireChannelRead(AbstractChannelHandlerContext.java:356)\n\tat io.netty.handler.codec.MessageToMessageDecoder.channelRead(MessageToMessageDecoder.java:107)\n\tat io.netty.channel.AbstractChannelHandlerContext.fireChannelRead(AbstractChannelHandlerContext.java:356)\n\tat io.netty.channel.CombinedChannelDuplexHandler$DelegatingChannelHandlerContext.fireChannelRead(CombinedChannelDuplexHandler.java:434)\n\tat io.netty.handler.codec.ByteToMessageDecoder.fireChannelRead(ByteToMessageDecoder.java:346)\n\tat io.netty.handler.codec.ByteToMessageDecoder.channelRead(ByteToMessageDecoder.java:318)\n\tat io.netty.channel.CombinedChannelDuplexHandler.channelRead(CombinedChannelDuplexHandler.java:249)\n\tat io.netty.channel.AbstractChannelHandlerContext.fireChannelRead(AbstractChannelHandlerContext.java:354)\n\tat io.netty.handler.timeout.IdleStateHandler.channelRead(IdleStateHandler.java:293)\n\tat io.netty.channel.AbstractChannelHandlerContext.fireChannelRead(AbstractChannelHandlerContext.java:354)\n\tat io.netty.channel.DefaultChannelPipeline$HeadContext.channelRead(DefaultChannelPipeline.java:1429)\n\tat io.netty.channel.DefaultChannelPipeline.fireChannelRead(DefaultChannelPipeline.java:918)\n\tat io.netty.channel.nio.AbstractNioByteChannel$NioByteUnsafe.read(AbstractNioByteChannel.java:168)\n\tat io.netty.channel.nio.AbstractNioChannel$AbstractNioUnsafe.handle(AbstractNioChannel.java:445)\n\tat io.netty.channel.nio.NioIoHandler$DefaultNioRegistration.handle(NioIoHandler.java:388)\n\tat io.netty.channel.nio.NioIoHandler.processSelectedKey(NioIoHandler.java:596)\n\tat io.netty.channel.nio.NioIoHandler.processSelectedKeysOptimized(NioIoHandler.java:571)\n\tat io.netty.channel.nio.NioIoHandler.processSelectedKeys(NioIoHandler.java:512)\n\tat io.netty.channel.nio.NioIoHandler.run(NioIoHandler.java:484)\n\tat io.netty.channel.SingleThreadIoEventLoop.runIo(SingleThreadIoEventLoop.java:225)\n\tat io.netty.channel.SingleThreadIoEventLoop.run(SingleThreadIoEventLoop.java:196)\n\tat io.netty.util.concurrent.SingleThreadEventExecutor$5.run(SingleThreadEventExecutor.java:1193)\n\tat io.netty.util.internal.ThreadExecutorMap$2.run(ThreadExecutorMap.java:74)\n\tat io.netty.util.concurrent.FastThreadLocalRunnable.run(FastThreadLocalRunnable.java:30)\n\tat java.lang.Thread.run(Thread.java:764)\n"}}
05-18 19:21:11.366  5093  5119 I appium  : AppiumResponse: {"sessionId":"e060cd36-560e-42c5-91e1-180205131cf7","value":{"ELEMENT":"00000000-0000-042b-ffff-ffff000000a5","element-6066-11e4-a52e-4f735466cecf":"00000000-0000-042b-ffff-ffff000000a5"}}
05-18 19:21:11.400  5093  5119 I appium  : AppiumResponse: {"sessionId":"e060cd36-560e-42c5-91e1-180205131cf7","value":"true"}
05-18 19:21:11.518  5093  5119 I appium  : AppiumResponse: {"sessionId":"e060cd36-560e-42c5-91e1-180205131cf7","value":{"ELEMENT":"00000000-0000-042b-ffff-ffff000000a5","element-6066-11e4-a52e-4f735466cecf":"00000000-0000-042b-ffff-ffff000000a5"}}
05-18 19:21:12.154  5093  5119 I appium  : AppiumResponse: {"sessionId":"e060cd36-560e-42c5-91e1-180205131cf7","value":null}
05-18 19:21:12.282  5093  5119 I appium  : AppiumResponse: {"sessionId":"e060cd36-560e-42c5-91e1-180205131cf7","value":{"error":"no such element","message":"An element could not be located on the page using the given search parameters","stacktrace":"io.appium.uiautomator2.common.exceptions.ElementNotFoundException: An element could not be located on the page using the given search parameters\n\tat io.appium.uiautomator2.utils.ElementLocationHelpers.findElement(ElementLocationHelpers.java:153)\n\tat io.appium.uiautomator2.handler.FindElement.safeHandle(FindElement.java:60)\n\tat io.appium.uiautomator2.handler.request.SafeRequestHandler.handle(SafeRequestHandler.java:59)\n\tat io.appium.uiautomator2.server.AppiumServlet.handleRequest(AppiumServlet.java:267)\n\tat io.appium.uiautomator2.server.AppiumServlet.handleHttpRequest(AppiumServlet.java:261)\n\tat io.appium.uiautomator2.http.ServerHandler.channelRead(ServerHandler.java:77)\n\tat io.netty.channel.AbstractChannelHandlerContext.fireChannelRead(AbstractChannelHandlerContext.java:356)\n\tat io.netty.handler.codec.MessageToMessageDecoder.channelRead(MessageToMessageDecoder.java:107)\n\tat io.netty.channel.AbstractChannelHandlerContext.fireChannelRead(AbstractChannelHandlerContext.java:356)\n\tat io.netty.channel.CombinedChannelDuplexHandler$DelegatingChannelHandlerContext.fireChannelRead(CombinedChannelDuplexHandler.java:434)\n\tat io.netty.handler.codec.ByteToMessageDecoder.fireChannelRead(ByteToMessageDecoder.java:346)\n\tat io.netty.handler.codec.ByteToMessageDecoder.channelRead(ByteToMessageDecoder.java:318)\n\tat io.netty.channel.CombinedChannelDuplexHandler.channelRead(CombinedChannelDuplexHandler.java:249)\n\tat io.netty.channel.AbstractChannelHandlerContext.fireChannelRead(AbstractChannelHandlerContext.java:354)\n\tat io.netty.handler.timeout.IdleStateHandler.channelRead(IdleStateHandler.java:293)\n\tat io.netty.channel.AbstractChannelHandlerContext.fireChannelRead(AbstractChannelHandlerContext.java:354)\n\tat io.netty.channel.DefaultChannelPipeline$HeadContext.channelRead(DefaultChannelPipeline.java:1429)\n\tat io.netty.channel.DefaultChannelPipeline.fireChannelRead(DefaultChannelPipeline.java:918)\n\tat io.netty.channel.nio.AbstractNioByteChannel$NioByteUnsafe.read(AbstractNioByteChannel.java:168)\n\tat io.netty.channel.nio.AbstractNioChannel$AbstractNioUnsafe.handle(AbstractNioChannel.java:445)\n\tat io.netty.channel.nio.NioIoHandler$DefaultNioRegistration.handle(NioIoHandler.java:388)\n\tat io.netty.channel.nio.NioIoHandler.processSelectedKey(NioIoHandler.java:596)\n\tat io.netty.channel.nio.NioIoHandler.processSelectedKeysOptimized(NioIoHandler.java:571)\n\tat io.netty.channel.nio.NioIoHandler.processSelectedKeys(NioIoHandler.java:512)\n\tat io.netty.channel.nio.NioIoHandler.run(NioIoHandler.java:484)\n\tat io.netty.channel.SingleThreadIoEventLoop.runIo(SingleThreadIoEventLoop.java:225)\n\tat io.netty.channel.SingleThreadIoEventLoop.run(SingleThreadIoEventLoop.java:196)\n\tat io.netty.util.concurrent.SingleThreadEventExecutor$5.run(SingleThreadEventExecutor.java:1193)\n\tat io.netty.util.internal.ThreadExecutorMap$2.run(ThreadExecutorMap.java:74)\n\tat io.netty.util.concurrent.FastThreadLocalRunnable.run(FastThreadLocalRunnable.java:30)\n\tat java.lang.Thread.run(Thread.java:764)\n"}}
05-18 19:21:12.896  5093  5119 I appium  : AppiumResponse: {"sessionId":"e060cd36-560e-42c5-91e1-180205131cf7","value":{"error":"no such element","message":"An element could not be located on the page using the given search parameters","stacktrace":"io.appium.uiautomator2.common.exceptions.ElementNotFoundException: An element could not be located on the page using the given search parameters\n\tat io.appium.uiautomator2.utils.ElementLocationHelpers.findElement(ElementLocationHelpers.java:153)\n\tat io.appium.uiautomator2.handler.FindElement.safeHandle(FindElement.java:60)\n\tat io.appium.uiautomator2.handler.request.SafeRequestHandler.handle(SafeRequestHandler.java:59)\n\tat io.appium.uiautomator2.server.AppiumServlet.handleRequest(AppiumServlet.java:267)\n\tat io.appium.uiautomator2.server.AppiumServlet.handleHttpRequest(AppiumServlet.java:261)\n\tat io.appium.uiautomator2.http.ServerHandler.channelRead(ServerHandler.java:77)\n\tat io.netty.channel.AbstractChannelHandlerContext.fireChannelRead(AbstractChannelHandlerContext.java:356)\n\tat io.netty.handler.codec.MessageToMessageDecoder.channelRead(MessageToMessageDecoder.java:107)\n\tat io.netty.channel.AbstractChannelHandlerContext.fireChannelRead(AbstractChannelHandlerContext.java:356)\n\tat io.netty.channel.CombinedChannelDuplexHandler$DelegatingChannelHandlerContext.fireChannelRead(CombinedChannelDuplexHandler.java:434)\n\tat io.netty.handler.codec.ByteToMessageDecoder.fireChannelRead(ByteToMessageDecoder.java:346)\n\tat io.netty.handler.codec.ByteToMessageDecoder.channelRead(ByteToMessageDecoder.java:318)\n\tat io.netty.channel.CombinedChannelDuplexHandler.channelRead(CombinedChannelDuplexHandler.java:249)\n\tat io.netty.channel.AbstractChannelHandlerContext.fireChannelRead(AbstractChannelHandlerContext.java:354)\n\tat io.netty.handler.timeout.IdleStateHandler.channelRead(IdleStateHandler.java:293)\n\tat io.netty.channel.AbstractChannelHandlerContext.fireChannelRead(AbstractChannelHandlerContext.java:354)\n\tat io.netty.channel.DefaultChannelPipeline$HeadContext.channelRead(DefaultChannelPipeline.java:1429)\n\tat io.netty.channel.DefaultChannelPipeline.fireChannelRead(DefaultChannelPipeline.java:918)\n\tat io.netty.channel.nio.AbstractNioByteChannel$NioByteUnsafe.read(AbstractNioByteChannel.java:168)\n\tat io.netty.channel.nio.AbstractNioChannel$AbstractNioUnsafe.handle(AbstractNioChannel.java:445)\n\tat io.netty.channel.nio.NioIoHandler$DefaultNioRegistration.handle(NioIoHandler.java:388)\n\tat io.netty.channel.nio.NioIoHandler.processSelectedKey(NioIoHandler.java:596)\n\tat io.netty.channel.nio.NioIoHandler.processSelectedKeysOptimized(NioIoHandler.java:571)\n\tat io.netty.channel.nio.NioIoHandler.processSelectedKeys(NioIoHandler.java:512)\n\tat io.netty.channel.nio.NioIoHandler.run(NioIoHandler.java:484)\n\tat io.netty.channel.SingleThreadIoEventLoop.runIo(SingleThreadIoEventLoop.java:225)\n\tat io.netty.channel.SingleThreadIoEventLoop.run(SingleThreadIoEventLoop.java:196)\n\tat io.netty.util.concurrent.SingleThreadEventExecutor$5.run(SingleThreadEventExecutor.java:1193)\n\tat io.netty.util.internal.ThreadExecutorMap$2.run(ThreadExecutorMap.java:74)\n\tat io.netty.util.concurrent.FastThreadLocalRunnable.run(FastThreadLocalRunnable.java:30)\n\tat java.lang.Thread.run(Thread.java:764)\n"}}
05-18 19:21:13.521  5093  5119 I appium  : AppiumResponse: {"sessionId":"e060cd36-560e-42c5-91e1-180205131cf7","value":{"error":"no such element","message":"An element could not be located on the page using the given search parameters","stacktrace":"io.appium.uiautomator2.common.exceptions.ElementNotFoundException: An element could not be located on the page using the given search parameters\n\tat io.appium.uiautomator2.utils.ElementLocationHelpers.findElement(ElementLocationHelpers.java:153)\n\tat io.appium.uiautomator2.handler.FindElement.safeHandle(FindElement.java:60)\n\tat io.appium.uiautomator2.handler.request.SafeRequestHandler.handle(SafeRequestHandler.java:59)\n\tat io.appium.uiautomator2.server.AppiumServlet.handleRequest(AppiumServlet.java:267)\n\tat io.appium.uiautomator2.server.AppiumServlet.handleHttpRequest(AppiumServlet.java:261)\n\tat io.appium.uiautomator2.http.ServerHandler.channelRead(ServerHandler.java:77)\n\tat io.netty.channel.AbstractChannelHandlerContext.fireChannelRead(AbstractChannelHandlerContext.java:356)\n\tat io.netty.handler.codec.MessageToMessageDecoder.channelRead(MessageToMessageDecoder.java:107)\n\tat io.netty.channel.AbstractChannelHandlerContext.fireChannelRead(AbstractChannelHandlerContext.java:356)\n\tat io.netty.channel.CombinedChannelDuplexHandler$DelegatingChannelHandlerContext.fireChannelRead(CombinedChannelDuplexHandler.java:434)\n\tat io.netty.handler.codec.ByteToMessageDecoder.fireChannelRead(ByteToMessageDecoder.java:346)\n\tat io.netty.handler.codec.ByteToMessageDecoder.channelRead(ByteToMessageDecoder.java:318)\n\tat io.netty.channel.CombinedChannelDuplexHandler.channelRead(CombinedChannelDuplexHandler.java:249)\n\tat io.netty.channel.AbstractChannelHandlerContext.fireChannelRead(AbstractChannelHandlerContext.java:354)\n\tat io.netty.handler.timeout.IdleStateHandler.channelRead(IdleStateHandler.java:293)\n\tat io.netty.channel.AbstractChannelHandlerContext.fireChannelRead(AbstractChannelHandlerContext.java:354)\n\tat io.netty.channel.DefaultChannelPipeline$HeadContext.channelRead(DefaultChannelPipeline.java:1429)\n\tat io.netty.channel.DefaultChannelPipeline.fireChannelRead(DefaultChannelPipeline.java:918)\n\tat io.netty.channel.nio.AbstractNioByteChannel$NioByteUnsafe.read(AbstractNioByteChannel.java:168)\n\tat io.netty.channel.nio.AbstractNioChannel$AbstractNioUnsafe.handle(AbstractNioChannel.java:445)\n\tat io.netty.channel.nio.NioIoHandler$DefaultNioRegistration.handle(NioIoHandler.java:388)\n\tat io.netty.channel.nio.NioIoHandler.processSelectedKey(NioIoHandler.java:596)\n\tat io.netty.channel.nio.NioIoHandler.processSelectedKeysOptimized(NioIoHandler.java:571)\n\tat io.netty.channel.nio.NioIoHandler.processSelectedKeys(NioIoHandler.java:512)\n\tat io.netty.channel.nio.NioIoHandler.run(NioIoHandler.java:484)\n\tat io.netty.channel.SingleThreadIoEventLoop.runIo(SingleThreadIoEventLoop.java:225)\n\tat io.netty.channel.SingleThreadIoEventLoop.run(SingleThreadIoEventLoop.java:196)\n\tat io.netty.util.concurrent.SingleThreadEventExecutor$5.run(SingleThreadEventExecutor.java:1193)\n\tat io.netty.util.internal.ThreadExecutorMap$2.run(ThreadExecutorMap.java:74)\n\tat io.netty.util.concurrent.FastThreadLocalRunnable.run(FastThreadLocalRunnable.java:30)\n\tat java.lang.Thread.run(Thread.java:764)\n"}}
05-18 19:21:14.131  5093  5119 I appium  : AppiumResponse: {"sessionId":"e060cd36-560e-42c5-91e1-180205131cf7","value":{"error":"no such element","message":"An element could not be located on the page using the given search parameters","stacktrace":"io.appium.uiautomator2.common.exceptions.ElementNotFoundException: An element could not be located on the page using the given search parameters\n\tat io.appium.uiautomator2.utils.ElementLocationHelpers.findElement(ElementLocationHelpers.java:153)\n\tat io.appium.uiautomator2.handler.FindElement.safeHandle(FindElement.java:60)\n\tat io.appium.uiautomator2.handler.request.SafeRequestHandler.handle(SafeRequestHandler.java:59)\n\tat io.appium.uiautomator2.server.AppiumServlet.handleRequest(AppiumServlet.java:267)\n\tat io.appium.uiautomator2.server.AppiumServlet.handleHttpRequest(AppiumServlet.java:261)\n\tat io.appium.uiautomator2.http.ServerHandler.channelRead(ServerHandler.java:77)\n\tat io.netty.channel.AbstractChannelHandlerContext.fireChannelRead(AbstractChannelHandlerContext.java:356)\n\tat io.netty.handler.codec.MessageToMessageDecoder.channelRead(MessageToMessageDecoder.java:107)\n\tat io.netty.channel.AbstractChannelHandlerContext.fireChannelRead(AbstractChannelHandlerContext.java:356)\n\tat io.netty.channel.CombinedChannelDuplexHandler$DelegatingChannelHandlerContext.fireChannelRead(CombinedChannelDuplexHandler.java:434)\n\tat io.netty.handler.codec.ByteToMessageDecoder.fireChannelRead(ByteToMessageDecoder.java:346)\n\tat io.netty.handler.codec.ByteToMessageDecoder.channelRead(ByteToMessageDecoder.java:318)\n\tat io.netty.channel.CombinedChannelDuplexHandler.channelRead(CombinedChannelDuplexHandler.java:249)\n\tat io.netty.channel.AbstractChannelHandlerContext.fireChannelRead(AbstractChannelHandlerContext.java:354)\n\tat io.netty.handler.timeout.IdleStateHandler.channelRead(IdleStateHandler.java:293)\n\tat io.netty.channel.AbstractChannelHandlerContext.fireChannelRead(AbstractChannelHandlerContext.java:354)\n\tat io.netty.channel.DefaultChannelPipeline$HeadContext.channelRead(DefaultChannelPipeline.java:1429)\n\tat io.netty.channel.DefaultChannelPipeline.fireChannelRead(DefaultChannelPipeline.java:918)\n\tat io.netty.channel.nio.AbstractNioByteChannel$NioByteUnsafe.read(AbstractNioByteChannel.java:168)\n\tat io.netty.channel.nio.AbstractNioChannel$AbstractNioUnsafe.handle(AbstractNioChannel.java:445)\n\tat io.netty.channel.nio.NioIoHandler$DefaultNioRegistration.handle(NioIoHandler.java:388)\n\tat io.netty.channel.nio.NioIoHandler.processSelectedKey(NioIoHandler.java:596)\n\tat io.netty.channel.nio.NioIoHandler.processSelectedKeysOptimized(NioIoHandler.java:571)\n\tat io.netty.channel.nio.NioIoHandler.processSelectedKeys(NioIoHandler.java:512)\n\tat io.netty.channel.nio.NioIoHandler.run(NioIoHandler.java:484)\n\tat io.netty.channel.SingleThreadIoEventLoop.runIo(SingleThreadIoEventLoop.java:225)\n\tat io.netty.channel.SingleThreadIoEventLoop.run(SingleThreadIoEventLoop.java:196)\n\tat io.netty.util.concurrent.SingleThreadEventExecutor$5.run(SingleThreadEventExecutor.java:1193)\n\tat io.netty.util.internal.ThreadExecutorMap$2.run(ThreadExecutorMap.java:74)\n\tat io.netty.util.concurrent.FastThreadLocalRunnable.run(FastThreadLocalRunnable.java:30)\n\tat java.lang.Thread.run(Thread.java:764)\n"}}
05-18 19:21:14.635  5184  5595 I Print   : endOfDay jsonObjTitle {"customerSlip":"{\"mercSlipName\":\"ORHAN ÜNAL\",\"mercSlipAddr\":\"ORHAN ÜNAL\\n\\n\\n\",\"mercCity\":\"BATMAN\",\"mercPhoneNo\":\"7987897897\",\"acqName\":\"Test Bankası\",\"date\":\"18.05.26\",\"time\":\"19:20\",\"mercId\":\"000000000000002\",\"termId\":\"10005713\",\"batchNo\":7981,\"tranCode\":\"M11\",\"tranNo\":2,\"stanNo\":40,\"sn\":\"PAX900000007\",\"modelNumber\":\"PAX/920PRO\",\"appVer\":\"2.1.6_13\",\"tranName\":\"T_SALE\",\"pan\":\"**** **** **** 9805\",\"cardDescription\":\"VISA/Kredi/Yurt İçi\",\"amount\":\"100,00  TL\",\"freeFormat2\":\"TESTPUAN:    \",\"freeFormat4\":\"NİZE YANSITILACAKTIR.                   \",\"freeFormat5\":\"     (2.00 TL) KAZANDINIZ. *************\",\"authCode\":\"616982\",\"rrn\":\"613803121379\",\"bankRefNo\":\"0000613803121379\",\"acquirerId\":1,\"subInfo\":\"TUTAR KARŞILIĞI MAL VEYA HİZMET ALDIM\",\"ownerInfo\":\"MÜŞTERİ NÜSHASI\",\"warning\":\"BU BELGEYİ SAKLAYINIZ\"}","merchantSlip":"{\"mercSlipName\":\"ORHAN ÜNAL\",\"mercSlipAddr\":\"ORHAN ÜNAL\\n\\n\\n\",\"mercCity\":\"BATMAN\",\"mercPhoneNo\":\"7987897897\",\"acqName\":\"Test Bankası\",\"date\":\"18.05.26\",\"time\":\"19:20\",\"mercId\":\"000000000000002\",\"termId\":\"10005713\",\"batchNo\":7981,\"tranCode\":\"M11\",\"tranNo\":2,\"stanNo\":40,\"sn\":\"PAX900000007\",\"modelNumber\":\"PAX/920PRO\",\"appVer\":\"2.1.6_13\",\"tranName\":\"T_SALE\",\"pan\":\"4506 **** **** 9805\",\"cardDescription\":\"VISA/Kredi/Yurt İçi\",\"amount\":\"100,00  TL\",\"freeFormat2\":\"TESTPUAN:    \",\"freeFormat4\":\"NİZE YANSITILACAKTIR.                   \",\"freeFormat5\":\"     (2.00 TL) KAZANDINIZ. *************\",\"authCode\":\"616982\",\"rrn\":\"613803121379\",\"bankRefNo\":\"0000613803121379\",\"acquirerId\":1,\"subInfo\":\"TUTAR KARŞILIĞI MAL VEYA HİZMET ALDIM\",\"ownerInfo\":\"İŞYERİ NÜSHASI\",\"warning\":\"BU BELGEYİ SAKLAYINIZ\",\"sign\":\"IMZA\"}","endOfDay":{"acquirerSlipDatas":[{"acqId":"0001","acqName":"Test Bankası","amount":20000,"count":2,"currencySlipDatas":[{"currencyCode":"0840","currencyName":"USD","eodTransSlipData":[]},{"currencyCode":"0949","currencyName":" TL","eodTransSlipData":[{"amount":"100,00  TL","authCode":"511976","cardNo":"4506* ** 9805","date":"18/05/26","stanNo":"39","time":"19:18","tranNo":"1","tranType":"T_SALE"},{"amount":"100,00  TL","authCode":"616982","cardNo":"4506* ** 9805","date":"18/05/26","stanNo":"40","time":"19:20","tranNo":"2","tranType":"T_SALE"}],"totalAmount":"200,00  TL","totalSize":"2"},{"currencyCode":"0978","currencyName":"EUR","eodTransSlipData":[]},{"currencyCode":"0392","currencyName":"JPY","eodTransSlipData":[]},{"currencyCode":"0826","currencyName":"GBP","eodTransSlipData":[]},{"currencyCode":"0643","currencyName":"RUB","eodTransSlipData":[]}],"mercId":"000000000000002","termId":"10005713","title":"TechPOS SLİP BİLGİ"}],"appVer":"2.1.6_13","date":"18/05/26","docRefNo":"7981","endOfDayInfo":"GÜNSONU İŞLEMİ BAŞARILI OLARAK TAMAMLANMIŞTIR.","endOfDayTotalAmounts":[{"currencyCode":"0840","currencyName":"USD","totalAmount":"0,00 USD"},{"currencyCode":"0949","currencyName":" TL","totalAmount":"200,00  TL"},{"currencyCode":"0978","currencyName":"EUR","totalAmount":"0,00 EUR"},{"currencyCode":"0392","currencyName":"JPY","totalAmount":"0 JPY"},{"currencyCode":"0826","currencyName":"GBP","totalAmount":"0,00 GBP"},{"currencyCode":"0643","currencyName":"RUB","totalAmount":"0,00 RUB"}],"endOfReport":"RAPOR SONU","mercCity":"BATMAN","mercPhoneNo":"7987897897","mercSlipAddr":"ORHAN ÜNAL\n\n\n","mercSlipName":"ORHAN ÜNAL","modelNumber":"PAX/920PRO","sn":"PAX900000007","time":"19:21"}}
05-18 19:21:14.761  5093  5119 I appium  : AppiumResponse: {"sessionId":"e060cd36-560e-42c5-91e1-180205131cf7","value":{"error":"no such element","message":"An element could not be located on the page using the given search parameters","stacktrace":"io.appium.uiautomator2.common.exceptions.ElementNotFoundException: An element could not be located on the page using the given search parameters\n\tat io.appium.uiautomator2.utils.ElementLocationHelpers.findElement(ElementLocationHelpers.java:153)\n\tat io.appium.uiautomator2.handler.FindElement.safeHandle(FindElement.java:60)\n\tat io.appium.uiautomator2.handler.request.SafeRequestHandler.handle(SafeRequestHandler.java:59)\n\tat io.appium.uiautomator2.server.AppiumServlet.handleRequest(AppiumServlet.java:267)\n\tat io.appium.uiautomator2.server.AppiumServlet.handleHttpRequest(AppiumServlet.java:261)\n\tat io.appium.uiautomator2.http.ServerHandler.channelRead(ServerHandler.java:77)\n\tat io.netty.channel.AbstractChannelHandlerContext.fireChannelRead(AbstractChannelHandlerContext.java:356)\n\tat io.netty.handler.codec.MessageToMessageDecoder.channelRead(MessageToMessageDecoder.java:107)\n\tat io.netty.channel.AbstractChannelHandlerContext.fireChannelRead(AbstractChannelHandlerContext.java:356)\n\tat io.netty.channel.CombinedChannelDuplexHandler$DelegatingChannelHandlerContext.fireChannelRead(CombinedChannelDuplexHandler.java:434)\n\tat io.netty.handler.codec.ByteToMessageDecoder.fireChannelRead(ByteToMessageDecoder.java:346)\n\tat io.netty.handler.codec.ByteToMessageDecoder.channelRead(ByteToMessageDecoder.java:318)\n\tat io.netty.channel.CombinedChannelDuplexHandler.channelRead(CombinedChannelDuplexHandler.java:249)\n\tat io.netty.channel.AbstractChannelHandlerContext.fireChannelRead(AbstractChannelHandlerContext.java:354)\n\tat io.netty.handler.timeout.IdleStateHandler.channelRead(IdleStateHandler.java:293)\n\tat io.netty.channel.AbstractChannelHandlerContext.fireChannelRead(AbstractChannelHandlerContext.java:354)\n\tat io.netty.channel.DefaultChannelPipeline$HeadContext.channelRead(DefaultChannelPipeline.java:1429)\n\tat io.netty.channel.DefaultChannelPipeline.fireChannelRead(DefaultChannelPipeline.java:918)\n\tat io.netty.channel.nio.AbstractNioByteChannel$NioByteUnsafe.read(AbstractNioByteChannel.java:168)\n\tat io.netty.channel.nio.AbstractNioChannel$AbstractNioUnsafe.handle(AbstractNioChannel.java:445)\n\tat io.netty.channel.nio.NioIoHandler$DefaultNioRegistration.handle(NioIoHandler.java:388)\n\tat io.netty.channel.nio.NioIoHandler.processSelectedKey(NioIoHandler.java:596)\n\tat io.netty.channel.nio.NioIoHandler.processSelectedKeysOptimized(NioIoHandler.java:571)\n\tat io.netty.channel.nio.NioIoHandler.processSelectedKeys(NioIoHandler.java:512)\n\tat io.netty.channel.nio.NioIoHandler.run(NioIoHandler.java:484)\n\tat io.netty.channel.SingleThreadIoEventLoop.runIo(SingleThreadIoEventLoop.java:225)\n\tat io.netty.channel.SingleThreadIoEventLoop.run(SingleThreadIoEventLoop.java:196)\n\tat io.netty.util.concurrent.SingleThreadEventExecutor$5.run(SingleThreadEventExecutor.java:1193)\n\tat io.netty.util.internal.ThreadExecutorMap$2.run(ThreadExecutorMap.java:74)\n\tat io.netty.util.concurrent.FastThreadLocalRunnable.run(FastThreadLocalRunnable.java:30)\n\tat java.lang.Thread.run(Thread.java:764)\n"}}
05-18 19:21:15.394  5093  5119 I appium  : AppiumResponse: {"sessionId":"e060cd36-560e-42c5-91e1-180205131cf7","value":{"error":"no such element","message":"An element could not be located on the page using the given search parameters","stacktrace":"io.appium.uiautomator2.common.exceptions.ElementNotFoundException: An element could not be located on the page using the given search parameters\n\tat io.appium.uiautomator2.utils.ElementLocationHelpers.findElement(ElementLocationHelpers.java:153)\n\tat io.appium.uiautomator2.handler.FindElement.safeHandle(FindElement.java:60)\n\tat io.appium.uiautomator2.handler.request.SafeRequestHandler.handle(SafeRequestHandler.java:59)\n\tat io.appium.uiautomator2.server.AppiumServlet.handleRequest(AppiumServlet.java:267)\n\tat io.appium.uiautomator2.server.AppiumServlet.handleHttpRequest(AppiumServlet.java:261)\n\tat io.appium.uiautomator2.http.ServerHandler.channelRead(ServerHandler.java:77)\n\tat io.netty.channel.AbstractChannelHandlerContext.fireChannelRead(AbstractChannelHandlerContext.java:356)\n\tat io.netty.handler.codec.MessageToMessageDecoder.channelRead(MessageToMessageDecoder.java:107)\n\tat io.netty.channel.AbstractChannelHandlerContext.fireChannelRead(AbstractChannelHandlerContext.java:356)\n\tat io.netty.channel.CombinedChannelDuplexHandler$DelegatingChannelHandlerContext.fireChannelRead(CombinedChannelDuplexHandler.java:434)\n\tat io.netty.handler.codec.ByteToMessageDecoder.fireChannelRead(ByteToMessageDecoder.java:346)\n\tat io.netty.handler.codec.ByteToMessageDecoder.channelRead(ByteToMessageDecoder.java:318)\n\tat io.netty.channel.CombinedChannelDuplexHandler.channelRead(CombinedChannelDuplexHandler.java:249)\n\tat io.netty.channel.AbstractChannelHandlerContext.fireChannelRead(AbstractChannelHandlerContext.java:354)\n\tat io.netty.handler.timeout.IdleStateHandler.channelRead(IdleStateHandler.java:293)\n\tat io.netty.channel.AbstractChannelHandlerContext.fireChannelRead(AbstractChannelHandlerContext.java:354)\n\tat io.netty.channel.DefaultChannelPipeline$HeadContext.channelRead(DefaultChannelPipeline.java:1429)\n\tat io.netty.channel.DefaultChannelPipeline.fireChannelRead(DefaultChannelPipeline.java:918)\n\tat io.netty.channel.nio.AbstractNioByteChannel$NioByteUnsafe.read(AbstractNioByteChannel.java:168)\n\tat io.netty.channel.nio.AbstractNioChannel$AbstractNioUnsafe.handle(AbstractNioChannel.java:445)\n\tat io.netty.channel.nio.NioIoHandler$DefaultNioRegistration.handle(NioIoHandler.java:388)\n\tat io.netty.channel.nio.NioIoHandler.processSelectedKey(NioIoHandler.java:596)\n\tat io.netty.channel.nio.NioIoHandler.processSelectedKeysOptimized(NioIoHandler.java:571)\n\tat io.netty.channel.nio.NioIoHandler.processSelectedKeys(NioIoHandler.java:512)\n\tat io.netty.channel.nio.NioIoHandler.run(NioIoHandler.java:484)\n\tat io.netty.channel.SingleThreadIoEventLoop.runIo(SingleThreadIoEventLoop.java:225)\n\tat io.netty.channel.SingleThreadIoEventLoop.run(SingleThreadIoEventLoop.java:196)\n\tat io.netty.util.concurrent.SingleThreadEventExecutor$5.run(SingleThreadEventExecutor.java:1193)\n\tat io.netty.util.internal.ThreadExecutorMap$2.run(ThreadExecutorMap.java:74)\n\tat io.netty.util.concurrent.FastThreadLocalRunnable.run(FastThreadLocalRunnable.java:30)\n\tat java.lang.Thread.run(Thread.java:764)\n"}}
05-18 19:21:16.567  5093  5119 I appium  : AppiumResponse: {"sessionId":"e060cd36-560e-42c5-91e1-180205131cf7","value":{"error":"no such element","message":"An element could not be located on the page using the given search parameters","stacktrace":"io.appium.uiautomator2.common.exceptions.ElementNotFoundException: An element could not be located on the page using the given search parameters\n\tat io.appium.uiautomator2.utils.ElementLocationHelpers.findElement(ElementLocationHelpers.java:153)\n\tat io.appium.uiautomator2.handler.FindElement.safeHandle(FindElement.java:60)\n\tat io.appium.uiautomator2.handler.request.SafeRequestHandler.handle(SafeRequestHandler.java:59)\n\tat io.appium.uiautomator2.server.AppiumServlet.handleRequest(AppiumServlet.java:267)\n\tat io.appium.uiautomator2.server.AppiumServlet.handleHttpRequest(AppiumServlet.java:261)\n\tat io.appium.uiautomator2.http.ServerHandler.channelRead(ServerHandler.java:77)\n\tat io.netty.channel.AbstractChannelHandlerContext.fireChannelRead(AbstractChannelHandlerContext.java:356)\n\tat io.netty.handler.codec.MessageToMessageDecoder.channelRead(MessageToMessageDecoder.java:107)\n\tat io.netty.channel.AbstractChannelHandlerContext.fireChannelRead(AbstractChannelHandlerContext.java:356)\n\tat io.netty.channel.CombinedChannelDuplexHandler$DelegatingChannelHandlerContext.fireChannelRead(CombinedChannelDuplexHandler.java:434)\n\tat io.netty.handler.codec.ByteToMessageDecoder.fireChannelRead(ByteToMessageDecoder.java:346)\n\tat io.netty.handler.codec.ByteToMessageDecoder.channelRead(ByteToMessageDecoder.java:318)\n\tat io.netty.channel.CombinedChannelDuplexHandler.channelRead(CombinedChannelDuplexHandler.java:249)\n\tat io.netty.channel.AbstractChannelHandlerContext.fireChannelRead(AbstractChannelHandlerContext.java:354)\n\tat io.netty.handler.timeout.IdleStateHandler.channelRead(IdleStateHandler.java:293)\n\tat io.netty.channel.AbstractChannelHandlerContext.fireChannelRead(AbstractChannelHandlerContext.java:354)\n\tat io.netty.channel.DefaultChannelPipeline$HeadContext.channelRead(DefaultChannelPipeline.java:1429)\n\tat io.netty.channel.DefaultChannelPipeline.fireChannelRead(DefaultChannelPipeline.java:918)\n\tat io.netty.channel.nio.AbstractNioByteChannel$NioByteUnsafe.read(AbstractNioByteChannel.java:168)\n\tat io.netty.channel.nio.AbstractNioChannel$AbstractNioUnsafe.handle(AbstractNioChannel.java:445)\n\tat io.netty.channel.nio.NioIoHandler$DefaultNioRegistration.handle(NioIoHandler.java:388)\n\tat io.netty.channel.nio.NioIoHandler.processSelectedKey(NioIoHandler.java:596)\n\tat io.netty.channel.nio.NioIoHandler.processSelectedKeysOptimized(NioIoHandler.java:571)\n\tat io.netty.channel.nio.NioIoHandler.processSelectedKeys(NioIoHandler.java:512)\n\tat io.netty.channel.nio.NioIoHandler.run(NioIoHandler.java:484)\n\tat io.netty.channel.SingleThreadIoEventLoop.runIo(SingleThreadIoEventLoop.java:225)\n\tat io.netty.channel.SingleThreadIoEventLoop.run(SingleThreadIoEventLoop.java:196)\n\tat io.netty.util.concurrent.SingleThreadEventExecutor$5.run(SingleThreadEventExecutor.java:1193)\n\tat io.netty.util.internal.ThreadExecutorMap$2.run(ThreadExecutorMap.java:74)\n\tat io.netty.util.concurrent.FastThreadLocalRunnable.run(FastThreadLocalRunnable.java:30)\n\tat java.lang.Thread.run(Thread.java:764)\n"}}
05-18 19:21:16.994   669   800 V AlarmManager: sending alarm Alarm{a25365f type 0 when 1779121276996 com.pax.market.android.app}
05-18 19:21:16.995   669   800 D BroadcastQueue: Add broadcast <BroadcastRecord{4e348ac u0 com.mpush.HEALTH_CHECK}> into [ordered | background], pending size 0
05-18 19:21:16.995   669   800 D BroadcastQueue: Header is BroadcastRecord{4e348ac u0 com.mpush.HEALTH_CHECK} now
05-18 19:21:17.009   669  1264 D BroadcastQueue: Finished with ordered broadcast BroadcastRecord{4e348ac u0 com.mpush.HEALTH_CHECK} receivers:(1) take 14ms in [background], remains 0
05-18 19:21:17.011   669  1271 V AlarmManager: set(PendingIntent{3a45d0a: PendingIntentRecord{2cc5900 com.pax.market.android.app broadcastIntent}}) : type=0 triggerAtTime=1779121456011 win=0 tElapsed=35444038 maxElapsed=35444038 interval=0 flags=0x9
05-18 19:21:17.185  5093  5119 I appium  : AppiumResponse: {"sessionId":"e060cd36-560e-42c5-91e1-180205131cf7","value":{"error":"no such element","message":"An element could not be located on the page using the given search parameters","stacktrace":"io.appium.uiautomator2.common.exceptions.ElementNotFoundException: An element could not be located on the page using the given search parameters\n\tat io.appium.uiautomator2.utils.ElementLocationHelpers.findElement(ElementLocationHelpers.java:153)\n\tat io.appium.uiautomator2.handler.FindElement.safeHandle(FindElement.java:60)\n\tat io.appium.uiautomator2.handler.request.SafeRequestHandler.handle(SafeRequestHandler.java:59)\n\tat io.appium.uiautomator2.server.AppiumServlet.handleRequest(AppiumServlet.java:267)\n\tat io.appium.uiautomator2.server.AppiumServlet.handleHttpRequest(AppiumServlet.java:261)\n\tat io.appium.uiautomator2.http.ServerHandler.channelRead(ServerHandler.java:77)\n\tat io.netty.channel.AbstractChannelHandlerContext.fireChannelRead(AbstractChannelHandlerContext.java:356)\n\tat io.netty.handler.codec.MessageToMessageDecoder.channelRead(MessageToMessageDecoder.java:107)\n\tat io.netty.channel.AbstractChannelHandlerContext.fireChannelRead(AbstractChannelHandlerContext.java:356)\n\tat io.netty.channel.CombinedChannelDuplexHandler$DelegatingChannelHandlerContext.fireChannelRead(CombinedChannelDuplexHandler.java:434)\n\tat io.netty.handler.codec.ByteToMessageDecoder.fireChannelRead(ByteToMessageDecoder.java:346)\n\tat io.netty.handler.codec.ByteToMessageDecoder.channelRead(ByteToMessageDecoder.java:318)\n\tat io.netty.channel.CombinedChannelDuplexHandler.channelRead(CombinedChannelDuplexHandler.java:249)\n\tat io.netty.channel.AbstractChannelHandlerContext.fireChannelRead(AbstractChannelHandlerContext.java:354)\n\tat io.netty.handler.timeout.IdleStateHandler.channelRead(IdleStateHandler.java:293)\n\tat io.netty.channel.AbstractChannelHandlerContext.fireChannelRead(AbstractChannelHandlerContext.java:354)\n\tat io.netty.channel.DefaultChannelPipeline$HeadContext.channelRead(DefaultChannelPipeline.java:1429)\n\tat io.netty.channel.DefaultChannelPipeline.fireChannelRead(DefaultChannelPipeline.java:918)\n\tat io.netty.channel.nio.AbstractNioByteChannel$NioByteUnsafe.read(AbstractNioByteChannel.java:168)\n\tat io.netty.channel.nio.AbstractNioChannel$AbstractNioUnsafe.handle(AbstractNioChannel.java:445)\n\tat io.netty.channel.nio.NioIoHandler$DefaultNioRegistration.handle(NioIoHandler.java:388)\n\tat io.netty.channel.nio.NioIoHandler.processSelectedKey(NioIoHandler.java:596)\n\tat io.netty.channel.nio.NioIoHandler.processSelectedKeysOptimized(NioIoHandler.java:571)\n\tat io.netty.channel.nio.NioIoHandler.processSelectedKeys(NioIoHandler.java:512)\n\tat io.netty.channel.nio.NioIoHandler.run(NioIoHandler.java:484)\n\tat io.netty.channel.SingleThreadIoEventLoop.runIo(SingleThreadIoEventLoop.java:225)\n\tat io.netty.channel.SingleThreadIoEventLoop.run(SingleThreadIoEventLoop.java:196)\n\tat io.netty.util.concurrent.SingleThreadEventExecutor$5.run(SingleThreadEventExecutor.java:1193)\n\tat io.netty.util.internal.ThreadExecutorMap$2.run(ThreadExecutorMap.java:74)\n\tat io.netty.util.concurrent.FastThreadLocalRunnable.run(FastThreadLocalRunnable.java:30)\n\tat java.lang.Thread.run(Thread.java:764)\n"}}
05-18 19:21:17.659  5184  5595 D TechposHeader: {"bankVersion":"2106","idleVersion":"2.1.6_13","serialNumber":"PAX900000007","terminalId":"10005713"}
05-18 19:21:17.882   669  1264 D BroadcastQueue: Add broadcast <BroadcastRecord{110d97b u0 com.pax.intent.action.SettlementResult}> into [ordered | background], pending size 0
05-18 19:21:17.882   669  1264 D BroadcastQueue: Header is BroadcastRecord{110d97b u0 com.pax.intent.action.SettlementResult} now
05-18 19:21:17.883   669   683 W BroadcastQueue: Background execution not allowed: receiving Intent { act=com.pax.intent.action.SettlementResult flg=0x30 (has extras) } to com.pax.samplesalea/.TransactionReceiver but for platform same characteristic, so ignore the rule
05-18 19:21:17.910  5184  5595 I MainActivity: slipLines[[{"f":"N","p":"C","l":42,"t1":"                ORHAN ÜNAL                "},{"f":"N","p":"C","l":42,"t1":"                ORHAN ÜNAL                "},{"f":"N","p":"C","l":42,"t1":"                  BATMAN                  "},{"f":"N","p":"C","l":42,"t1":"                7987897897                "},{"f":"N","p":"C","l":42,"t1":"SN:PAX900000007 PAX/920PRO   VER:2.1.6_13 "},{"f":"N","p":"C","l":42,"t1":"           BELGE REF. NO:007981           "},{"f":"N","p":"C","l":42,"t1":"TARİH:18.05.26                 SAAT:19:21 "},{"f":"N","p":"C","l":1,"t1":"\n"},{"f":"N","p":"C","l":42,"t1":"               Test Bankası               "},{"f":"N","p":"C","l":42,"t1":" ---------------------------------------- "},{"f":"N","p":"C","l":26,"t1":"İŞYERİ NO: 000000000000002"},{"f":"N","p":"C","l":21,"t1":"TERMİNAL NO: 10005713"},{"f":"N","p":"C","l":1,"t1":"\n"},{"f":"N","p":"C","l":42,"t1":"            TechPOS SLİP BİLGİ            "},{"f":"N","p":"C","l":1,"t1":"\n"},{"f":"N","p":"C","l":16,"t1":"PARA BİRİMİ:  TL"},{"f":"N","p":"C","l":40,"t1":"İŞLEM NO          TİP         TARİH/SAAT"},{"f":"N","p":"C","l":40,"t1":"KART NO                            TUTAR"},{"f":"N","p":"C","l":1,"t1":"\n"},{"f":"N","p":"C","l":40,"t1":"1               SATIŞ   18/05/2026 19:18"},{"f":"N","p":"C","l":40,"t1":"4506* ** 9805                 100,00  TL"},{"f":"N","p":"C","l":1,"t1":"\n"},{"f":"N","p":"C","l":40,"t1":"2               SATIŞ   18/05/2026 19:20"},{"f":"N","p":"C","l":40,"t1":"4506* ** 9805                 100,00  TL"},{"f":"N","p":"C","l":1,"t1":"\n"},{"f":"N","p":"C","l":40,"t1":"Toplam            2           200,00  TL"},{"f":"N","p":"C","l":1,"t1":"\n"},{"f":"N","p":"C","l":1,"t1":"\n"},{"f":"N","p":"C","l":40,"t1":"Genel Toplam                  200,00  TL"},{"f":"N","p":"C","l":42,"t1":"                RAPOR SONU                "},{"f":"N","p":"C","l":42,"t1":"          BU BELGEYİ SAKLAYINIZ           "},{"f":"N","p":"C","l":42,"t1":"      GÜNSONU İŞLEMİ BAŞARILI OLARAK      "},{"f":"N","p":"C","l":42,"t1":"             TAMAMLANMIŞTIR.              "},{"f":"N","p":"C","l":5,"t1":"\n\n\n\n\n"},{"f":"N","p":"C","l":5,"t1":"\n\n\n\n\n"}]]
05-18 19:21:17.992  5093  5119 I appium  : AppiumResponse: {"sessionId":"e060cd36-560e-42c5-91e1-180205131cf7","value":{"error":"no such element","message":"An element could not be located on the page using the given search parameters","stacktrace":"io.appium.uiautomator2.common.exceptions.ElementNotFoundException: An element could not be located on the page using the given search parameters\n\tat io.appium.uiautomator2.utils.ElementLocationHelpers.findElement(ElementLocationHelpers.java:153)\n\tat io.appium.uiautomator2.handler.FindElement.safeHandle(FindElement.java:60)\n\tat io.appium.uiautomator2.handler.request.SafeRequestHandler.handle(SafeRequestHandler.java:59)\n\tat io.appium.uiautomator2.server.AppiumServlet.handleRequest(AppiumServlet.java:267)\n\tat io.appium.uiautomator2.server.AppiumServlet.handleHttpRequest(AppiumServlet.java:261)\n\tat io.appium.uiautomator2.http.ServerHandler.channelRead(ServerHandler.java:77)\n\tat io.netty.channel.AbstractChannelHandlerContext.fireChannelRead(AbstractChannelHandlerContext.java:356)\n\tat io.netty.handler.codec.MessageToMessageDecoder.channelRead(MessageToMessageDecoder.java:107)\n\tat io.netty.channel.AbstractChannelHandlerContext.fireChannelRead(AbstractChannelHandlerContext.java:356)\n\tat io.netty.channel.CombinedChannelDuplexHandler$DelegatingChannelHandlerContext.fireChannelRead(CombinedChannelDuplexHandler.java:434)\n\tat io.netty.handler.codec.ByteToMessageDecoder.fireChannelRead(ByteToMessageDecoder.java:346)\n\tat io.netty.handler.codec.ByteToMessageDecoder.channelRead(ByteToMessageDecoder.java:318)\n\tat io.netty.channel.CombinedChannelDuplexHandler.channelRead(CombinedChannelDuplexHandler.java:249)\n\tat io.netty.channel.AbstractChannelHandlerContext.fireChannelRead(AbstractChannelHandlerContext.java:354)\n\tat io.netty.handler.timeout.IdleStateHandler.channelRead(IdleStateHandler.java:293)\n\tat io.netty.channel.AbstractChannelHandlerContext.fireChannelRead(AbstractChannelHandlerContext.java:354)\n\tat io.netty.channel.DefaultChannelPipeline$HeadContext.channelRead(DefaultChannelPipeline.java:1429)\n\tat io.netty.channel.DefaultChannelPipeline.fireChannelRead(DefaultChannelPipeline.java:918)\n\tat io.netty.channel.nio.AbstractNioByteChannel$NioByteUnsafe.read(AbstractNioByteChannel.java:168)\n\tat io.netty.channel.nio.AbstractNioChannel$AbstractNioUnsafe.handle(AbstractNioChannel.java:445)\n\tat io.netty.channel.nio.NioIoHandler$DefaultNioRegistration.handle(NioIoHandler.java:388)\n\tat io.netty.channel.nio.NioIoHandler.processSelectedKey(NioIoHandler.java:596)\n\tat io.netty.channel.nio.NioIoHandler.processSelectedKeysOptimized(NioIoHandler.java:571)\n\tat io.netty.channel.nio.NioIoHandler.processSelectedKeys(NioIoHandler.java:512)\n\tat io.netty.channel.nio.NioIoHandler.run(NioIoHandler.java:484)\n\tat io.netty.channel.SingleThreadIoEventLoop.runIo(SingleThreadIoEventLoop.java:225)\n\tat io.netty.channel.SingleThreadIoEventLoop.run(SingleThreadIoEventLoop.java:196)\n\tat io.netty.util.concurrent.SingleThreadEventExecutor$5.run(SingleThreadEventExecutor.java:1193)\n\tat io.netty.util.internal.ThreadExecutorMap$2.run(ThreadExecutorMap.java:74)\n\tat io.netty.util.concurrent.FastThreadLocalRunnable.run(FastThreadLocalRunnable.java:30)\n\tat java.lang.Thread.run(Thread.java:764)\n"}}
05-18 19:21:18.017  5184  5595 I MainActivity: {"customerSlip":"{\"mercSlipName\":\"ORHAN ÜNAL\",\"mercSlipAddr\":\"ORHAN ÜNAL\\n\\n\\n\",\"mercCity\":\"BATMAN\",\"mercPhoneNo\":\"7987897897\",\"acqName\":\"Test Bankası\",\"date\":\"18.05.26\",\"time\":\"19:20\",\"mercId\":\"000000000000002\",\"termId\":\"10005713\",\"batchNo\":7981,\"tranCode\":\"M11\",\"tranNo\":2,\"stanNo\":40,\"sn\":\"PAX900000007\",\"modelNumber\":\"PAX/920PRO\",\"appVer\":\"2.1.6_13\",\"tranName\":\"T_SALE\",\"pan\":\"**** **** **** 9805\",\"cardDescription\":\"VISA/Kredi/Yurt İçi\",\"amount\":\"100,00  TL\",\"freeFormat2\":\"TESTPUAN:    \",\"freeFormat4\":\"NİZE YANSITILACAKTIR.                   \",\"freeFormat5\":\"     (2.00 TL) KAZANDINIZ. *************\",\"authCode\":\"616982\",\"rrn\":\"613803121379\",\"bankRefNo\":\"0000613803121379\",\"acquirerId\":1,\"subInfo\":\"TUTAR KARŞILIĞI MAL VEYA HİZMET ALDIM\",\"ownerInfo\":\"MÜŞTERİ NÜSHASI\",\"warning\":\"BU BELGEYİ SAKLAYINIZ\"}","merchantSlip":"{\"mercSlipName\":\"ORHAN ÜNAL\",\"mercSlipAddr\":\"ORHAN ÜNAL\\n\\n\\n\",\"mercCity\":\"BATMAN\",\"mercPhoneNo\":\"7987897897\",\"acqName\":\"Test Bankası\",\"date\":\"18.05.26\",\"time\":\"19:20\",\"mercId\":\"000000000000002\",\"termId\":\"10005713\",\"batchNo\":7981,\"tranCode\":\"M11\",\"tranNo\":2,\"stanNo\":40,\"sn\":\"PAX900000007\",\"modelNumber\":\"PAX/920PRO\",\"appVer\":\"2.1.6_13\",\"tranName\":\"T_SALE\",\"pan\":\"4506 **** **** 9805\",\"cardDescription\":\"VISA/Kredi/Yurt İçi\",\"amount\":\"100,00  TL\",\"freeFormat2\":\"TESTPUAN:    \",\"freeFormat4\":\"NİZE YANSITILACAKTIR.                   \",\"freeFormat5\":\"     (2.00 TL) KAZANDINIZ. *************\",\"authCode\":\"616982\",\"rrn\":\"613803121379\",\"bankRefNo\":\"0000613803121379\",\"acquirerId\":1,\"subInfo\":\"TUTAR KARŞILIĞI MAL VEYA HİZMET ALDIM\",\"ownerInfo\":\"İŞYERİ NÜSHASI\",\"warning\":\"BU BELGEYİ SAKLAYINIZ\",\"sign\":\"IMZA\"}","endOfDay":{"acquirerSlipDatas":[{"acqId":"0001","acqName":"Test Bankası","amount":20000,"count":2,"currencySlipDatas":[{"currencyCode":"0840","currencyName":"USD","eodTransSlipData":[]},{"currencyCode":"0949","currencyName":" TL","eodTransSlipData":[{"amount":"100,00  TL","authCode":"511976","cardNo":"4506* ** 9805","date":"18/05/26","stanNo":"39","time":"19:18","tranNo":"1","tranType":"T_SALE"},{"amount":"100,00  TL","authCode":"616982","cardNo":"4506* ** 9805","date":"18/05/26","stanNo":"40","time":"19:20","tranNo":"2","tranType":"T_SALE"}],"totalAmount":"200,00  TL","totalSize":"2"},{"currencyCode":"0978","currencyName":"EUR","eodTransSlipData":[]},{"currencyCode":"0392","currencyName":"JPY","eodTransSlipData":[]},{"currencyCode":"0826","currencyName":"GBP","eodTransSlipData":[]},{"currencyCode":"0643","currencyName":"RUB","eodTransSlipData":[]}],"mercId":"000000000000002","termId":"10005713","title":"TechPOS SLİP BİLGİ"}],"appVer":"2.1.6_13","date":"18/05/26","docRefNo":"7981","endOfDayInfo":"GÜNSONU İŞLEMİ BAŞARILI OLARAK TAMAMLANMIŞTIR.","endOfDayTotalAmounts":[{"currencyCode":"0840","currencyName":"USD","totalAmount":"0,00 USD"},{"currencyCode":"0949","currencyName":" TL","totalAmount":"200,00  TL"},{"currencyCode":"0978","currencyName":"EUR","totalAmount":"0,00 EUR"},{"currencyCode":"0392","currencyName":"JPY","totalAmount":"0 JPY"},{"currencyCode":"0826","currencyName":"GBP","totalAmount":"0,00 GBP"},{"currencyCode":"0643","currencyName":"RUB","totalAmount":"0,00 RUB"}],"endOfReport":"RAPOR SONU","mercCity":"BATMAN","mercPhoneNo":"7987897897","mercSlipAddr":"ORHAN ÜNAL\n\n\n","mercSlipName":"ORHAN ÜNAL","modelNumber":"PAX/920PRO","sn":"PAX900000007","time":"19:21"}}
05-18 19:21:18.122   669  1264 D WindowManager: Input focus has changed to Window{a3b9fb5 u0 com.pax.techpos/com.pax.techpos.MainActivity}
05-18 19:21:19.250  5093  5119 I appium  : AppiumResponse: {"sessionId":"e060cd36-560e-42c5-91e1-180205131cf7","value":{"error":"no such element","message":"An element could not be located on the page using the given search parameters","stacktrace":"io.appium.uiautomator2.common.exceptions.ElementNotFoundException: An element could not be located on the page using the given search parameters\n\tat io.appium.uiautomator2.utils.ElementLocationHelpers.findElement(ElementLocationHelpers.java:153)\n\tat io.appium.uiautomator2.handler.FindElement.safeHandle(FindElement.java:60)\n\tat io.appium.uiautomator2.handler.request.SafeRequestHandler.handle(SafeRequestHandler.java:59)\n\tat io.appium.uiautomator2.server.AppiumServlet.handleRequest(AppiumServlet.java:267)\n\tat io.appium.uiautomator2.server.AppiumServlet.handleHttpRequest(AppiumServlet.java:261)\n\tat io.appium.uiautomator2.http.ServerHandler.channelRead(ServerHandler.java:77)\n\tat io.netty.channel.AbstractChannelHandlerContext.fireChannelRead(AbstractChannelHandlerContext.java:356)\n\tat io.netty.handler.codec.MessageToMessageDecoder.channelRead(MessageToMessageDecoder.java:107)\n\tat io.netty.channel.AbstractChannelHandlerContext.fireChannelRead(AbstractChannelHandlerContext.java:356)\n\tat io.netty.channel.CombinedChannelDuplexHandler$DelegatingChannelHandlerContext.fireChannelRead(CombinedChannelDuplexHandler.java:434)\n\tat io.netty.handler.codec.ByteToMessageDecoder.fireChannelRead(ByteToMessageDecoder.java:346)\n\tat io.netty.handler.codec.ByteToMessageDecoder.channelRead(ByteToMessageDecoder.java:318)\n\tat io.netty.channel.CombinedChannelDuplexHandler.channelRead(CombinedChannelDuplexHandler.java:249)\n\tat io.netty.channel.AbstractChannelHandlerContext.fireChannelRead(AbstractChannelHandlerContext.java:354)\n\tat io.netty.handler.timeout.IdleStateHandler.channelRead(IdleStateHandler.java:293)\n\tat io.netty.channel.AbstractChannelHandlerContext.fireChannelRead(AbstractChannelHandlerContext.java:354)\n\tat io.netty.channel.DefaultChannelPipeline$HeadContext.channelRead(DefaultChannelPipeline.java:1429)\n\tat io.netty.channel.DefaultChannelPipeline.fireChannelRead(DefaultChannelPipeline.java:918)\n\tat io.netty.channel.nio.AbstractNioByteChannel$NioByteUnsafe.read(AbstractNioByteChannel.java:168)\n\tat io.netty.channel.nio.AbstractNioChannel$AbstractNioUnsafe.handle(AbstractNioChannel.java:445)\n\tat io.netty.channel.nio.NioIoHandler$DefaultNioRegistration.handle(NioIoHandler.java:388)\n\tat io.netty.channel.nio.NioIoHandler.processSelectedKey(NioIoHandler.java:596)\n\tat io.netty.channel.nio.NioIoHandler.processSelectedKeysOptimized(NioIoHandler.java:571)\n\tat io.netty.channel.nio.NioIoHandler.processSelectedKeys(NioIoHandler.java:512)\n\tat io.netty.channel.nio.NioIoHandler.run(NioIoHandler.java:484)\n\tat io.netty.channel.SingleThreadIoEventLoop.runIo(SingleThreadIoEventLoop.java:225)\n\tat io.netty.channel.SingleThreadIoEventLoop.run(SingleThreadIoEventLoop.java:196)\n\tat io.netty.util.concurrent.SingleThreadEventExecutor$5.run(SingleThreadEventExecutor.java:1193)\n\tat io.netty.util.internal.ThreadExecutorMap$2.run(ThreadExecutorMap.java:74)\n\tat io.netty.util.concurrent.FastThreadLocalRunnable.run(FastThreadLocalRunnable.java:30)\n\tat java.lang.Thread.run(Thread.java:764)\n"}}
05-18 19:21:19.595   669  1271 D BroadcastQueue: Add broadcast <BroadcastRecord{1eafcf3 u0 com.pax.intent.action.TransactionResponse}> into [ordered | background], pending size 1
05-18 19:21:19.595   669  1271 D BroadcastQueue: Header is BroadcastRecord{110d97b u0 com.pax.intent.action.SettlementResult} now
05-18 19:21:19.601   669  1271 I ActivityManager: START u0 {flg=0x20000000 cmp=com.pax.mainapp/.ManagerActivity (has extras)} from uid 10050, pid 2154
05-18 19:21:19.603   669  1271 W ActivityManager: startActivity ActivityRecord r=ActivityRecord{111edb0 u0 com.pax.mainapp/.ManagerActivity t-1}
05-18 19:21:19.614   669  1271 I ActivityManager: ->startActivity for ActivityRecord{111edb0 u0 com.pax.mainapp/.ManagerActivity t317} result:2
05-18 19:21:19.616   669  1271 W ActivityManager: Duplicate finish request for ActivityRecord{4005ba8 u0 com.pax.mainapp/.StarterActivity t317 f}
05-18 19:21:19.673   296   444 D ENGPC   : parse_event: event { 'change', '/devices/platform/battery/power_supply/battery', 'power_supply', '' }
05-18 19:21:19.674   669  1264 D BroadcastQueue: Add broadcast <BroadcastRecord{22e754f u0 com.pax.intent.action.TransactionResponse}> into [ordered | background], pending size 2
05-18 19:21:19.674   669  1264 D BroadcastQueue: Header is BroadcastRecord{110d97b u0 com.pax.intent.action.SettlementResult} now
05-18 19:21:19.684   669   669 D BroadcastQueue: Add broadcast <BroadcastRecord{579b9e5 u-1 android.intent.action.BATTERY_CHANGED}> into [parallel | background], pending size 0
05-18 19:21:19.691   669   683 D BroadcastQueue: Done with parallel broadcast [background] [BroadcastRecord{579b9e5 u-1 android.intent.action.BATTERY_CHANGED}]
05-18 19:21:19.726   669  1264 I WindowManager: Failed to capture screenshot of Token{99e9948 ActivityRecord{d386f3a u0 com.pax.mainapp/.ManagerActivity t317 f}} appWin=Window{65ca90 u0 com.pax.mainapp/com.pax.mainapp.ManagerActivity} drawState=1
05-18 19:21:19.862  5093  5119 I appium  : AppiumResponse: {"sessionId":"e060cd36-560e-42c5-91e1-180205131cf7","value":{"error":"no such element","message":"An element could not be located on the page using the given search parameters","stacktrace":"io.appium.uiautomator2.common.exceptions.ElementNotFoundException: An element could not be located on the page using the given search parameters\n\tat io.appium.uiautomator2.utils.ElementLocationHelpers.findElement(ElementLocationHelpers.java:153)\n\tat io.appium.uiautomator2.handler.FindElement.safeHandle(FindElement.java:60)\n\tat io.appium.uiautomator2.handler.request.SafeRequestHandler.handle(SafeRequestHandler.java:59)\n\tat io.appium.uiautomator2.server.AppiumServlet.handleRequest(AppiumServlet.java:267)\n\tat io.appium.uiautomator2.server.AppiumServlet.handleHttpRequest(AppiumServlet.java:261)\n\tat io.appium.uiautomator2.http.ServerHandler.channelRead(ServerHandler.java:77)\n\tat io.netty.channel.AbstractChannelHandlerContext.fireChannelRead(AbstractChannelHandlerContext.java:356)\n\tat io.netty.handler.codec.MessageToMessageDecoder.channelRead(MessageToMessageDecoder.java:107)\n\tat io.netty.channel.AbstractChannelHandlerContext.fireChannelRead(AbstractChannelHandlerContext.java:356)\n\tat io.netty.channel.CombinedChannelDuplexHandler$DelegatingChannelHandlerContext.fireChannelRead(CombinedChannelDuplexHandler.java:434)\n\tat io.netty.handler.codec.ByteToMessageDecoder.fireChannelRead(ByteToMessageDecoder.java:346)\n\tat io.netty.handler.codec.ByteToMessageDecoder.channelRead(ByteToMessageDecoder.java:318)\n\tat io.netty.channel.CombinedChannelDuplexHandler.channelRead(CombinedChannelDuplexHandler.java:249)\n\tat io.netty.channel.AbstractChannelHandlerContext.fireChannelRead(AbstractChannelHandlerContext.java:354)\n\tat io.netty.handler.timeout.IdleStateHandler.channelRead(IdleStateHandler.java:293)\n\tat io.netty.channel.AbstractChannelHandlerContext.fireChannelRead(AbstractChannelHandlerContext.java:354)\n\tat io.netty.channel.DefaultChannelPipeline$HeadContext.channelRead(DefaultChannelPipeline.java:1429)\n\tat io.netty.channel.DefaultChannelPipeline.fireChannelRead(DefaultChannelPipeline.java:918)\n\tat io.netty.channel.nio.AbstractNioByteChannel$NioByteUnsafe.read(AbstractNioByteChannel.java:168)\n\tat io.netty.channel.nio.AbstractNioChannel$AbstractNioUnsafe.handle(AbstractNioChannel.java:445)\n\tat io.netty.channel.nio.NioIoHandler$DefaultNioRegistration.handle(NioIoHandler.java:388)\n\tat io.netty.channel.nio.NioIoHandler.processSelectedKey(NioIoHandler.java:596)\n\tat io.netty.channel.nio.NioIoHandler.processSelectedKeysOptimized(NioIoHandler.java:571)\n\tat io.netty.channel.nio.NioIoHandler.processSelectedKeys(NioIoHandler.java:512)\n\tat io.netty.channel.nio.NioIoHandler.run(NioIoHandler.java:484)\n\tat io.netty.channel.SingleThreadIoEventLoop.runIo(SingleThreadIoEventLoop.java:225)\n\tat io.netty.channel.SingleThreadIoEventLoop.run(SingleThreadIoEventLoop.java:196)\n\tat io.netty.util.concurrent.SingleThreadEventExecutor$5.run(SingleThreadEventExecutor.java:1193)\n\tat io.netty.util.internal.ThreadExecutorMap$2.run(ThreadExecutorMap.java:74)\n\tat io.netty.util.concurrent.FastThreadLocalRunnable.run(FastThreadLocalRunnable.java:30)\n\tat java.lang.Thread.run(Thread.java:764)\n"}}
05-18 19:21:19.862   669   669 D BroadcastQueue: Add broadcast <BroadcastRecord{987176b u0 com.pax.refresh.inputMedthod}> into [parallel | background], pending size 0
05-18 19:21:19.862   669   683 D BroadcastQueue: Done with parallel broadcast [background] [BroadcastRecord{987176b u0 com.pax.refresh.inputMedthod}]
05-18 19:21:20.597   669  1271 I ActivityManager: START u0 {flg=0x10000000 cmp=com.pax.samplesalea/.ResultActivity (has extras)} from uid 10057, pid 5132
05-18 19:21:20.597   669  1271 W ActivityManager: startActivity ActivityRecord r=ActivityRecord{8110f61 u0 com.pax.samplesalea/.ResultActivity t-1}
05-18 19:21:20.607   669  1271 I ActivityManager: ->startActivity for ActivityRecord{8110f61 u0 com.pax.samplesalea/.ResultActivity t315} result:0
05-18 19:21:20.608   669  1271 D BroadcastQueue: Finished with ordered broadcast BroadcastRecord{110d97b u0 com.pax.intent.action.SettlementResult} receivers:(1) take 2725ms in [background], remains 2
05-18 19:21:20.636  5093  5119 I appium  : AppiumResponse: {"sessionId":"e060cd36-560e-42c5-91e1-180205131cf7","value":{"error":"no such element","message":"An element could not be located on the page using the given search parameters","stacktrace":"io.appium.uiautomator2.common.exceptions.ElementNotFoundException: An element could not be located on the page using the given search parameters\n\tat io.appium.uiautomator2.utils.ElementLocationHelpers.findElement(ElementLocationHelpers.java:153)\n\tat io.appium.uiautomator2.handler.FindElement.safeHandle(FindElement.java:60)\n\tat io.appium.uiautomator2.handler.request.SafeRequestHandler.handle(SafeRequestHandler.java:59)\n\tat io.appium.uiautomator2.server.AppiumServlet.handleRequest(AppiumServlet.java:267)\n\tat io.appium.uiautomator2.server.AppiumServlet.handleHttpRequest(AppiumServlet.java:261)\n\tat io.appium.uiautomator2.http.ServerHandler.channelRead(ServerHandler.java:77)\n\tat io.netty.channel.AbstractChannelHandlerContext.fireChannelRead(AbstractChannelHandlerContext.java:356)\n\tat io.netty.handler.codec.MessageToMessageDecoder.channelRead(MessageToMessageDecoder.java:107)\n\tat io.netty.channel.AbstractChannelHandlerContext.fireChannelRead(AbstractChannelHandlerContext.java:356)\n\tat io.netty.channel.CombinedChannelDuplexHandler$DelegatingChannelHandlerContext.fireChannelRead(CombinedChannelDuplexHandler.java:434)\n\tat io.netty.handler.codec.ByteToMessageDecoder.fireChannelRead(ByteToMessageDecoder.java:346)\n\tat io.netty.handler.codec.ByteToMessageDecoder.channelRead(ByteToMessageDecoder.java:318)\n\tat io.netty.channel.CombinedChannelDuplexHandler.channelRead(CombinedChannelDuplexHandler.java:249)\n\tat io.netty.channel.AbstractChannelHandlerContext.fireChannelRead(AbstractChannelHandlerContext.java:354)\n\tat io.netty.handler.timeout.IdleStateHandler.channelRead(IdleStateHandler.java:293)\n\tat io.netty.channel.AbstractChannelHandlerContext.fireChannelRead(AbstractChannelHandlerContext.java:354)\n\tat io.netty.channel.DefaultChannelPipeline$HeadContext.channelRead(DefaultChannelPipeline.java:1429)\n\tat io.netty.channel.DefaultChannelPipeline.fireChannelRead(DefaultChannelPipeline.java:918)\n\tat io.netty.channel.nio.AbstractNioByteChannel$NioByteUnsafe.read(AbstractNioByteChannel.java:168)\n\tat io.netty.channel.nio.AbstractNioChannel$AbstractNioUnsafe.handle(AbstractNioChannel.java:445)\n\tat io.netty.channel.nio.NioIoHandler$DefaultNioRegistration.handle(NioIoHandler.java:388)\n\tat io.netty.channel.nio.NioIoHandler.processSelectedKey(NioIoHandler.java:596)\n\tat io.netty.channel.nio.NioIoHandler.processSelectedKeysOptimized(NioIoHandler.java:571)\n\tat io.netty.channel.nio.NioIoHandler.processSelectedKeys(NioIoHandler.java:512)\n\tat io.netty.channel.nio.NioIoHandler.run(NioIoHandler.java:484)\n\tat io.netty.channel.SingleThreadIoEventLoop.runIo(SingleThreadIoEventLoop.java:225)\n\tat io.netty.channel.SingleThreadIoEventLoop.run(SingleThreadIoEventLoop.java:196)\n\tat io.netty.util.concurrent.SingleThreadEventExecutor$5.run(SingleThreadEventExecutor.java:1193)\n\tat io.netty.util.internal.ThreadExecutorMap$2.run(ThreadExecutorMap.java:74)\n\tat io.netty.util.concurrent.FastThreadLocalRunnable.run(FastThreadLocalRunnable.java:30)\n\tat java.lang.Thread.run(Thread.java:764)\n"}}
05-18 19:21:20.716   669  1271 D BroadcastQueue: Finished with ordered broadcast BroadcastRecord{1eafcf3 u0 com.pax.intent.action.TransactionResponse} receivers:(1) take 108ms in [background], remains 1
05-18 19:21:21.098   669  1271 D WindowManager: Input focus has changed to Window{d0f8912 u0 com.pax.samplesalea/com.pax.samplesalea.ResultActivity}
05-18 19:21:21.193   669  1271 D BroadcastQueue: Finished with ordered broadcast BroadcastRecord{22e754f u0 com.pax.intent.action.TransactionResponse} receivers:(1) take 477ms in [background], remains 0
05-18 19:21:21.652   669  1025 V AlarmManager: set(PendingIntent{5d6d008: PendingIntentRecord{e0933a1 android broadcastIntent}}) : type=3 triggerAtTime=35569678 win=224999 tElapsed=35569678 maxElapsed=35794677 interval=0 flags=0x8
05-18 19:21:21.864   296   444 D ENGPC   : parse_event: event { 'change', '/devices/platform/battery/power_supply/battery', 'power_supply', '' }
05-18 19:21:21.867   296   444 D ENGPC   : parse_event: event { 'change', '/devices/platform/battery/power_supply/battery', 'power_supply', '' }
05-18 19:21:21.875   669   669 D BroadcastQueue: Add broadcast <BroadcastRecord{91422e0 u-1 android.intent.action.BATTERY_CHANGED}> into [parallel | background], pending size 0
05-18 19:21:21.879   669   683 D BroadcastQueue: Done with parallel broadcast [background] [BroadcastRecord{91422e0 u-1 android.intent.action.BATTERY_CHANGED}]
05-18 19:21:22.249  5093  5119 I appium  : AppiumResponse: {"sessionId":"e060cd36-560e-42c5-91e1-180205131cf7","value":{"ELEMENT":"00000000-0000-042c-ffff-ffff00000097","element-6066-11e4-a52e-4f735466cecf":"00000000-0000-042c-ffff-ffff00000097"}}
05-18 19:21:22.492  5093  5119 I appium  : AppiumResponse: {"sessionId":"e060cd36-560e-42c5-91e1-180205131cf7","value":"true"}
05-18 19:21:22.615  5093  5119 I appium  : AppiumResponse: {"sessionId":"e060cd36-560e-42c5-91e1-180205131cf7","value":{"ELEMENT":"00000000-0000-042c-ffff-ffff00000097","element-6066-11e4-a52e-4f735466cecf":"00000000-0000-042c-ffff-ffff00000097"}}
05-18 19:21:22.694   669 16339 I ActivityManager: START u0 {cmp=com.pax.samplesalea/.SaleActivity} from uid 10057, pid 5132
05-18 19:21:22.694   669 16339 W ActivityManager: startActivity ActivityRecord r=ActivityRecord{9734999 u0 com.pax.samplesalea/.SaleActivity t-1}
05-18 19:21:22.695  5093  5119 I appium  : AppiumResponse: {"sessionId":"e060cd36-560e-42c5-91e1-180205131cf7","value":null}
05-18 19:21:22.703   669 16339 I ActivityManager: ->startActivity for ActivityRecord{9734999 u0 com.pax.samplesalea/.SaleActivity t315} result:0
05-18 19:21:23.319   669  1264 D WindowManager: Input focus has changed to Window{bc0b15b u0 com.pax.samplesalea/com.pax.samplesalea.SaleActivity}
05-18 19:21:23.461  5093  5119 I appium  : AppiumResponse: {"sessionId":"e060cd36-560e-42c5-91e1-180205131cf7","value":{"error":"no such element","message":"An element could not be located on the page using the given search parameters","stacktrace":"io.appium.uiautomator2.common.exceptions.ElementNotFoundException: An element could not be located on the page using the given search parameters\n\tat io.appium.uiautomator2.utils.ElementLocationHelpers.findElement(ElementLocationHelpers.java:153)\n\tat io.appium.uiautomator2.handler.FindElement.safeHandle(FindElement.java:60)\n\tat io.appium.uiautomator2.handler.request.SafeRequestHandler.handle(SafeRequestHandler.java:59)\n\tat io.appium.uiautomator2.server.AppiumServlet.handleRequest(AppiumServlet.java:267)\n\tat io.appium.uiautomator2.server.AppiumServlet.handleHttpRequest(AppiumServlet.java:261)\n\tat io.appium.uiautomator2.http.ServerHandler.channelRead(ServerHandler.java:77)\n\tat io.netty.channel.AbstractChannelHandlerContext.fireChannelRead(AbstractChannelHandlerContext.java:356)\n\tat io.netty.handler.codec.MessageToMessageDecoder.channelRead(MessageToMessageDecoder.java:107)\n\tat io.netty.channel.AbstractChannelHandlerContext.fireChannelRead(AbstractChannelHandlerContext.java:356)\n\tat io.netty.channel.CombinedChannelDuplexHandler$DelegatingChannelHandlerContext.fireChannelRead(CombinedChannelDuplexHandler.java:434)\n\tat io.netty.handler.codec.ByteToMessageDecoder.fireChannelRead(ByteToMessageDecoder.java:346)\n\tat io.netty.handler.codec.ByteToMessageDecoder.channelRead(ByteToMessageDecoder.java:318)\n\tat io.netty.channel.CombinedChannelDuplexHandler.channelRead(CombinedChannelDuplexHandler.java:249)\n\tat io.netty.channel.AbstractChannelHandlerContext.fireChannelRead(AbstractChannelHandlerContext.java:354)\n\tat io.netty.handler.timeout.IdleStateHandler.channelRead(IdleStateHandler.java:293)\n\tat io.netty.channel.AbstractChannelHandlerContext.fireChannelRead(AbstractChannelHandlerContext.java:354)\n\tat io.netty.channel.DefaultChannelPipeline$HeadContext.channelRead(DefaultChannelPipeline.java:1429)\n\tat io.netty.channel.DefaultChannelPipeline.fireChannelRead(DefaultChannelPipeline.java:918)\n\tat io.netty.channel.nio.AbstractNioByteChannel$NioByteUnsafe.read(AbstractNioByteChannel.java:168)\n\tat io.netty.channel.nio.AbstractNioChannel$AbstractNioUnsafe.handle(AbstractNioChannel.java:445)\n\tat io.netty.channel.nio.NioIoHandler$DefaultNioRegistration.handle(NioIoHandler.java:388)\n\tat io.netty.channel.nio.NioIoHandler.processSelectedKey(NioIoHandler.java:596)\n\tat io.netty.channel.nio.NioIoHandler.processSelectedKeysOptimized(NioIoHandler.java:571)\n\tat io.netty.channel.nio.NioIoHandler.processSelectedKeys(NioIoHandler.java:512)\n\tat io.netty.channel.nio.NioIoHandler.run(NioIoHandler.java:484)\n\tat io.netty.channel.SingleThreadIoEventLoop.runIo(SingleThreadIoEventLoop.java:225)\n\tat io.netty.channel.SingleThreadIoEventLoop.run(SingleThreadIoEventLoop.java:196)\n\tat io.netty.util.concurrent.SingleThreadEventExecutor$5.run(SingleThreadEventExecutor.java:1193)\n\tat io.netty.util.internal.ThreadExecutorMap$2.run(ThreadExecutorMap.java:74)\n\tat io.netty.util.concurrent.FastThreadLocalRunnable.run(FastThreadLocalRunnable.java:30)\n\tat java.lang.Thread.run(Thread.java:764)\n"}}
05-18 19:21:24.414  5093  5119 I appium  : AppiumResponse: {"sessionId":"e060cd36-560e-42c5-91e1-180205131cf7","value":{"error":"no such element","message":"An element could not be located on the page using the given search parameters","stacktrace":"io.appium.uiautomator2.common.exceptions.ElementNotFoundException: An element could not be located on the page using the given search parameters\n\tat io.appium.uiautomator2.utils.ElementLocationHelpers.findElement(ElementLocationHelpers.java:153)\n\tat io.appium.uiautomator2.handler.FindElement.safeHandle(FindElement.java:60)\n\tat io.appium.uiautomator2.handler.request.SafeRequestHandler.handle(SafeRequestHandler.java:59)\n\tat io.appium.uiautomator2.server.AppiumServlet.handleRequest(AppiumServlet.java:267)\n\tat io.appium.uiautomator2.server.AppiumServlet.handleHttpRequest(AppiumServlet.java:261)\n\tat io.appium.uiautomator2.http.ServerHandler.channelRead(ServerHandler.java:77)\n\tat io.netty.channel.AbstractChannelHandlerContext.fireChannelRead(AbstractChannelHandlerContext.java:356)\n\tat io.netty.handler.codec.MessageToMessageDecoder.channelRead(MessageToMessageDecoder.java:107)\n\tat io.netty.channel.AbstractChannelHandlerContext.fireChannelRead(AbstractChannelHandlerContext.java:356)\n\tat io.netty.channel.CombinedChannelDuplexHandler$DelegatingChannelHandlerContext.fireChannelRead(CombinedChannelDuplexHandler.java:434)\n\tat io.netty.handler.codec.ByteToMessageDecoder.fireChannelRead(ByteToMessageDecoder.java:346)\n\tat io.netty.handler.codec.ByteToMessageDecoder.channelRead(ByteToMessageDecoder.java:318)\n\tat io.netty.channel.CombinedChannelDuplexHandler.channelRead(CombinedChannelDuplexHandler.java:249)\n\tat io.netty.channel.AbstractChannelHandlerContext.fireChannelRead(AbstractChannelHandlerContext.java:354)\n\tat io.netty.handler.timeout.IdleStateHandler.channelRead(IdleStateHandler.java:293)\n\tat io.netty.channel.AbstractChannelHandlerContext.fireChannelRead(AbstractChannelHandlerContext.java:354)\n\tat io.netty.channel.DefaultChannelPipeline$HeadContext.channelRead(DefaultChannelPipeline.java:1429)\n\tat io.netty.channel.DefaultChannelPipeline.fireChannelRead(DefaultChannelPipeline.java:918)\n\tat io.netty.channel.nio.AbstractNioByteChannel$NioByteUnsafe.read(AbstractNioByteChannel.java:168)\n\tat io.netty.channel.nio.AbstractNioChannel$AbstractNioUnsafe.handle(AbstractNioChannel.java:445)\n\tat io.netty.channel.nio.NioIoHandler$DefaultNioRegistration.handle(NioIoHandler.java:388)\n\tat io.netty.channel.nio.NioIoHandler.processSelectedKey(NioIoHandler.java:596)\n\tat io.netty.channel.nio.NioIoHandler.processSelectedKeysOptimized(NioIoHandler.java:571)\n\tat io.netty.channel.nio.NioIoHandler.processSelectedKeys(NioIoHandler.java:512)\n\tat io.netty.channel.nio.NioIoHandler.run(NioIoHandler.java:484)\n\tat io.netty.channel.SingleThreadIoEventLoop.runIo(SingleThreadIoEventLoop.java:225)\n\tat io.netty.channel.SingleThreadIoEventLoop.run(SingleThreadIoEventLoop.java:196)\n\tat io.netty.util.concurrent.SingleThreadEventExecutor$5.run(SingleThreadEventExecutor.java:1193)\n\tat io.netty.util.internal.ThreadExecutorMap$2.run(ThreadExecutorMap.java:74)\n\tat io.netty.util.concurrent.FastThreadLocalRunnable.run(FastThreadLocalRunnable.java:30)\n\tat java.lang.Thread.run(Thread.java:764)\n"}}
05-18 19:21:25.084  5093  5119 I appium  : AppiumResponse: {"sessionId":"e060cd36-560e-42c5-91e1-180205131cf7","value":{"error":"no such element","message":"An element could not be located on the page using the given search parameters","stacktrace":"io.appium.uiautomator2.common.exceptions.ElementNotFoundException: An element could not be located on the page using the given search parameters\n\tat io.appium.uiautomator2.utils.ElementLocationHelpers.findElement(ElementLocationHelpers.java:153)\n\tat io.appium.uiautomator2.handler.FindElement.safeHandle(FindElement.java:60)\n\tat io.appium.uiautomator2.handler.request.SafeRequestHandler.handle(SafeRequestHandler.java:59)\n\tat io.appium.uiautomator2.server.AppiumServlet.handleRequest(AppiumServlet.java:267)\n\tat io.appium.uiautomator2.server.AppiumServlet.handleHttpRequest(AppiumServlet.java:261)\n\tat io.appium.uiautomator2.http.ServerHandler.channelRead(ServerHandler.java:77)\n\tat io.netty.channel.AbstractChannelHandlerContext.fireChannelRead(AbstractChannelHandlerContext.java:356)\n\tat io.netty.handler.codec.MessageToMessageDecoder.channelRead(MessageToMessageDecoder.java:107)\n\tat io.netty.channel.AbstractChannelHandlerContext.fireChannelRead(AbstractChannelHandlerContext.java:356)\n\tat io.netty.channel.CombinedChannelDuplexHandler$DelegatingChannelHandlerContext.fireChannelRead(CombinedChannelDuplexHandler.java:434)\n\tat io.netty.handler.codec.ByteToMessageDecoder.fireChannelRead(ByteToMessageDecoder.java:346)\n\tat io.netty.handler.codec.ByteToMessageDecoder.channelRead(ByteToMessageDecoder.java:318)\n\tat io.netty.channel.CombinedChannelDuplexHandler.channelRead(CombinedChannelDuplexHandler.java:249)\n\tat io.netty.channel.AbstractChannelHandlerContext.fireChannelRead(AbstractChannelHandlerContext.java:354)\n\tat io.netty.handler.timeout.IdleStateHandler.channelRead(IdleStateHandler.java:293)\n\tat io.netty.channel.AbstractChannelHandlerContext.fireChannelRead(AbstractChannelHandlerContext.java:354)\n\tat io.netty.channel.DefaultChannelPipeline$HeadContext.channelRead(DefaultChannelPipeline.java:1429)\n\tat io.netty.channel.DefaultChannelPipeline.fireChannelRead(DefaultChannelPipeline.java:918)\n\tat io.netty.channel.nio.AbstractNioByteChannel$NioByteUnsafe.read(AbstractNioByteChannel.java:168)\n\tat io.netty.channel.nio.AbstractNioChannel$AbstractNioUnsafe.handle(AbstractNioChannel.java:445)\n\tat io.netty.channel.nio.NioIoHandler$DefaultNioRegistration.handle(NioIoHandler.java:388)\n\tat io.netty.channel.nio.NioIoHandler.processSelectedKey(NioIoHandler.java:596)\n\tat io.netty.channel.nio.NioIoHandler.processSelectedKeysOptimized(NioIoHandler.java:571)\n\tat io.netty.channel.nio.NioIoHandler.processSelectedKeys(NioIoHandler.java:512)\n\tat io.netty.channel.nio.NioIoHandler.run(NioIoHandler.java:484)\n\tat io.netty.channel.SingleThreadIoEventLoop.runIo(SingleThreadIoEventLoop.java:225)\n\tat io.netty.channel.SingleThreadIoEventLoop.run(SingleThreadIoEventLoop.java:196)\n\tat io.netty.util.concurrent.SingleThreadEventExecutor$5.run(SingleThreadEventExecutor.java:1193)\n\tat io.netty.util.internal.ThreadExecutorMap$2.run(ThreadExecutorMap.java:74)\n\tat io.netty.util.concurrent.FastThreadLocalRunnable.run(FastThreadLocalRunnable.java:30)\n\tat java.lang.Thread.run(Thread.java:764)\n"}}
05-18 19:21:25.735  5093  5119 I appium  : AppiumResponse: {"sessionId":"e060cd36-560e-42c5-91e1-180205131cf7","value":{"error":"no such element","message":"An element could not be located on the page using the given search parameters","stacktrace":"io.appium.uiautomator2.common.exceptions.ElementNotFoundException: An element could not be located on the page using the given search parameters\n\tat io.appium.uiautomator2.utils.ElementLocationHelpers.findElement(ElementLocationHelpers.java:153)\n\tat io.appium.uiautomator2.handler.FindElement.safeHandle(FindElement.java:60)\n\tat io.appium.uiautomator2.handler.request.SafeRequestHandler.handle(SafeRequestHandler.java:59)\n\tat io.appium.uiautomator2.server.AppiumServlet.handleRequest(AppiumServlet.java:267)\n\tat io.appium.uiautomator2.server.AppiumServlet.handleHttpRequest(AppiumServlet.java:261)\n\tat io.appium.uiautomator2.http.ServerHandler.channelRead(ServerHandler.java:77)\n\tat io.netty.channel.AbstractChannelHandlerContext.fireChannelRead(AbstractChannelHandlerContext.java:356)\n\tat io.netty.handler.codec.MessageToMessageDecoder.channelRead(MessageToMessageDecoder.java:107)\n\tat io.netty.channel.AbstractChannelHandlerContext.fireChannelRead(AbstractChannelHandlerContext.java:356)\n\tat io.netty.channel.CombinedChannelDuplexHandler$DelegatingChannelHandlerContext.fireChannelRead(CombinedChannelDuplexHandler.java:434)\n\tat io.netty.handler.codec.ByteToMessageDecoder.fireChannelRead(ByteToMessageDecoder.java:346)\n\tat io.netty.handler.codec.ByteToMessageDecoder.channelRead(ByteToMessageDecoder.java:318)\n\tat io.netty.channel.CombinedChannelDuplexHandler.channelRead(CombinedChannelDuplexHandler.java:249)\n\tat io.netty.channel.AbstractChannelHandlerContext.fireChannelRead(AbstractChannelHandlerContext.java:354)\n\tat io.netty.handler.timeout.IdleStateHandler.channelRead(IdleStateHandler.java:293)\n\tat io.netty.channel.AbstractChannelHandlerContext.fireChannelRead(AbstractChannelHandlerContext.java:354)\n\tat io.netty.channel.DefaultChannelPipeline$HeadContext.channelRead(DefaultChannelPipeline.java:1429)\n\tat io.netty.channel.DefaultChannelPipeline.fireChannelRead(DefaultChannelPipeline.java:918)\n\tat io.netty.channel.nio.AbstractNioByteChannel$NioByteUnsafe.read(AbstractNioByteChannel.java:168)\n\tat io.netty.channel.nio.AbstractNioChannel$AbstractNioUnsafe.handle(AbstractNioChannel.java:445)\n\tat io.netty.channel.nio.NioIoHandler$DefaultNioRegistration.handle(NioIoHandler.java:388)\n\tat io.netty.channel.nio.NioIoHandler.processSelectedKey(NioIoHandler.java:596)\n\tat io.netty.channel.nio.NioIoHandler.processSelectedKeysOptimized(NioIoHandler.java:571)\n\tat io.netty.channel.nio.NioIoHandler.processSelectedKeys(NioIoHandler.java:512)\n\tat io.netty.channel.nio.NioIoHandler.run(NioIoHandler.java:484)\n\tat io.netty.channel.SingleThreadIoEventLoop.runIo(SingleThreadIoEventLoop.java:225)\n\tat io.netty.channel.SingleThreadIoEventLoop.run(SingleThreadIoEventLoop.java:196)\n\tat io.netty.util.concurrent.SingleThreadEventExecutor$5.run(SingleThreadEventExecutor.java:1193)\n\tat io.netty.util.internal.ThreadExecutorMap$2.run(ThreadExecutorMap.java:74)\n\tat io.netty.util.concurrent.FastThreadLocalRunnable.run(FastThreadLocalRunnable.java:30)\n\tat java.lang.Thread.run(Thread.java:764)\n"}}
05-18 19:21:26.393  5093  5119 I appium  : AppiumResponse: {"sessionId":"e060cd36-560e-42c5-91e1-180205131cf7","value":{"error":"no such element","message":"An element could not be located on the page using the given search parameters","stacktrace":"io.appium.uiautomator2.common.exceptions.ElementNotFoundException: An element could not be located on the page using the given search parameters\n\tat io.appium.uiautomator2.utils.ElementLocationHelpers.findElement(ElementLocationHelpers.java:153)\n\tat io.appium.uiautomator2.handler.FindElement.safeHandle(FindElement.java:60)\n\tat io.appium.uiautomator2.handler.request.SafeRequestHandler.handle(SafeRequestHandler.java:59)\n\tat io.appium.uiautomator2.server.AppiumServlet.handleRequest(AppiumServlet.java:267)\n\tat io.appium.uiautomator2.server.AppiumServlet.handleHttpRequest(AppiumServlet.java:261)\n\tat io.appium.uiautomator2.http.ServerHandler.channelRead(ServerHandler.java:77)\n\tat io.netty.channel.AbstractChannelHandlerContext.fireChannelRead(AbstractChannelHandlerContext.java:356)\n\tat io.netty.handler.codec.MessageToMessageDecoder.channelRead(MessageToMessageDecoder.java:107)\n\tat io.netty.channel.AbstractChannelHandlerContext.fireChannelRead(AbstractChannelHandlerContext.java:356)\n\tat io.netty.channel.CombinedChannelDuplexHandler$DelegatingChannelHandlerContext.fireChannelRead(CombinedChannelDuplexHandler.java:434)\n\tat io.netty.handler.codec.ByteToMessageDecoder.fireChannelRead(ByteToMessageDecoder.java:346)\n\tat io.netty.handler.codec.ByteToMessageDecoder.channelRead(ByteToMessageDecoder.java:318)\n\tat io.netty.channel.CombinedChannelDuplexHandler.channelRead(CombinedChannelDuplexHandler.java:249)\n\tat io.netty.channel.AbstractChannelHandlerContext.fireChannelRead(AbstractChannelHandlerContext.java:354)\n\tat io.netty.handler.timeout.IdleStateHandler.channelRead(IdleStateHandler.java:293)\n\tat io.netty.channel.AbstractChannelHandlerContext.fireChannelRead(AbstractChannelHandlerContext.java:354)\n\tat io.netty.channel.DefaultChannelPipeline$HeadContext.channelRead(DefaultChannelPipeline.java:1429)\n\tat io.netty.channel.DefaultChannelPipeline.fireChannelRead(DefaultChannelPipeline.java:918)\n\tat io.netty.channel.nio.AbstractNioByteChannel$NioByteUnsafe.read(AbstractNioByteChannel.java:168)\n\tat io.netty.channel.nio.AbstractNioChannel$AbstractNioUnsafe.handle(AbstractNioChannel.java:445)\n\tat io.netty.channel.nio.NioIoHandler$DefaultNioRegistration.handle(NioIoHandler.java:388)\n\tat io.netty.channel.nio.NioIoHandler.processSelectedKey(NioIoHandler.java:596)\n\tat io.netty.channel.nio.NioIoHandler.processSelectedKeysOptimized(NioIoHandler.java:571)\n\tat io.netty.channel.nio.NioIoHandler.processSelectedKeys(NioIoHandler.java:512)\n\tat io.netty.channel.nio.NioIoHandler.run(NioIoHandler.java:484)\n\tat io.netty.channel.SingleThreadIoEventLoop.runIo(SingleThreadIoEventLoop.java:225)\n\tat io.netty.channel.SingleThreadIoEventLoop.run(SingleThreadIoEventLoop.java:196)\n\tat io.netty.util.concurrent.SingleThreadEventExecutor$5.run(SingleThreadEventExecutor.java:1193)\n\tat io.netty.util.internal.ThreadExecutorMap$2.run(ThreadExecutorMap.java:74)\n\tat io.netty.util.concurrent.FastThreadLocalRunnable.run(FastThreadLocalRunnable.java:30)\n\tat java.lang.Thread.run(Thread.java:764)\n"}}
05-18 19:21:27.055  5093  5119 I appium  : AppiumResponse: {"sessionId":"e060cd36-560e-42c5-91e1-180205131cf7","value":{"error":"no such element","message":"An element could not be located on the page using the given search parameters","stacktrace":"io.appium.uiautomator2.common.exceptions.ElementNotFoundException: An element could not be located on the page using the given search parameters\n\tat io.appium.uiautomator2.utils.ElementLocationHelpers.findElement(ElementLocationHelpers.java:153)\n\tat io.appium.uiautomator2.handler.FindElement.safeHandle(FindElement.java:60)\n\tat io.appium.uiautomator2.handler.request.SafeRequestHandler.handle(SafeRequestHandler.java:59)\n\tat io.appium.uiautomator2.server.AppiumServlet.handleRequest(AppiumServlet.java:267)\n\tat io.appium.uiautomator2.server.AppiumServlet.handleHttpRequest(AppiumServlet.java:261)\n\tat io.appium.uiautomator2.http.ServerHandler.channelRead(ServerHandler.java:77)\n\tat io.netty.channel.AbstractChannelHandlerContext.fireChannelRead(AbstractChannelHandlerContext.java:356)\n\tat io.netty.handler.codec.MessageToMessageDecoder.channelRead(MessageToMessageDecoder.java:107)\n\tat io.netty.channel.AbstractChannelHandlerContext.fireChannelRead(AbstractChannelHandlerContext.java:356)\n\tat io.netty.channel.CombinedChannelDuplexHandler$DelegatingChannelHandlerContext.fireChannelRead(CombinedChannelDuplexHandler.java:434)\n\tat io.netty.handler.codec.ByteToMessageDecoder.fireChannelRead(ByteToMessageDecoder.java:346)\n\tat io.netty.handler.codec.ByteToMessageDecoder.channelRead(ByteToMessageDecoder.java:318)\n\tat io.netty.channel.CombinedChannelDuplexHandler.channelRead(CombinedChannelDuplexHandler.java:249)\n\tat io.netty.channel.AbstractChannelHandlerContext.fireChannelRead(AbstractChannelHandlerContext.java:354)\n\tat io.netty.handler.timeout.IdleStateHandler.channelRead(IdleStateHandler.java:293)\n\tat io.netty.channel.AbstractChannelHandlerContext.fireChannelRead(AbstractChannelHandlerContext.java:354)\n\tat io.netty.channel.DefaultChannelPipeline$HeadContext.channelRead(DefaultChannelPipeline.java:1429)\n\tat io.netty.channel.DefaultChannelPipeline.fireChannelRead(DefaultChannelPipeline.java:918)\n\tat io.netty.channel.nio.AbstractNioByteChannel$NioByteUnsafe.read(AbstractNioByteChannel.java:168)\n\tat io.netty.channel.nio.AbstractNioChannel$AbstractNioUnsafe.handle(AbstractNioChannel.java:445)\n\tat io.netty.channel.nio.NioIoHandler$DefaultNioRegistration.handle(NioIoHandler.java:388)\n\tat io.netty.channel.nio.NioIoHandler.processSelectedKey(NioIoHandler.java:596)\n\tat io.netty.channel.nio.NioIoHandler.processSelectedKeysOptimized(NioIoHandler.java:571)\n\tat io.netty.channel.nio.NioIoHandler.processSelectedKeys(NioIoHandler.java:512)\n\tat io.netty.channel.nio.NioIoHandler.run(NioIoHandler.java:484)\n\tat io.netty.channel.SingleThreadIoEventLoop.runIo(SingleThreadIoEventLoop.java:225)\n\tat io.netty.channel.SingleThreadIoEventLoop.run(SingleThreadIoEventLoop.java:196)\n\tat io.netty.util.concurrent.SingleThreadEventExecutor$5.run(SingleThreadEventExecutor.java:1193)\n\tat io.netty.util.internal.ThreadExecutorMap$2.run(ThreadExecutorMap.java:74)\n\tat io.netty.util.concurrent.FastThreadLocalRunnable.run(FastThreadLocalRunnable.java:30)\n\tat java.lang.Thread.run(Thread.java:764)\n"}}
05-18 19:21:27.685  5093  5119 I appium  : AppiumResponse: {"sessionId":"e060cd36-560e-42c5-91e1-180205131cf7","value":{"error":"no such element","message":"An element could not be located on the page using the given search parameters","stacktrace":"io.appium.uiautomator2.common.exceptions.ElementNotFoundException: An element could not be located on the page using the given search parameters\n\tat io.appium.uiautomator2.utils.ElementLocationHelpers.findElement(ElementLocationHelpers.java:153)\n\tat io.appium.uiautomator2.handler.FindElement.safeHandle(FindElement.java:60)\n\tat io.appium.uiautomator2.handler.request.SafeRequestHandler.handle(SafeRequestHandler.java:59)\n\tat io.appium.uiautomator2.server.AppiumServlet.handleRequest(AppiumServlet.java:267)\n\tat io.appium.uiautomator2.server.AppiumServlet.handleHttpRequest(AppiumServlet.java:261)\n\tat io.appium.uiautomator2.http.ServerHandler.channelRead(ServerHandler.java:77)\n\tat io.netty.channel.AbstractChannelHandlerContext.fireChannelRead(AbstractChannelHandlerContext.java:356)\n\tat io.netty.handler.codec.MessageToMessageDecoder.channelRead(MessageToMessageDecoder.java:107)\n\tat io.netty.channel.AbstractChannelHandlerContext.fireChannelRead(AbstractChannelHandlerContext.java:356)\n\tat io.netty.channel.CombinedChannelDuplexHandler$DelegatingChannelHandlerContext.fireChannelRead(CombinedChannelDuplexHandler.java:434)\n\tat io.netty.handler.codec.ByteToMessageDecoder.fireChannelRead(ByteToMessageDecoder.java:346)\n\tat io.netty.handler.codec.ByteToMessageDecoder.channelRead(ByteToMessageDecoder.java:318)\n\tat io.netty.channel.CombinedChannelDuplexHandler.channelRead(CombinedChannelDuplexHandler.java:249)\n\tat io.netty.channel.AbstractChannelHandlerContext.fireChannelRead(AbstractChannelHandlerContext.java:354)\n\tat io.netty.handler.timeout.IdleStateHandler.channelRead(IdleStateHandler.java:293)\n\tat io.netty.channel.AbstractChannelHandlerContext.fireChannelRead(AbstractChannelHandlerContext.java:354)\n\tat io.netty.channel.DefaultChannelPipeline$HeadContext.channelRead(DefaultChannelPipeline.java:1429)\n\tat io.netty.channel.DefaultChannelPipeline.fireChannelRead(DefaultChannelPipeline.java:918)\n\tat io.netty.channel.nio.AbstractNioByteChannel$NioByteUnsafe.read(AbstractNioByteChannel.java:168)\n\tat io.netty.channel.nio.AbstractNioChannel$AbstractNioUnsafe.handle(AbstractNioChannel.java:445)\n\tat io.netty.channel.nio.NioIoHandler$DefaultNioRegistration.handle(NioIoHandler.java:388)\n\tat io.netty.channel.nio.NioIoHandler.processSelectedKey(NioIoHandler.java:596)\n\tat io.netty.channel.nio.NioIoHandler.processSelectedKeysOptimized(NioIoHandler.java:571)\n\tat io.netty.channel.nio.NioIoHandler.processSelectedKeys(NioIoHandler.java:512)\n\tat io.netty.channel.nio.NioIoHandler.run(NioIoHandler.java:484)\n\tat io.netty.channel.SingleThreadIoEventLoop.runIo(SingleThreadIoEventLoop.java:225)\n\tat io.netty.channel.SingleThreadIoEventLoop.run(SingleThreadIoEventLoop.java:196)\n\tat io.netty.util.concurrent.SingleThreadEventExecutor$5.run(SingleThreadEventExecutor.java:1193)\n\tat io.netty.util.internal.ThreadExecutorMap$2.run(ThreadExecutorMap.java:74)\n\tat io.netty.util.concurrent.FastThreadLocalRunnable.run(FastThreadLocalRunnable.java:30)\n\tat java.lang.Thread.run(Thread.java:764)\n"}}
05-18 19:21:28.336  5093  5119 I appium  : AppiumResponse: {"sessionId":"e060cd36-560e-42c5-91e1-180205131cf7","value":{"error":"no such element","message":"An element could not be located on the page using the given search parameters","stacktrace":"io.appium.uiautomator2.common.exceptions.ElementNotFoundException: An element could not be located on the page using the given search parameters\n\tat io.appium.uiautomator2.utils.ElementLocationHelpers.findElement(ElementLocationHelpers.java:153)\n\tat io.appium.uiautomator2.handler.FindElement.safeHandle(FindElement.java:60)\n\tat io.appium.uiautomator2.handler.request.SafeRequestHandler.handle(SafeRequestHandler.java:59)\n\tat io.appium.uiautomator2.server.AppiumServlet.handleRequest(AppiumServlet.java:267)\n\tat io.appium.uiautomator2.server.AppiumServlet.handleHttpRequest(AppiumServlet.java:261)\n\tat io.appium.uiautomator2.http.ServerHandler.channelRead(ServerHandler.java:77)\n\tat io.netty.channel.AbstractChannelHandlerContext.fireChannelRead(AbstractChannelHandlerContext.java:356)\n\tat io.netty.handler.codec.MessageToMessageDecoder.channelRead(MessageToMessageDecoder.java:107)\n\tat io.netty.channel.AbstractChannelHandlerContext.fireChannelRead(AbstractChannelHandlerContext.java:356)\n\tat io.netty.channel.CombinedChannelDuplexHandler$DelegatingChannelHandlerContext.fireChannelRead(CombinedChannelDuplexHandler.java:434)\n\tat io.netty.handler.codec.ByteToMessageDecoder.fireChannelRead(ByteToMessageDecoder.java:346)\n\tat io.netty.handler.codec.ByteToMessageDecoder.channelRead(ByteToMessageDecoder.java:318)\n\tat io.netty.channel.CombinedChannelDuplexHandler.channelRead(CombinedChannelDuplexHandler.java:249)\n\tat io.netty.channel.AbstractChannelHandlerContext.fireChannelRead(AbstractChannelHandlerContext.java:354)\n\tat io.netty.handler.timeout.IdleStateHandler.channelRead(IdleStateHandler.java:293)\n\tat io.netty.channel.AbstractChannelHandlerContext.fireChannelRead(AbstractChannelHandlerContext.java:354)\n\tat io.netty.channel.DefaultChannelPipeline$HeadContext.channelRead(DefaultChannelPipeline.java:1429)\n\tat io.netty.channel.DefaultChannelPipeline.fireChannelRead(DefaultChannelPipeline.java:918)\n\tat io.netty.channel.nio.AbstractNioByteChannel$NioByteUnsafe.read(AbstractNioByteChannel.java:168)\n\tat io.netty.channel.nio.AbstractNioChannel$AbstractNioUnsafe.handle(AbstractNioChannel.java:445)\n\tat io.netty.channel.nio.NioIoHandler$DefaultNioRegistration.handle(NioIoHandler.java:388)\n\tat io.netty.channel.nio.NioIoHandler.processSelectedKey(NioIoHandler.java:596)\n\tat io.netty.channel.nio.NioIoHandler.processSelectedKeysOptimized(NioIoHandler.java:571)\n\tat io.netty.channel.nio.NioIoHandler.processSelectedKeys(NioIoHandler.java:512)\n\tat io.netty.channel.nio.NioIoHandler.run(NioIoHandler.java:484)\n\tat io.netty.channel.SingleThreadIoEventLoop.runIo(SingleThreadIoEventLoop.java:225)\n\tat io.netty.channel.SingleThreadIoEventLoop.run(SingleThreadIoEventLoop.java:196)\n\tat io.netty.util.concurrent.SingleThreadEventExecutor$5.run(SingleThreadEventExecutor.java:1193)\n\tat io.netty.util.internal.ThreadExecutorMap$2.run(ThreadExecutorMap.java:74)\n\tat io.netty.util.concurrent.FastThreadLocalRunnable.run(FastThreadLocalRunnable.java:30)\n\tat java.lang.Thread.run(Thread.java:764)\n"}}
05-18 19:21:28.952  5093  5119 I appium  : AppiumResponse: {"sessionId":"e060cd36-560e-42c5-91e1-180205131cf7","value":{"error":"no such element","message":"An element could not be located on the page using the given search parameters","stacktrace":"io.appium.uiautomator2.common.exceptions.ElementNotFoundException: An element could not be located on the page using the given search parameters\n\tat io.appium.uiautomator2.utils.ElementLocationHelpers.findElement(ElementLocationHelpers.java:153)\n\tat io.appium.uiautomator2.handler.FindElement.safeHandle(FindElement.java:60)\n\tat io.appium.uiautomator2.handler.request.SafeRequestHandler.handle(SafeRequestHandler.java:59)\n\tat io.appium.uiautomator2.server.AppiumServlet.handleRequest(AppiumServlet.java:267)\n\tat io.appium.uiautomator2.server.AppiumServlet.handleHttpRequest(AppiumServlet.java:261)\n\tat io.appium.uiautomator2.http.ServerHandler.channelRead(ServerHandler.java:77)\n\tat io.netty.channel.AbstractChannelHandlerContext.fireChannelRead(AbstractChannelHandlerContext.java:356)\n\tat io.netty.handler.codec.MessageToMessageDecoder.channelRead(MessageToMessageDecoder.java:107)\n\tat io.netty.channel.AbstractChannelHandlerContext.fireChannelRead(AbstractChannelHandlerContext.java:356)\n\tat io.netty.channel.CombinedChannelDuplexHandler$DelegatingChannelHandlerContext.fireChannelRead(CombinedChannelDuplexHandler.java:434)\n\tat io.netty.handler.codec.ByteToMessageDecoder.fireChannelRead(ByteToMessageDecoder.java:346)\n\tat io.netty.handler.codec.ByteToMessageDecoder.channelRead(ByteToMessageDecoder.java:318)\n\tat io.netty.channel.CombinedChannelDuplexHandler.channelRead(CombinedChannelDuplexHandler.java:249)\n\tat io.netty.channel.AbstractChannelHandlerContext.fireChannelRead(AbstractChannelHandlerContext.java:354)\n\tat io.netty.handler.timeout.IdleStateHandler.channelRead(IdleStateHandler.java:293)\n\tat io.netty.channel.AbstractChannelHandlerContext.fireChannelRead(AbstractChannelHandlerContext.java:354)\n\tat io.netty.channel.DefaultChannelPipeline$HeadContext.channelRead(DefaultChannelPipeline.java:1429)\n\tat io.netty.channel.DefaultChannelPipeline.fireChannelRead(DefaultChannelPipeline.java:918)\n\tat io.netty.channel.nio.AbstractNioByteChannel$NioByteUnsafe.read(AbstractNioByteChannel.java:168)\n\tat io.netty.channel.nio.AbstractNioChannel$AbstractNioUnsafe.handle(AbstractNioChannel.java:445)\n\tat io.netty.channel.nio.NioIoHandler$DefaultNioRegistration.handle(NioIoHandler.java:388)\n\tat io.netty.channel.nio.NioIoHandler.processSelectedKey(NioIoHandler.java:596)\n\tat io.netty.channel.nio.NioIoHandler.processSelectedKeysOptimized(NioIoHandler.java:571)\n\tat io.netty.channel.nio.NioIoHandler.processSelectedKeys(NioIoHandler.java:512)\n\tat io.netty.channel.nio.NioIoHandler.run(NioIoHandler.java:484)\n\tat io.netty.channel.SingleThreadIoEventLoop.runIo(SingleThreadIoEventLoop.java:225)\n\tat io.netty.channel.SingleThreadIoEventLoop.run(SingleThreadIoEventLoop.java:196)\n\tat io.netty.util.concurrent.SingleThreadEventExecutor$5.run(SingleThreadEventExecutor.java:1193)\n\tat io.netty.util.internal.ThreadExecutorMap$2.run(ThreadExecutorMap.java:74)\n\tat io.netty.util.concurrent.FastThreadLocalRunnable.run(FastThreadLocalRunnable.java:30)\n\tat java.lang.Thread.run(Thread.java:764)\n"}}
05-18 19:21:29.612  5093  5119 I appium  : AppiumResponse: {"sessionId":"e060cd36-560e-42c5-91e1-180205131cf7","value":{"error":"no such element","message":"An element could not be located on the page using the given search parameters","stacktrace":"io.appium.uiautomator2.common.exceptions.ElementNotFoundException: An element could not be located on the page using the given search parameters\n\tat io.appium.uiautomator2.utils.ElementLocationHelpers.findElement(ElementLocationHelpers.java:153)\n\tat io.appium.uiautomator2.handler.FindElement.safeHandle(FindElement.java:60)\n\tat io.appium.uiautomator2.handler.request.SafeRequestHandler.handle(SafeRequestHandler.java:59)\n\tat io.appium.uiautomator2.server.AppiumServlet.handleRequest(AppiumServlet.java:267)\n\tat io.appium.uiautomator2.server.AppiumServlet.handleHttpRequest(AppiumServlet.java:261)\n\tat io.appium.uiautomator2.http.ServerHandler.channelRead(ServerHandler.java:77)\n\tat io.netty.channel.AbstractChannelHandlerContext.fireChannelRead(AbstractChannelHandlerContext.java:356)\n\tat io.netty.handler.codec.MessageToMessageDecoder.channelRead(MessageToMessageDecoder.java:107)\n\tat io.netty.channel.AbstractChannelHandlerContext.fireChannelRead(AbstractChannelHandlerContext.java:356)\n\tat io.netty.channel.CombinedChannelDuplexHandler$DelegatingChannelHandlerContext.fireChannelRead(CombinedChannelDuplexHandler.java:434)\n\tat io.netty.handler.codec.ByteToMessageDecoder.fireChannelRead(ByteToMessageDecoder.java:346)\n\tat io.netty.handler.codec.ByteToMessageDecoder.channelRead(ByteToMessageDecoder.java:318)\n\tat io.netty.channel.CombinedChannelDuplexHandler.channelRead(CombinedChannelDuplexHandler.java:249)\n\tat io.netty.channel.AbstractChannelHandlerContext.fireChannelRead(AbstractChannelHandlerContext.java:354)\n\tat io.netty.handler.timeout.IdleStateHandler.channelRead(IdleStateHandler.java:293)\n\tat io.netty.channel.AbstractChannelHandlerContext.fireChannelRead(AbstractChannelHandlerContext.java:354)\n\tat io.netty.channel.DefaultChannelPipeline$HeadContext.channelRead(DefaultChannelPipeline.java:1429)\n\tat io.netty.channel.DefaultChannelPipeline.fireChannelRead(DefaultChannelPipeline.java:918)\n\tat io.netty.channel.nio.AbstractNioByteChannel$NioByteUnsafe.read(AbstractNioByteChannel.java:168)\n\tat io.netty.channel.nio.AbstractNioChannel$AbstractNioUnsafe.handle(AbstractNioChannel.java:445)\n\tat io.netty.channel.nio.NioIoHandler$DefaultNioRegistration.handle(NioIoHandler.java:388)\n\tat io.netty.channel.nio.NioIoHandler.processSelectedKey(NioIoHandler.java:596)\n\tat io.netty.channel.nio.NioIoHandler.processSelectedKeysOptimized(NioIoHandler.java:571)\n\tat io.netty.channel.nio.NioIoHandler.processSelectedKeys(NioIoHandler.java:512)\n\tat io.netty.channel.nio.NioIoHandler.run(NioIoHandler.java:484)\n\tat io.netty.channel.SingleThreadIoEventLoop.runIo(SingleThreadIoEventLoop.java:225)\n\tat io.netty.channel.SingleThreadIoEventLoop.run(SingleThreadIoEventLoop.java:196)\n\tat io.netty.util.concurrent.SingleThreadEventExecutor$5.run(SingleThreadEventExecutor.java:1193)\n\tat io.netty.util.internal.ThreadExecutorMap$2.run(ThreadExecutorMap.java:74)\n\tat io.netty.util.concurrent.FastThreadLocalRunnable.run(FastThreadLocalRunnable.java:30)\n\tat java.lang.Thread.run(Thread.java:764)\n"}}
05-18 19:21:30.250  5093  5119 I appium  : AppiumResponse: {"sessionId":"e060cd36-560e-42c5-91e1-180205131cf7","value":{"error":"no such element","message":"An element could not be located on the page using the given search parameters","stacktrace":"io.appium.uiautomator2.common.exceptions.ElementNotFoundException: An element could not be located on the page using the given search parameters\n\tat io.appium.uiautomator2.utils.ElementLocationHelpers.findElement(ElementLocationHelpers.java:153)\n\tat io.appium.uiautomator2.handler.FindElement.safeHandle(FindElement.java:60)\n\tat io.appium.uiautomator2.handler.request.SafeRequestHandler.handle(SafeRequestHandler.java:59)\n\tat io.appium.uiautomator2.server.AppiumServlet.handleRequest(AppiumServlet.java:267)\n\tat io.appium.uiautomator2.server.AppiumServlet.handleHttpRequest(AppiumServlet.java:261)\n\tat io.appium.uiautomator2.http.ServerHandler.channelRead(ServerHandler.java:77)\n\tat io.netty.channel.AbstractChannelHandlerContext.fireChannelRead(AbstractChannelHandlerContext.java:356)\n\tat io.netty.handler.codec.MessageToMessageDecoder.channelRead(MessageToMessageDecoder.java:107)\n\tat io.netty.channel.AbstractChannelHandlerContext.fireChannelRead(AbstractChannelHandlerContext.java:356)\n\tat io.netty.channel.CombinedChannelDuplexHandler$DelegatingChannelHandlerContext.fireChannelRead(CombinedChannelDuplexHandler.java:434)\n\tat io.netty.handler.codec.ByteToMessageDecoder.fireChannelRead(ByteToMessageDecoder.java:346)\n\tat io.netty.handler.codec.ByteToMessageDecoder.channelRead(ByteToMessageDecoder.java:318)\n\tat io.netty.channel.CombinedChannelDuplexHandler.channelRead(CombinedChannelDuplexHandler.java:249)\n\tat io.netty.channel.AbstractChannelHandlerContext.fireChannelRead(AbstractChannelHandlerContext.java:354)\n\tat io.netty.handler.timeout.IdleStateHandler.channelRead(IdleStateHandler.java:293)\n\tat io.netty.channel.AbstractChannelHandlerContext.fireChannelRead(AbstractChannelHandlerContext.java:354)\n\tat io.netty.channel.DefaultChannelPipeline$HeadContext.channelRead(DefaultChannelPipeline.java:1429)\n\tat io.netty.channel.DefaultChannelPipeline.fireChannelRead(DefaultChannelPipeline.java:918)\n\tat io.netty.channel.nio.AbstractNioByteChannel$NioByteUnsafe.read(AbstractNioByteChannel.java:168)\n\tat io.netty.channel.nio.AbstractNioChannel$AbstractNioUnsafe.handle(AbstractNioChannel.java:445)\n\tat io.netty.channel.nio.NioIoHandler$DefaultNioRegistration.handle(NioIoHandler.java:388)\n\tat io.netty.channel.nio.NioIoHandler.processSelectedKey(NioIoHandler.java:596)\n\tat io.netty.channel.nio.NioIoHandler.processSelectedKeysOptimized(NioIoHandler.java:571)\n\tat io.netty.channel.nio.NioIoHandler.processSelectedKeys(NioIoHandler.java:512)\n\tat io.netty.channel.nio.NioIoHandler.run(NioIoHandler.java:484)\n\tat io.netty.channel.SingleThreadIoEventLoop.runIo(SingleThreadIoEventLoop.java:225)\n\tat io.netty.channel.SingleThreadIoEventLoop.run(SingleThreadIoEventLoop.java:196)\n\tat io.netty.util.concurrent.SingleThreadEventExecutor$5.run(SingleThreadEventExecutor.java:1193)\n\tat io.netty.util.internal.ThreadExecutorMap$2.run(ThreadExecutorMap.java:74)\n\tat io.netty.util.concurrent.FastThreadLocalRunnable.run(FastThreadLocalRunnable.java:30)\n\tat java.lang.Thread.run(Thread.java:764)\n"}}
05-18 19:21:30.911  5093  5119 I appium  : AppiumResponse: {"sessionId":"e060cd36-560e-42c5-91e1-180205131cf7","value":{"error":"no such element","message":"An element could not be located on the page using the given search parameters","stacktrace":"io.appium.uiautomator2.common.exceptions.ElementNotFoundException: An element could not be located on the page using the given search parameters\n\tat io.appium.uiautomator2.utils.ElementLocationHelpers.findElement(ElementLocationHelpers.java:153)\n\tat io.appium.uiautomator2.handler.FindElement.safeHandle(FindElement.java:60)\n\tat io.appium.uiautomator2.handler.request.SafeRequestHandler.handle(SafeRequestHandler.java:59)\n\tat io.appium.uiautomator2.server.AppiumServlet.handleRequest(AppiumServlet.java:267)\n\tat io.appium.uiautomator2.server.AppiumServlet.handleHttpRequest(AppiumServlet.java:261)\n\tat io.appium.uiautomator2.http.ServerHandler.channelRead(ServerHandler.java:77)\n\tat io.netty.channel.AbstractChannelHandlerContext.fireChannelRead(AbstractChannelHandlerContext.java:356)\n\tat io.netty.handler.codec.MessageToMessageDecoder.channelRead(MessageToMessageDecoder.java:107)\n\tat io.netty.channel.AbstractChannelHandlerContext.fireChannelRead(AbstractChannelHandlerContext.java:356)\n\tat io.netty.channel.CombinedChannelDuplexHandler$DelegatingChannelHandlerContext.fireChannelRead(CombinedChannelDuplexHandler.java:434)\n\tat io.netty.handler.codec.ByteToMessageDecoder.fireChannelRead(ByteToMessageDecoder.java:346)\n\tat io.netty.handler.codec.ByteToMessageDecoder.channelRead(ByteToMessageDecoder.java:318)\n\tat io.netty.channel.CombinedChannelDuplexHandler.channelRead(CombinedChannelDuplexHandler.java:249)\n\tat io.netty.channel.AbstractChannelHandlerContext.fireChannelRead(AbstractChannelHandlerContext.java:354)\n\tat io.netty.handler.timeout.IdleStateHandler.channelRead(IdleStateHandler.java:293)\n\tat io.netty.channel.AbstractChannelHandlerContext.fireChannelRead(AbstractChannelHandlerContext.java:354)\n\tat io.netty.channel.DefaultChannelPipeline$HeadContext.channelRead(DefaultChannelPipeline.java:1429)\n\tat io.netty.channel.DefaultChannelPipeline.fireChannelRead(DefaultChannelPipeline.java:918)\n\tat io.netty.channel.nio.AbstractNioByteChannel$NioByteUnsafe.read(AbstractNioByteChannel.java:168)\n\tat io.netty.channel.nio.AbstractNioChannel$AbstractNioUnsafe.handle(AbstractNioChannel.java:445)\n\tat io.netty.channel.nio.NioIoHandler$DefaultNioRegistration.handle(NioIoHandler.java:388)\n\tat io.netty.channel.nio.NioIoHandler.processSelectedKey(NioIoHandler.java:596)\n\tat io.netty.channel.nio.NioIoHandler.processSelectedKeysOptimized(NioIoHandler.java:571)\n\tat io.netty.channel.nio.NioIoHandler.processSelectedKeys(NioIoHandler.java:512)\n\tat io.netty.channel.nio.NioIoHandler.run(NioIoHandler.java:484)\n\tat io.netty.channel.SingleThreadIoEventLoop.runIo(SingleThreadIoEventLoop.java:225)\n\tat io.netty.channel.SingleThreadIoEventLoop.run(SingleThreadIoEventLoop.java:196)\n\tat io.netty.util.concurrent.SingleThreadEventExecutor$5.run(SingleThreadEventExecutor.java:1193)\n\tat io.netty.util.internal.ThreadExecutorMap$2.run(ThreadExecutorMap.java:74)\n\tat io.netty.util.concurrent.FastThreadLocalRunnable.run(FastThreadLocalRunnable.java:30)\n\tat java.lang.Thread.run(Thread.java:764)\n"}}
05-18 19:21:31.565  5093  5119 I appium  : AppiumResponse: {"sessionId":"e060cd36-560e-42c5-91e1-180205131cf7","value":{"error":"no such element","message":"An element could not be located on the page using the given search parameters","stacktrace":"io.appium.uiautomator2.common.exceptions.ElementNotFoundException: An element could not be located on the page using the given search parameters\n\tat io.appium.uiautomator2.utils.ElementLocationHelpers.findElement(ElementLocationHelpers.java:153)\n\tat io.appium.uiautomator2.handler.FindElement.safeHandle(FindElement.java:60)\n\tat io.appium.uiautomator2.handler.request.SafeRequestHandler.handle(SafeRequestHandler.java:59)\n\tat io.appium.uiautomator2.server.AppiumServlet.handleRequest(AppiumServlet.java:267)\n\tat io.appium.uiautomator2.server.AppiumServlet.handleHttpRequest(AppiumServlet.java:261)\n\tat io.appium.uiautomator2.http.ServerHandler.channelRead(ServerHandler.java:77)\n\tat io.netty.channel.AbstractChannelHandlerContext.fireChannelRead(AbstractChannelHandlerContext.java:356)\n\tat io.netty.handler.codec.MessageToMessageDecoder.channelRead(MessageToMessageDecoder.java:107)\n\tat io.netty.channel.AbstractChannelHandlerContext.fireChannelRead(AbstractChannelHandlerContext.java:356)\n\tat io.netty.channel.CombinedChannelDuplexHandler$DelegatingChannelHandlerContext.fireChannelRead(CombinedChannelDuplexHandler.java:434)\n\tat io.netty.handler.codec.ByteToMessageDecoder.fireChannelRead(ByteToMessageDecoder.java:346)\n\tat io.netty.handler.codec.ByteToMessageDecoder.channelRead(ByteToMessageDecoder.java:318)\n\tat io.netty.channel.CombinedChannelDuplexHandler.channelRead(CombinedChannelDuplexHandler.java:249)\n\tat io.netty.channel.AbstractChannelHandlerContext.fireChannelRead(AbstractChannelHandlerContext.java:354)\n\tat io.netty.handler.timeout.IdleStateHandler.channelRead(IdleStateHandler.java:293)\n\tat io.netty.channel.AbstractChannelHandlerContext.fireChannelRead(AbstractChannelHandlerContext.java:354)\n\tat io.netty.channel.DefaultChannelPipeline$HeadContext.channelRead(DefaultChannelPipeline.java:1429)\n\tat io.netty.channel.DefaultChannelPipeline.fireChannelRead(DefaultChannelPipeline.java:918)\n\tat io.netty.channel.nio.AbstractNioByteChannel$NioByteUnsafe.read(AbstractNioByteChannel.java:168)\n\tat io.netty.channel.nio.AbstractNioChannel$AbstractNioUnsafe.handle(AbstractNioChannel.java:445)\n\tat io.netty.channel.nio.NioIoHandler$DefaultNioRegistration.handle(NioIoHandler.java:388)\n\tat io.netty.channel.nio.NioIoHandler.processSelectedKey(NioIoHandler.java:596)\n\tat io.netty.channel.nio.NioIoHandler.processSelectedKeysOptimized(NioIoHandler.java:571)\n\tat io.netty.channel.nio.NioIoHandler.processSelectedKeys(NioIoHandler.java:512)\n\tat io.netty.channel.nio.NioIoHandler.run(NioIoHandler.java:484)\n\tat io.netty.channel.SingleThreadIoEventLoop.runIo(SingleThreadIoEventLoop.java:225)\n\tat io.netty.channel.SingleThreadIoEventLoop.run(SingleThreadIoEventLoop.java:196)\n\tat io.netty.util.concurrent.SingleThreadEventExecutor$5.run(SingleThreadEventExecutor.java:1193)\n\tat io.netty.util.internal.ThreadExecutorMap$2.run(ThreadExecutorMap.java:74)\n\tat io.netty.util.concurrent.FastThreadLocalRunnable.run(FastThreadLocalRunnable.java:30)\n\tat java.lang.Thread.run(Thread.java:764)\n"}}
05-18 19:21:32.093   296   444 D ENGPC   : parse_event: event { 'change', '/devices/virtual/xt_idletimer/timers', 'xt_idletimer', '' }
05-18 19:21:32.222  5093  5119 I appium  : AppiumResponse: {"sessionId":"e060cd36-560e-42c5-91e1-180205131cf7","value":{"error":"no such element","message":"An element could not be located on the page using the given search parameters","stacktrace":"io.appium.uiautomator2.common.exceptions.ElementNotFoundException: An element could not be located on the page using the given search parameters\n\tat io.appium.uiautomator2.utils.ElementLocationHelpers.findElement(ElementLocationHelpers.java:153)\n\tat io.appium.uiautomator2.handler.FindElement.safeHandle(FindElement.java:60)\n\tat io.appium.uiautomator2.handler.request.SafeRequestHandler.handle(SafeRequestHandler.java:59)\n\tat io.appium.uiautomator2.server.AppiumServlet.handleRequest(AppiumServlet.java:267)\n\tat io.appium.uiautomator2.server.AppiumServlet.handleHttpRequest(AppiumServlet.java:261)\n\tat io.appium.uiautomator2.http.ServerHandler.channelRead(ServerHandler.java:77)\n\tat io.netty.channel.AbstractChannelHandlerContext.fireChannelRead(AbstractChannelHandlerContext.java:356)\n\tat io.netty.handler.codec.MessageToMessageDecoder.channelRead(MessageToMessageDecoder.java:107)\n\tat io.netty.channel.AbstractChannelHandlerContext.fireChannelRead(AbstractChannelHandlerContext.java:356)\n\tat io.netty.channel.CombinedChannelDuplexHandler$DelegatingChannelHandlerContext.fireChannelRead(CombinedChannelDuplexHandler.java:434)\n\tat io.netty.handler.codec.ByteToMessageDecoder.fireChannelRead(ByteToMessageDecoder.java:346)\n\tat io.netty.handler.codec.ByteToMessageDecoder.channelRead(ByteToMessageDecoder.java:318)\n\tat io.netty.channel.CombinedChannelDuplexHandler.channelRead(CombinedChannelDuplexHandler.java:249)\n\tat io.netty.channel.AbstractChannelHandlerContext.fireChannelRead(AbstractChannelHandlerContext.java:354)\n\tat io.netty.handler.timeout.IdleStateHandler.channelRead(IdleStateHandler.java:293)\n\tat io.netty.channel.AbstractChannelHandlerContext.fireChannelRead(AbstractChannelHandlerContext.java:354)\n\tat io.netty.channel.DefaultChannelPipeline$HeadContext.channelRead(DefaultChannelPipeline.java:1429)\n\tat io.netty.channel.DefaultChannelPipeline.fireChannelRead(DefaultChannelPipeline.java:918)\n\tat io.netty.channel.nio.AbstractNioByteChannel$NioByteUnsafe.read(AbstractNioByteChannel.java:168)\n\tat io.netty.channel.nio.AbstractNioChannel$AbstractNioUnsafe.handle(AbstractNioChannel.java:445)\n\tat io.netty.channel.nio.NioIoHandler$DefaultNioRegistration.handle(NioIoHandler.java:388)\n\tat io.netty.channel.nio.NioIoHandler.processSelectedKey(NioIoHandler.java:596)\n\tat io.netty.channel.nio.NioIoHandler.processSelectedKeysOptimized(NioIoHandler.java:571)\n\tat io.netty.channel.nio.NioIoHandler.processSelectedKeys(NioIoHandler.java:512)\n\tat io.netty.channel.nio.NioIoHandler.run(NioIoHandler.java:484)\n\tat io.netty.channel.SingleThreadIoEventLoop.runIo(SingleThreadIoEventLoop.java:225)\n\tat io.netty.channel.SingleThreadIoEventLoop.run(SingleThreadIoEventLoop.java:196)\n\tat io.netty.util.concurrent.SingleThreadEventExecutor$5.run(SingleThreadEventExecutor.java:1193)\n\tat io.netty.util.internal.ThreadExecutorMap$2.run(ThreadExecutorMap.java:74)\n\tat io.netty.util.concurrent.FastThreadLocalRunnable.run(FastThreadLocalRunnable.java:30)\n\tat java.lang.Thread.run(Thread.java:764)\n"}}
05-18 19:21:32.713   669  1025 V AlarmManager: set(PendingIntent{5d6d008: PendingIntentRecord{e0933a1 android broadcastIntent}}) : type=3 triggerAtTime=35580740 win=225000 tElapsed=35580740 maxElapsed=35805740 interval=0 flags=0x8
05-18 19:21:32.912  5093  5119 I appium  : AppiumResponse: {"sessionId":"e060cd36-560e-42c5-91e1-180205131cf7","value":{"error":"no such element","message":"An element could not be located on the page using the given search parameters","stacktrace":"io.appium.uiautomator2.common.exceptions.ElementNotFoundException: An element could not be located on the page using the given search parameters\n\tat io.appium.uiautomator2.utils.ElementLocationHelpers.findElement(ElementLocationHelpers.java:153)\n\tat io.appium.uiautomator2.handler.FindElement.safeHandle(FindElement.java:60)\n\tat io.appium.uiautomator2.handler.request.SafeRequestHandler.handle(SafeRequestHandler.java:59)\n\tat io.appium.uiautomator2.server.AppiumServlet.handleRequest(AppiumServlet.java:267)\n\tat io.appium.uiautomator2.server.AppiumServlet.handleHttpRequest(AppiumServlet.java:261)\n\tat io.appium.uiautomator2.http.ServerHandler.channelRead(ServerHandler.java:77)\n\tat io.netty.channel.AbstractChannelHandlerContext.fireChannelRead(AbstractChannelHandlerContext.java:356)\n\tat io.netty.handler.codec.MessageToMessageDecoder.channelRead(MessageToMessageDecoder.java:107)\n\tat io.netty.channel.AbstractChannelHandlerContext.fireChannelRead(AbstractChannelHandlerContext.java:356)\n\tat io.netty.channel.CombinedChannelDuplexHandler$DelegatingChannelHandlerContext.fireChannelRead(CombinedChannelDuplexHandler.java:434)\n\tat io.netty.handler.codec.ByteToMessageDecoder.fireChannelRead(ByteToMessageDecoder.java:346)\n\tat io.netty.handler.codec.ByteToMessageDecoder.channelRead(ByteToMessageDecoder.java:318)\n\tat io.netty.channel.CombinedChannelDuplexHandler.channelRead(CombinedChannelDuplexHandler.java:249)\n\tat io.netty.channel.AbstractChannelHandlerContext.fireChannelRead(AbstractChannelHandlerContext.java:354)\n\tat io.netty.handler.timeout.IdleStateHandler.channelRead(IdleStateHandler.java:293)\n\tat io.netty.channel.AbstractChannelHandlerContext.fireChannelRead(AbstractChannelHandlerContext.java:354)\n\tat io.netty.channel.DefaultChannelPipeline$HeadContext.channelRead(DefaultChannelPipeline.java:1429)\n\tat io.netty.channel.DefaultChannelPipeline.fireChannelRead(DefaultChannelPipeline.java:918)\n\tat io.netty.channel.nio.AbstractNioByteChannel$NioByteUnsafe.read(AbstractNioByteChannel.java:168)\n\tat io.netty.channel.nio.AbstractNioChannel$AbstractNioUnsafe.handle(AbstractNioChannel.java:445)\n\tat io.netty.channel.nio.NioIoHandler$DefaultNioRegistration.handle(NioIoHandler.java:388)\n\tat io.netty.channel.nio.NioIoHandler.processSelectedKey(NioIoHandler.java:596)\n\tat io.netty.channel.nio.NioIoHandler.processSelectedKeysOptimized(NioIoHandler.java:571)\n\tat io.netty.channel.nio.NioIoHandler.processSelectedKeys(NioIoHandler.java:512)\n\tat io.netty.channel.nio.NioIoHandler.run(NioIoHandler.java:484)\n\tat io.netty.channel.SingleThreadIoEventLoop.runIo(SingleThreadIoEventLoop.java:225)\n\tat io.netty.channel.SingleThreadIoEventLoop.run(SingleThreadIoEventLoop.java:196)\n\tat io.netty.util.concurrent.SingleThreadEventExecutor$5.run(SingleThreadEventExecutor.java:1193)\n\tat io.netty.util.internal.ThreadExecutorMap$2.run(ThreadExecutorMap.java:74)\n\tat io.netty.util.concurrent.FastThreadLocalRunnable.run(FastThreadLocalRunnable.java:30)\n\tat java.lang.Thread.run(Thread.java:764)\n"}}
05-18 19:21:33.164  5093  5119 I appium  : AppiumResponse: {"sessionId":"e060cd36-560e-42c5-91e1-180205131cf7","value":{"error":"no such element","message":"An element could not be located on the page using the given search parameters","stacktrace":"io.appium.uiautomator2.common.exceptions.ElementNotFoundException: An element could not be located on the page using the given search parameters\n\tat io.appium.uiautomator2.utils.ElementLocationHelpers.findElement(ElementLocationHelpers.java:153)\n\tat io.appium.uiautomator2.handler.FindElement.safeHandle(FindElement.java:60)\n\tat io.appium.uiautomator2.handler.request.SafeRequestHandler.handle(SafeRequestHandler.java:59)\n\tat io.appium.uiautomator2.server.AppiumServlet.handleRequest(AppiumServlet.java:267)\n\tat io.appium.uiautomator2.server.AppiumServlet.handleHttpRequest(AppiumServlet.java:261)\n\tat io.appium.uiautomator2.http.ServerHandler.channelRead(ServerHandler.java:77)\n\tat io.netty.channel.AbstractChannelHandlerContext.fireChannelRead(AbstractChannelHandlerContext.java:356)\n\tat io.netty.handler.codec.MessageToMessageDecoder.channelRead(MessageToMessageDecoder.java:107)\n\tat io.netty.channel.AbstractChannelHandlerContext.fireChannelRead(AbstractChannelHandlerContext.java:356)\n\tat io.netty.channel.CombinedChannelDuplexHandler$DelegatingChannelHandlerContext.fireChannelRead(CombinedChannelDuplexHandler.java:434)\n\tat io.netty.handler.codec.ByteToMessageDecoder.fireChannelRead(ByteToMessageDecoder.java:346)\n\tat io.netty.handler.codec.ByteToMessageDecoder.channelRead(ByteToMessageDecoder.java:318)\n\tat io.netty.channel.CombinedChannelDuplexHandler.channelRead(CombinedChannelDuplexHandler.java:249)\n\tat io.netty.channel.AbstractChannelHandlerContext.fireChannelRead(AbstractChannelHandlerContext.java:354)\n\tat io.netty.handler.timeout.IdleStateHandler.channelRead(IdleStateHandler.java:293)\n\tat io.netty.channel.AbstractChannelHandlerContext.fireChannelRead(AbstractChannelHandlerContext.java:354)\n\tat io.netty.channel.DefaultChannelPipeline$HeadContext.channelRead(DefaultChannelPipeline.java:1429)\n\tat io.netty.channel.DefaultChannelPipeline.fireChannelRead(DefaultChannelPipeline.java:918)\n\tat io.netty.channel.nio.AbstractNioByteChannel$NioByteUnsafe.read(AbstractNioByteChannel.java:168)\n\tat io.netty.channel.nio.AbstractNioChannel$AbstractNioUnsafe.handle(AbstractNioChannel.java:445)\n\tat io.netty.channel.nio.NioIoHandler$DefaultNioRegistration.handle(NioIoHandler.java:388)\n\tat io.netty.channel.nio.NioIoHandler.processSelectedKey(NioIoHandler.java:596)\n\tat io.netty.channel.nio.NioIoHandler.processSelectedKeysOptimized(NioIoHandler.java:571)\n\tat io.netty.channel.nio.NioIoHandler.processSelectedKeys(NioIoHandler.java:512)\n\tat io.netty.channel.nio.NioIoHandler.run(NioIoHandler.java:484)\n\tat io.netty.channel.SingleThreadIoEventLoop.runIo(SingleThreadIoEventLoop.java:225)\n\tat io.netty.channel.SingleThreadIoEventLoop.run(SingleThreadIoEventLoop.java:196)\n\tat io.netty.util.concurrent.SingleThreadEventExecutor$5.run(SingleThreadEventExecutor.java:1193)\n\tat io.netty.util.internal.ThreadExecutorMap$2.run(ThreadExecutorMap.java:74)\n\tat io.netty.util.concurrent.FastThreadLocalRunnable.run(FastThreadLocalRunnable.java:30)\n\tat java.lang.Thread.run(Thread.java:764)\n"}}
05-18 19:21:36.863   296   444 D ENGPC   : parse_event: event { 'change', '/devices/platform/battery/power_supply/battery', 'power_supply', '' }
05-18 19:21:36.865   296   444 D ENGPC   : parse_event: event { 'change', '/devices/platform/battery/power_supply/battery', 'power_supply', '' }
05-18 19:21:36.869   669   669 D BroadcastQueue: Add broadcast <BroadcastRecord{c01f0d3 u-1 android.intent.action.BATTERY_CHANGED}> into [parallel | background], pending size 0
05-18 19:21:36.873   669   683 D BroadcastQueue: Done with parallel broadcast [background] [BroadcastRecord{c01f0d3 u-1 android.intent.action.BATTERY_CHANGED}]
=== LAST SLIP JSON (picked for config update) ===
{"customerSlip":"{\"mercSlipName\":\"ORHAN ÜNAL\",\"mercSlipAddr\":\"ORHAN ÜNAL\\n\\n\\n\",\"mercCity\":\"BATMAN\",\"mercPhoneNo\":\"7987897897\",\"acqName\":\"Test Bankası\",\"date\":\"18.05.26\",\"time\":\"19:20\",\"mercId\":\"000000000000002\",\"termId\":\"10005713\",\"batchNo\":7981,\"tranCode\":\"M11\",\"tranNo\":2,\"stanNo\":40,\"sn\":\"PAX900000007\",\"modelNumber\":\"PAX/920PRO\",\"appVer\":\"2.1.6_13\",\"tranName\":\"T_SALE\",\"pan\":\"**** **** **** 9805\",\"cardDescription\":\"VISA/Kredi/Yurt İçi\",\"amount\":\"100,00  TL\",\"freeFormat2\":\"TESTPUAN:    \",\"freeFormat4\":\"NİZE YANSITILACAKTIR.                   \",\"freeFormat5\":\"     (2.00 TL) KAZANDINIZ. *************\",\"authCode\":\"616982\",\"rrn\":\"613803121379\",\"bankRefNo\":\"0000613803121379\",\"acquirerId\":1,\"subInfo\":\"TUTAR KARŞILIĞI MAL VEYA HİZMET ALDIM\",\"ownerInfo\":\"MÜŞTERİ NÜSHASI\",\"warning\":\"BU BELGEYİ SAKLAYINIZ\"}","merchantSlip":"{\"mercSlipName\":\"ORHAN ÜNAL\",\"mercSlipAddr\":\"ORHAN ÜNAL\\n\\n\\n\",\"mercCity\":\"BATMAN\",\"mercPhoneNo\":\"7987897897\",\"acqName\":\"Test Bankası\",\"date\":\"18.05.26\",\"time\":\"19:20\",\"mercId\":\"000000000000002\",\"termId\":\"10005713\",\"batchNo\":7981,\"tranCode\":\"M11\",\"tranNo\":2,\"stanNo\":40,\"sn\":\"PAX900000007\",\"modelNumber\":\"PAX/920PRO\",\"appVer\":\"2.1.6_13\",\"tranName\":\"T_SALE\",\"pan\":\"4506 **** **** 9805\",\"cardDescription\":\"VISA/Kredi/Yurt İçi\",\"amount\":\"100,00  TL\",\"freeFormat2\":\"TESTPUAN:    \",\"freeFormat4\":\"NİZE YANSITILACAKTIR.                   \",\"freeFormat5\":\"     (2.00 TL) KAZANDINIZ. *************\",\"authCode\":\"616982\",\"rrn\":\"613803121379\",\"bankRefNo\":\"0000613803121379\",\"acquirerId\":1,\"subInfo\":\"TUTAR KARŞILIĞI MAL VEYA HİZMET ALDIM\",\"ownerInfo\":\"İŞYERİ NÜSHASI\",\"warning\":\"BU BELGEYİ SAKLAYINIZ\",\"sign\":\"IMZA\"}","endOfDay":{"acquirerSlipDatas":[{"acqId":"0001","acqName":"Test Bankası","amount":20000,"count":2,"currencySlipDatas":[{"currencyCode":"0840","currencyName":"USD","eodTransSlipData":[]},{"currencyCode":"0949","currencyName":" TL","eodTransSlipData":[{"amount":"100,00  TL","authCode":"511976","cardNo":"4506* ** 9805","date":"18/05/26","stanNo":"39","time":"19:18","tranNo":"1","tranType":"T_SALE"},{"amount":"100,00  TL","authCode":"616982","cardNo":"4506* ** 9805","date":"18/05/26","stanNo":"40","time":"19:20","tranNo":"2","tranType":"T_SALE"}],"totalAmount":"200,00  TL","totalSize":"2"},{"currencyCode":"0978","currencyName":"EUR","eodTransSlipData":[]},{"currencyCode":"0392","currencyName":"JPY","eodTransSlipData":[]},{"currencyCode":"0826","currencyName":"GBP","eodTransSlipData":[]},{"currencyCode":"0643","currencyName":"RUB","eodTransSlipData":[]}],"mercId":"000000000000002","termId":"10005713","title":"TechPOS SLİP BİLGİ"}],"appVer":"2.1.6_13","date":"18/05/26","docRefNo":"7981","endOfDayInfo":"GÜNSONU İŞLEMİ BAŞARILI OLARAK TAMAMLANMIŞTIR.","endOfDayTotalAmounts":[{"currencyCode":"0840","currencyName":"USD","totalAmount":"0,00 USD"},{"currencyCode":"0949","currencyName":" TL","totalAmount":"200,00  TL"},{"currencyCode":"0978","currencyName":"EUR","totalAmount":"0,00 EUR"},{"currencyCode":"0392","currencyName":"JPY","totalAmount":"0 JPY"},{"currencyCode":"0826","currencyName":"GBP","totalAmount":"0,00 GBP"},{"currencyCode":"0643","currencyName":"RUB","totalAmount":"0,00 RUB"}],"endOfReport":"RAPOR SONU","mercCity":"BATMAN","mercPhoneNo":"7987897897","mercSlipAddr":"ORHAN ÜNAL\n\n\n","mercSlipName":"ORHAN ÜNAL","modelNumber":"PAX/920PRO","sn":"PAX900000007","time":"19:21"}}
