05-18 13:46:00.720   458   458 I auditd  : type=1400 audit(0.0:48): avc: denied { read } for comm="Binder:458_2" name="exe" dev="proc" ino=94963 scontext=u:r:systoold:s0 tcontext=u:r:system_server:s0 tclass=lnk_file permissive=1
05-18 13:46:06.300   486   486 I auditd  : type=1400 audit(0.0:49): avc: denied { write } for comm="libgps_daemon" name="property_service" dev="tmpfs" ino=5198 scontext=u:r:hal_gnss_ext_default:s0 tcontext=u:object_r:property_socket:s0 tclass=sock_file permissive=0
05-18 13:46:17.230   458   458 I auditd  : type=1400 audit(0.0:50): avc: denied { read } for comm="Binder:458_2" name="exe" dev="proc" ino=94963 scontext=u:r:systoold:s0 tcontext=u:r:system_server:s0 tclass=lnk_file permissive=1
05-18 14:03:49.856   881   881 I sysui_action: [289,ComponentInfo{com.pax.samplesalea/com.pax.samplesalea.SaleActivity}]
05-18 14:03:49.856   881   881 I sysui_multi_action: [757,289,758,4,806,ComponentInfo{com.pax.samplesalea/com.pax.samplesalea.SaleActivity}]
05-18 14:42:57.741   881   881 I sysui_action: [289,ComponentInfo{com.pax.samplesalea/com.pax.samplesalea.SaleActivity}]
05-18 14:42:57.741   881   881 I sysui_multi_action: [757,289,758,4,806,ComponentInfo{com.pax.samplesalea/com.pax.samplesalea.SaleActivity}]
05-18 14:58:19.182   881   881 I sysui_action: [289,ComponentInfo{com.pax.samplesalea/com.pax.samplesalea.SaleActivity}]
05-18 14:58:19.182   881   881 I sysui_multi_action: [757,289,758,4,806,ComponentInfo{com.pax.samplesalea/com.pax.samplesalea.SaleActivity}]
05-18 15:06:25.662   881   881 I sysui_action: [289,ComponentInfo{com.pax.samplesalea/com.pax.samplesalea.SaleActivity}]
05-18 15:06:25.662   881   881 I sysui_multi_action: [757,289,758,4,806,ComponentInfo{com.pax.samplesalea/com.pax.samplesalea.SaleActivity}]
05-18 15:06:26.200   458   458 I auditd  : type=1400 audit(0.0:51): avc: denied { read } for comm="Binder:458_2" name="exe" dev="proc" ino=94963 scontext=u:r:systoold:s0 tcontext=u:r:system_server:s0 tclass=lnk_file permissive=1
05-18 15:06:26.740   458   458 I auditd  : type=1400 audit(0.0:52): avc: denied { read } for comm="Binder:458_2" name="exe" dev="proc" ino=94963 scontext=u:r:systoold:s0 tcontext=u:r:system_server:s0 tclass=lnk_file permissive=1
05-18 15:06:36.240   486   486 I auditd  : type=1400 audit(0.0:53): avc: denied { write } for comm="libgps_daemon" name="property_service" dev="tmpfs" ino=5198 scontext=u:r:hal_gnss_ext_default:s0 tcontext=u:object_r:property_socket:s0 tclass=sock_file permissive=0
05-18 15:06:37.640   458   458 I auditd  : type=1400 audit(0.0:54): avc: denied { read } for comm="Binder:458_2" name="exe" dev="proc" ino=94963 scontext=u:r:systoold:s0 tcontext=u:r:system_server:s0 tclass=lnk_file permissive=1
05-18 15:06:41.730   458   458 I auditd  : type=1400 audit(0.0:55): avc: denied { read } for comm="Binder:458_2" name="exe" dev="proc" ino=94963 scontext=u:r:systoold:s0 tcontext=u:r:system_server:s0 tclass=lnk_file permissive=1
05-18 15:10:26.363   881   881 I sysui_action: [289,ComponentInfo{com.pax.samplesalea/com.pax.samplesalea.SaleActivity}]
05-18 15:10:26.363   881   881 I sysui_multi_action: [757,289,758,4,806,ComponentInfo{com.pax.samplesalea/com.pax.samplesalea.SaleActivity}]
05-18 15:15:41.525   881   881 I sysui_action: [289,ComponentInfo{com.pax.samplesalea/com.pax.samplesalea.SaleActivity}]
05-18 15:15:41.525   881   881 I sysui_multi_action: [757,289,758,4,806,ComponentInfo{com.pax.samplesalea/com.pax.samplesalea.SaleActivity}]
05-18 15:15:42.251   881   881 I sysui_action: [289,ComponentInfo{com.pax.mainapp/com.pax.mainapp.ManagerActivity}]
05-18 15:15:42.251   881   881 I sysui_multi_action: [757,289,758,4,806,ComponentInfo{com.pax.mainapp/com.pax.mainapp.ManagerActivity}]
05-18 15:15:54.911   458   458 I auditd  : type=1400 audit(0.0:56): avc: denied { read } for comm="systool_server" name="exe" dev="proc" ino=162532 scontext=u:r:systoold:s0 tcontext=u:r:system_server:s0 tclass=lnk_file permissive=1
05-18 16:00:33.701   881   881 I sysui_action: [318,ComponentInfo{com.android.settings/com.android.settings.Settings}]
05-18 16:00:33.701   881   881 I sysui_multi_action: [757,318,758,4,806,ComponentInfo{com.android.settings/com.android.settings.Settings}]
05-18 16:00:37.206   881   881 I sysui_action: [289,ComponentInfo{com.android.settings/com.android.settings.Settings}]
05-18 16:00:37.206   881   881 I sysui_multi_action: [757,289,758,4,806,ComponentInfo{com.android.settings/com.android.settings.Settings}]
05-18 16:04:02.131   458   458 I auditd  : type=1400 audit(0.0:57): avc: denied { read } for comm="systool_server" name="exe" dev="proc" ino=182666 scontext=u:r:systoold:s0 tcontext=u:r:system_server:s0 tclass=lnk_file permissive=1
05-18 16:10:38.981 20061 20061 I auditd  : type=1400 audit(0.0:58): avc: denied { getattr } for comm="ls" path="/productinfo" dev="mmcblk0p1" ino=2 scontext=u:r:shell:s0 tcontext=u:object_r:prod_file:s0 tclass=dir permissive=0
05-18 16:10:38.981 20061 20061 I auditd  : type=1400 audit(0.0:59): avc: denied { getattr } for comm="ls" path="/paxpersist" dev="mmcblk0p43" ino=2 scontext=u:r:shell:s0 tcontext=u:object_r:unlabeled:s0 tclass=dir permissive=0
05-18 16:10:38.981 20061 20061 I auditd  : type=1400 audit(0.0:60): avc: denied { getattr } for comm="ls" path="/pax" dev="mmcblk0p42" ino=2 scontext=u:r:shell:s0 tcontext=u:object_r:unlabeled:s0 tclass=dir permissive=0
05-18 16:10:38.981 20061 20061 I auditd  : type=1400 audit(0.0:61): avc: denied { getattr } for comm="ls" path="/datapersist" dev="mmcblk0p44" ino=2 scontext=u:r:shell:s0 tcontext=u:object_r:unlabeled:s0 tclass=dir permissive=0
05-18 16:10:38.981 20061 20061 I auditd  : type=1400 audit(0.0:62): avc: denied { getattr } for comm="ls" path="/ueventd.sl8541e_1h10_go.rc" dev="rootfs" ino=4746 scontext=u:r:shell:s0 tcontext=u:object_r:rootfs:s0 tclass=file permissive=0
05-18 16:10:38.981 20061 20061 I auditd  : type=1400 audit(0.0:63): avc: denied { getattr } for comm="ls" path="/ueventd.rc" dev="rootfs" ino=4745 scontext=u:r:shell:s0 tcontext=u:object_r:rootfs:s0 tclass=file permissive=0
05-18 16:10:38.981 20061 20061 I auditd  : type=1400 audit(0.0:64): avc: denied { getattr } for comm="ls" path="/init.zygote32.rc" dev="rootfs" ino=4723 scontext=u:r:shell:s0 tcontext=u:object_r:rootfs:s0 tclass=file permissive=0
05-18 16:10:38.981 20061 20061 I auditd  : type=1400 audit(0.0:65): avc: denied { getattr } for comm="ls" path="/init.usb.rc" dev="rootfs" ino=4722 scontext=u:r:shell:s0 tcontext=u:object_r:rootfs:s0 tclass=file permissive=0
05-18 16:10:38.981 20061 20061 I auditd  : type=1400 audit(0.0:66): avc: denied { getattr } for comm="ls" path="/init.usb.configfs.rc" dev="rootfs" ino=4721 scontext=u:r:shell:s0 tcontext=u:object_r:rootfs:s0 tclass=file permissive=0
05-18 16:10:38.981 20061 20061 I auditd  : type=1400 audit(0.0:67): avc: denied { getattr } for comm="ls" path="/init.storage.rc" dev="rootfs" ino=4720 scontext=u:r:shell:s0 tcontext=u:object_r:rootfs:s0 tclass=file permissive=0
05-18 16:10:38.981 20061 20061 I auditd  : type=1400 audit(0.0:68): avc: denied { getattr } for comm="ls" path="/init.sl8541e_1h10_go.usb.rc" dev="rootfs" ino=4719 scontext=u:r:shell:s0 tcontext=u:object_r:rootfs:s0 tclass=file permissive=0
05-18 16:10:38.981 20061 20061 I auditd  : type=1400 audit(0.0:69): avc: denied { getattr } for comm="ls" path="/init.sl8541e_1h10_go.rc" dev="rootfs" ino=4718 scontext=u:r:shell:s0 tcontext=u:object_r:rootfs:s0 tclass=file permissive=0
05-18 16:10:38.981 20061 20061 I auditd  : type=1400 audit(0.0:70): avc: denied { getattr } for comm="ls" path="/init.recovery.sl8541e_1h10_go.rc" dev="rootfs" ino=4717 scontext=u:r:shell:s0 tcontext=u:object_r:rootfs:s0 tclass=file permissive=0
05-18 16:10:38.981 20061 20061 I auditd  : type=1400 audit(0.0:71): avc: denied { getattr } for comm="ls" path="/init.rc" dev="rootfs" ino=4716 scontext=u:r:shell:s0 tcontext=u:object_r:rootfs:s0 tclass=file permissive=0
05-18 16:10:38.981 20061 20061 I auditd  : type=1400 audit(0.0:72): avc: denied { getattr } for comm="ls" path="/init.ram.rc" dev="rootfs" ino=4715 scontext=u:r:shell:s0 tcontext=u:object_r:rootfs:s0 tclass=file permissive=0
05-18 16:10:38.981 20061 20061 I auditd  : type=1400 audit(0.0:73): avc: denied { getattr } for comm="ls" path="/init.paxdroid.wifi.5g.rc" dev="rootfs" ino=4714 scontext=u:r:shell:s0 tcontext=u:object_r:rootfs:s0 tclass=file permissive=0
05-18 16:10:38.981 20061 20061 I auditd  : type=1400 audit(0.0:74): avc: denied { getattr } for comm="ls" path="/init.paxdroid.wifi.2g.rc" dev="rootfs" ino=4713 scontext=u:r:shell:s0 tcontext=u:object_r:rootfs:s0 tclass=file permissive=0
05-18 16:10:38.981 20061 20061 I auditd  : type=1400 audit(0.0:75): avc: denied { getattr } for comm="ls" path="/init.paxdroid.ram.rc" dev="rootfs" ino=4712 scontext=u:r:shell:s0 tcontext=u:object_r:rootfs:s0 tclass=file permissive=0
05-18 16:10:38.981 20061 20061 I auditd  : type=1400 audit(0.0:76): avc: denied { getattr } for comm="ls" path="/init.paxdroid.common.rc" dev="rootfs" ino=4711 scontext=u:r:shell:s0 tcontext=u:object_r:rootfs:s0 tclass=file permissive=0
05-18 16:10:38.981 20061 20061 I auditd  : type=1400 audit(0.0:77): avc: denied { getattr } for comm="ls" path="/init.paxdroid.X4.rc" dev="rootfs" ino=4710 scontext=u:r:shell:s0 tcontext=u:object_r:rootfs:s0 tclass=file permissive=0
05-18 16:10:38.981 20061 20061 I auditd  : type=1400 audit(0.0:78): avc: denied { getattr } for comm="ls" path="/init.paxdroid.T610A.rc" dev="rootfs" ino=4709 scontext=u:r:shell:s0 tcontext=u:object_r:rootfs:s0 tclass=file permissive=0
05-18 16:10:38.981 20061 20061 I auditd  : type=1400 audit(0.0:79): avc: denied { getattr } for comm="ls" path="/init.paxdroid.A920Pro.rc" dev="rootfs" ino=4708 scontext=u:r:shell:s0 tcontext=u:object_r:rootfs:s0 tclass=file permissive=0
05-18 16:10:38.981 20061 20061 I auditd  : type=1400 audit(0.0:80): avc: denied { getattr } for comm="ls" path="/init.paxdroid.A77.rc" dev="rootfs" ino=4707 scontext=u:r:shell:s0 tcontext=u:object_r:rootfs:s0 tclass=file permissive=0
05-18 16:10:38.981 20061 20061 I auditd  : type=1400 audit(0.0:81): avc: denied { getattr } for comm="ls" path="/init.paxdroid.A50.rc" dev="rootfs" ino=4706 scontext=u:r:shell:s0 tcontext=u:object_r:rootfs:s0 tclass=file permissive=0
05-18 16:10:38.981 20061 20061 I auditd  : type=1400 audit(0.0:82): avc: denied { getattr } for comm="ls" path="/init.paxdroid.A30.rc" dev="rootfs" ino=4705 scontext=u:r:shell:s0 tcontext=u:object_r:rootfs:s0 tclass=file permissive=0
05-18 16:10:38.981 20061 20061 I auditd  : type=1400 audit(0.0:83): avc: denied { getattr } for comm="ls" path="/init.pax.usb.rc" dev="rootfs" ino=4704 scontext=u:r:shell:s0 tcontext=u:object_r:rootfs:s0 tclass=file permissive=0
05-18 16:49:09.483   881   881 I sysui_action: [289,ComponentInfo{com.pax.samplesalea/com.pax.samplesalea.SaleActivity}]
05-18 16:49:09.483   881   881 I sysui_multi_action: [757,289,758,4,806,ComponentInfo{com.pax.samplesalea/com.pax.samplesalea.SaleActivity}]
05-18 17:07:16.219   881   881 I sysui_action: [289,ComponentInfo{com.pax.samplesalea/com.pax.samplesalea.SaleActivity}]
05-18 17:07:16.219   881   881 I sysui_multi_action: [757,289,758,4,806,ComponentInfo{com.pax.samplesalea/com.pax.samplesalea.SaleActivity}]
05-18 17:12:51.732   881   881 I sysui_action: [289,ComponentInfo{com.pax.samplesalea/com.pax.samplesalea.SaleActivity}]
05-18 17:12:51.732   881   881 I sysui_multi_action: [757,289,758,4,806,ComponentInfo{com.pax.samplesalea/com.pax.samplesalea.SaleActivity}]
05-18 17:13:55.885   881   881 I sysui_action: [289,ComponentInfo{com.pax.samplesalea/com.pax.samplesalea.SaleActivity}]
05-18 17:13:55.885   881   881 I sysui_multi_action: [757,289,758,4,806,ComponentInfo{com.pax.samplesalea/com.pax.samplesalea.SaleActivity}]
05-18 17:21:36.744   881   881 I sysui_action: [289,ComponentInfo{com.pax.samplesalea/com.pax.samplesalea.SaleActivity}]
05-18 17:21:36.744   881   881 I sysui_multi_action: [757,289,758,4,806,ComponentInfo{com.pax.samplesalea/com.pax.samplesalea.SaleActivity}]
05-18 17:28:37.001   881   881 I sysui_action: [289,ComponentInfo{com.pax.samplesalea/com.pax.samplesalea.SaleActivity}]
05-18 17:28:37.001   881   881 I sysui_multi_action: [757,289,758,4,806,ComponentInfo{com.pax.samplesalea/com.pax.samplesalea.SaleActivity}]
05-18 17:41:35.346   853   935 D RILJ    : [3846]< OPERATOR {TURKCELL, TURKCELL, 28601} [SUB0]
05-18 17:41:35.350   853   935 D RILJ    : [3847]< DATA_REGISTRATION_STATE {.regState = NOT_REG_MT_NOT_SEARCHING_OP_EM, .rat = 11, .reasonDataDenied = -1, .maxDataCalls = 3, .cellIdentity = {.cellInfoType = WCDMA, .cellIdentityGsm = [], .cellIdentityWcdma = [{.mcc = -1, .mnc = -1, .lac = 257, .cid = 157456452, .psc = -1, .uarfcn = -1}], .cellIdentityCdma = [], .cellIdentityLte = [], .cellIdentityTdscdma = []}} [SUB0]
05-18 17:41:35.351   853   935 D RILJ    : [3848]< VOICE_REGISTRATION_STATE {.regState = NOT_REG_MT_NOT_SEARCHING_OP_EM, .rat = 11, .cssSupported = false, .roamingIndicator = -1, .systemIsInPrl = 0, .defaultRoamingIndicator = 0, .reasonForDenial = 0, .cellIdentity = {.cellInfoType = WCDMA, .cellIdentityGsm = [], .cellIdentityWcdma = [{.mcc = -1, .mnc = -1, .lac = 60334, .cid = 157456452, .psc = -1, .uarfcn = -1}], .cellIdentityCdma = [], .cellIdentityLte = [], .cellIdentityTdscdma = []}} [SUB0]
05-18 17:41:35.352   853   935 D RILJ    : [3849]< QUERY_NETWORK_SELECTION_MODE {0} [SUB0]
05-18 17:41:35.352   853   935 D RILJ    : [3850]< OPERATOR {TURKCELL, TURKCELL, 28601} [SUB0]
05-18 17:41:35.353   853   935 D RILJ    : [3851]< DATA_REGISTRATION_STATE {.regState = NOT_REG_MT_NOT_SEARCHING_OP_EM, .rat = 11, .reasonDataDenied = -1, .maxDataCalls = 3, .cellIdentity = {.cellInfoType = WCDMA, .cellIdentityGsm = [], .cellIdentityWcdma = [{.mcc = -1, .mnc = -1, .lac = 257, .cid = 157456452, .psc = -1, .uarfcn = -1}], .cellIdentityCdma = [], .cellIdentityLte = [], .cellIdentityTdscdma = []}} [SUB0]
05-18 17:41:35.354   853   935 D RILJ    : [3852]< VOICE_REGISTRATION_STATE {.regState = NOT_REG_MT_NOT_SEARCHING_OP_EM, .rat = 11, .cssSupported = false, .roamingIndicator = -1, .systemIsInPrl = 0, .defaultRoamingIndicator = 0, .reasonForDenial = 0, .cellIdentity = {.cellInfoType = WCDMA, .cellIdentityGsm = [], .cellIdentityWcdma = [{.mcc = -1, .mnc = -1, .lac = 60334, .cid = 157456452, .psc = -1, .uarfcn = -1}], .cellIdentityCdma = [], .cellIdentityLte = [], .cellIdentityTdscdma = []}} [SUB0]
05-18 17:41:35.355   853   935 D RILJ    : [3853]< QUERY_NETWORK_SELECTION_MODE {0} [SUB0]
05-18 17:41:35.364   853   853 D SST     : Poll ServiceState done:  oldSS=[{mVoiceRegState=1(OUT_OF_SERVICE), mDataRegState=1(OUT_OF_SERVICE), mVoiceRoamingType=home, mDataRoamingType=home, mVoiceOperatorAlphaLong=TURKCELL, mVoiceOperatorAlphaShort=TURKCELL, mDataOperatorAlphaLong=TURKCELL, mDataOperatorAlphaShort=TURKCELL, isManualNetworkSelection=false(automatic), mRilVoiceRadioTechnology=11(HSPA), mRilDataRadioTechnology=11(HSPA), mCssIndicator=unsupported, mNetworkId=-1, mSystemId=-1, mCdmaRoamingIndicator=-1, mCdmaDefaultRoamingIndicator=-1, mIsEmergencyOnly=true, mIsDataRoamingFromRegistration=false, mIsUsingCarrierAggregation=false, mLteEarfcnRsrpBoost=0}] newSS=[{mVoiceRegState=1(OUT_OF_SERVICE), mDataRegState=1(OUT_OF_SERVICE), mVoiceRoamingType=home, mDataRoamingType=home, mVoiceOperatorAlphaLong=TURKCELL, mVoiceOperatorAlphaShort=TURKCELL, mDataOperatorAlphaLong=TURKCELL, mDataOperatorAlphaShort=TURKCELL, isManualNetworkSelection=false(automatic), mRilVoiceRadioTechnology=11(HSPA), mRilDataRadioTechnology=11(HSPA), mCssIndicator=unsupported, mNetworkId=-1, mSystemId=-1, mCdmaRoamingIndicator=-1, mCdmaDefaultRoamingIndicator=-1, mIsEmergencyOnly=true, mIsDataRoamingFromRegistration=false, mIsUsingCarrierAggregation=false, mLteEarfcnRsrpBoost=0}] oldMaxDataCalls=3 mNewMaxDataCalls=3 oldReasonDataDenied=-1 mNewReasonDataDenied=-1
05-18 17:42:12.675   881   881 I sysui_action: [289,ComponentInfo{com.pax.samplesalea/com.pax.samplesalea.SaleActivity}]
05-18 17:42:12.675   881   881 I sysui_multi_action: [757,289,758,4,806,ComponentInfo{com.pax.samplesalea/com.pax.samplesalea.SaleActivity}]
05-18 17:43:57.849   881   881 I sysui_action: [289,ComponentInfo{com.pax.samplesalea/com.pax.samplesalea.SaleActivity}]
05-18 17:43:57.849   881   881 I sysui_multi_action: [757,289,758,4,806,ComponentInfo{com.pax.samplesalea/com.pax.samplesalea.SaleActivity}]
05-18 17:47:23.427   881   881 I sysui_action: [289,ComponentInfo{com.pax.samplesalea/com.pax.samplesalea.SaleActivity}]
05-18 17:47:23.427   881   881 I sysui_multi_action: [757,289,758,4,806,ComponentInfo{com.pax.samplesalea/com.pax.samplesalea.SaleActivity}]
05-18 17:53:08.921   881   881 I sysui_action: [289,ComponentInfo{com.pax.samplesalea/com.pax.samplesalea.SaleActivity}]
05-18 17:53:08.922   881   881 I sysui_multi_action: [757,289,758,4,806,ComponentInfo{com.pax.samplesalea/com.pax.samplesalea.SaleActivity}]
05-18 17:55:42.705   881   881 I sysui_action: [289,ComponentInfo{com.pax.samplesalea/com.pax.samplesalea.SaleActivity}]
05-18 17:55:42.705   881   881 I sysui_multi_action: [757,289,758,4,806,ComponentInfo{com.pax.samplesalea/com.pax.samplesalea.SaleActivity}]
05-18 17:56:07.540   881   881 I sysui_action: [289,ComponentInfo{com.pax.samplesalea/com.pax.samplesalea.SaleActivity}]
05-18 17:56:07.540   881   881 I sysui_multi_action: [757,289,758,4,806,ComponentInfo{com.pax.samplesalea/com.pax.samplesalea.SaleActivity}]
05-18 17:57:28.037   881   881 I sysui_action: [289,ComponentInfo{com.pax.samplesalea/com.pax.samplesalea.SaleActivity}]
05-18 17:57:28.037   881   881 I sysui_multi_action: [757,289,758,4,806,ComponentInfo{com.pax.samplesalea/com.pax.samplesalea.SaleActivity}]
05-18 17:59:53.476   881   881 I sysui_action: [289,ComponentInfo{com.pax.samplesalea/com.pax.samplesalea.SaleActivity}]
05-18 17:59:53.476   881   881 I sysui_multi_action: [757,289,758,4,806,ComponentInfo{com.pax.samplesalea/com.pax.samplesalea.SaleActivity}]
05-18 18:01:24.352   881   881 I sysui_action: [289,ComponentInfo{com.pax.samplesalea/com.pax.samplesalea.SaleActivity}]
05-18 18:01:24.352   881   881 I sysui_multi_action: [757,289,758,4,806,ComponentInfo{com.pax.samplesalea/com.pax.samplesalea.SaleActivity}]
05-18 18:05:36.088   881   881 I sysui_action: [289,ComponentInfo{com.pax.samplesalea/com.pax.samplesalea.SaleActivity}]
05-18 18:05:36.088   881   881 I sysui_multi_action: [757,289,758,4,806,ComponentInfo{com.pax.samplesalea/com.pax.samplesalea.SaleActivity}]
05-18 18:18:24.290   853   935 D RILJ    : [3854]< OPERATOR {TURKCELL, TURKCELL, 28601} [SUB0]
05-18 18:18:24.293   853   935 D RILJ    : [3855]< DATA_REGISTRATION_STATE {.regState = NOT_REG_MT_NOT_SEARCHING_OP_EM, .rat = 11, .reasonDataDenied = -1, .maxDataCalls = 3, .cellIdentity = {.cellInfoType = WCDMA, .cellIdentityGsm = [], .cellIdentityWcdma = [{.mcc = -1, .mnc = -1, .lac = 257, .cid = 157421557, .psc = -1, .uarfcn = -1}], .cellIdentityCdma = [], .cellIdentityLte = [], .cellIdentityTdscdma = []}} [SUB0]
05-18 18:18:24.294   853   935 D RILJ    : [3856]< VOICE_REGISTRATION_STATE {.regState = NOT_REG_MT_NOT_SEARCHING_OP_EM, .rat = 11, .cssSupported = false, .roamingIndicator = -1, .systemIsInPrl = 0, .defaultRoamingIndicator = 0, .reasonForDenial = 0, .cellIdentity = {.cellInfoType = WCDMA, .cellIdentityGsm = [], .cellIdentityWcdma = [{.mcc = -1, .mnc = -1, .lac = 60334, .cid = 157421557, .psc = -1, .uarfcn = -1}], .cellIdentityCdma = [], .cellIdentityLte = [], .cellIdentityTdscdma = []}} [SUB0]
05-18 18:18:24.295   853   935 D RILJ    : [3857]< QUERY_NETWORK_SELECTION_MODE {0} [SUB0]
05-18 18:18:24.296   853   935 D RILJ    : [3858]< OPERATOR {TURKCELL, TURKCELL, 28601} [SUB0]
05-18 18:18:24.297   853   935 D RILJ    : [3859]< DATA_REGISTRATION_STATE {.regState = NOT_REG_MT_NOT_SEARCHING_OP_EM, .rat = 11, .reasonDataDenied = -1, .maxDataCalls = 3, .cellIdentity = {.cellInfoType = WCDMA, .cellIdentityGsm = [], .cellIdentityWcdma = [{.mcc = -1, .mnc = -1, .lac = 257, .cid = 157421557, .psc = -1, .uarfcn = -1}], .cellIdentityCdma = [], .cellIdentityLte = [], .cellIdentityTdscdma = []}} [SUB0]
05-18 18:18:24.298   853   935 D RILJ    : [3860]< VOICE_REGISTRATION_STATE {.regState = NOT_REG_MT_NOT_SEARCHING_OP_EM, .rat = 11, .cssSupported = false, .roamingIndicator = -1, .systemIsInPrl = 0, .defaultRoamingIndicator = 0, .reasonForDenial = 0, .cellIdentity = {.cellInfoType = WCDMA, .cellIdentityGsm = [], .cellIdentityWcdma = [{.mcc = -1, .mnc = -1, .lac = 60334, .cid = 157421557, .psc = -1, .uarfcn = -1}], .cellIdentityCdma = [], .cellIdentityLte = [], .cellIdentityTdscdma = []}} [SUB0]
05-18 18:18:24.299   853   935 D RILJ    : [3861]< QUERY_NETWORK_SELECTION_MODE {0} [SUB0]
05-18 18:18:24.308   853   853 D SST     : Poll ServiceState done:  oldSS=[{mVoiceRegState=1(OUT_OF_SERVICE), mDataRegState=1(OUT_OF_SERVICE), mVoiceRoamingType=home, mDataRoamingType=home, mVoiceOperatorAlphaLong=TURKCELL, mVoiceOperatorAlphaShort=TURKCELL, mDataOperatorAlphaLong=TURKCELL, mDataOperatorAlphaShort=TURKCELL, isManualNetworkSelection=false(automatic), mRilVoiceRadioTechnology=11(HSPA), mRilDataRadioTechnology=11(HSPA), mCssIndicator=unsupported, mNetworkId=-1, mSystemId=-1, mCdmaRoamingIndicator=-1, mCdmaDefaultRoamingIndicator=-1, mIsEmergencyOnly=true, mIsDataRoamingFromRegistration=false, mIsUsingCarrierAggregation=false, mLteEarfcnRsrpBoost=0}] newSS=[{mVoiceRegState=1(OUT_OF_SERVICE), mDataRegState=1(OUT_OF_SERVICE), mVoiceRoamingType=home, mDataRoamingType=home, mVoiceOperatorAlphaLong=TURKCELL, mVoiceOperatorAlphaShort=TURKCELL, mDataOperatorAlphaLong=TURKCELL, mDataOperatorAlphaShort=TURKCELL, isManualNetworkSelection=false(automatic), mRilVoiceRadioTechnology=11(HSPA), mRilDataRadioTechnology=11(HSPA), mCssIndicator=unsupported, mNetworkId=-1, mSystemId=-1, mCdmaRoamingIndicator=-1, mCdmaDefaultRoamingIndicator=-1, mIsEmergencyOnly=true, mIsDataRoamingFromRegistration=false, mIsUsingCarrierAggregation=false, mLteEarfcnRsrpBoost=0}] oldMaxDataCalls=3 mNewMaxDataCalls=3 oldReasonDataDenied=-1 mNewReasonDataDenied=-1
05-18 18:20:50.756   881   881 I sysui_action: [289,ComponentInfo{com.pax.samplesalea/com.pax.samplesalea.SaleActivity}]
05-18 18:20:50.756   881   881 I sysui_multi_action: [757,289,758,4,806,ComponentInfo{com.pax.samplesalea/com.pax.samplesalea.SaleActivity}]
05-18 18:27:40.056   853   935 D RILJ    : [3862]< OPERATOR {TURKCELL, TURKCELL, 28601} [SUB0]
05-18 18:27:40.059   853   935 D RILJ    : [3863]< DATA_REGISTRATION_STATE {.regState = NOT_REG_MT_NOT_SEARCHING_OP_EM, .rat = 11, .reasonDataDenied = -1, .maxDataCalls = 3, .cellIdentity = {.cellInfoType = WCDMA, .cellIdentityGsm = [], .cellIdentityWcdma = [{.mcc = -1, .mnc = -1, .lac = 257, .cid = 157436644, .psc = -1, .uarfcn = -1}], .cellIdentityCdma = [], .cellIdentityLte = [], .cellIdentityTdscdma = []}} [SUB0]
05-18 18:27:40.061   853   935 D RILJ    : [3864]< VOICE_REGISTRATION_STATE {.regState = NOT_REG_MT_NOT_SEARCHING_OP_EM, .rat = 11, .cssSupported = false, .roamingIndicator = -1, .systemIsInPrl = 0, .defaultRoamingIndicator = 0, .reasonForDenial = 0, .cellIdentity = {.cellInfoType = WCDMA, .cellIdentityGsm = [], .cellIdentityWcdma = [{.mcc = -1, .mnc = -1, .lac = 60334, .cid = 157436644, .psc = -1, .uarfcn = -1}], .cellIdentityCdma = [], .cellIdentityLte = [], .cellIdentityTdscdma = []}} [SUB0]
05-18 18:27:40.063   853   935 D RILJ    : [3865]< QUERY_NETWORK_SELECTION_MODE {0} [SUB0]
05-18 18:27:40.066   853   935 D RILJ    : [3866]< OPERATOR {TURKCELL, TURKCELL, 28601} [SUB0]
05-18 18:27:40.069   853   935 D RILJ    : [3867]< DATA_REGISTRATION_STATE {.regState = NOT_REG_MT_NOT_SEARCHING_OP_EM, .rat = 11, .reasonDataDenied = -1, .maxDataCalls = 3, .cellIdentity = {.cellInfoType = WCDMA, .cellIdentityGsm = [], .cellIdentityWcdma = [{.mcc = -1, .mnc = -1, .lac = 257, .cid = 157436644, .psc = -1, .uarfcn = -1}], .cellIdentityCdma = [], .cellIdentityLte = [], .cellIdentityTdscdma = []}} [SUB0]
05-18 18:27:40.070   853   935 D RILJ    : [3868]< VOICE_REGISTRATION_STATE {.regState = NOT_REG_MT_NOT_SEARCHING_OP_EM, .rat = 11, .cssSupported = false, .roamingIndicator = -1, .systemIsInPrl = 0, .defaultRoamingIndicator = 0, .reasonForDenial = 0, .cellIdentity = {.cellInfoType = WCDMA, .cellIdentityGsm = [], .cellIdentityWcdma = [{.mcc = -1, .mnc = -1, .lac = 60334, .cid = 157436644, .psc = -1, .uarfcn = -1}], .cellIdentityCdma = [], .cellIdentityLte = [], .cellIdentityTdscdma = []}} [SUB0]
05-18 18:27:40.070   853   935 D RILJ    : [3869]< QUERY_NETWORK_SELECTION_MODE {0} [SUB0]
05-18 18:27:40.072   853   853 D SST     : Poll ServiceState done:  oldSS=[{mVoiceRegState=1(OUT_OF_SERVICE), mDataRegState=1(OUT_OF_SERVICE), mVoiceRoamingType=home, mDataRoamingType=home, mVoiceOperatorAlphaLong=TURKCELL, mVoiceOperatorAlphaShort=TURKCELL, mDataOperatorAlphaLong=TURKCELL, mDataOperatorAlphaShort=TURKCELL, isManualNetworkSelection=false(automatic), mRilVoiceRadioTechnology=11(HSPA), mRilDataRadioTechnology=11(HSPA), mCssIndicator=unsupported, mNetworkId=-1, mSystemId=-1, mCdmaRoamingIndicator=-1, mCdmaDefaultRoamingIndicator=-1, mIsEmergencyOnly=true, mIsDataRoamingFromRegistration=false, mIsUsingCarrierAggregation=false, mLteEarfcnRsrpBoost=0}] newSS=[{mVoiceRegState=1(OUT_OF_SERVICE), mDataRegState=1(OUT_OF_SERVICE), mVoiceRoamingType=home, mDataRoamingType=home, mVoiceOperatorAlphaLong=TURKCELL, mVoiceOperatorAlphaShort=TURKCELL, mDataOperatorAlphaLong=TURKCELL, mDataOperatorAlphaShort=TURKCELL, isManualNetworkSelection=false(automatic), mRilVoiceRadioTechnology=11(HSPA), mRilDataRadioTechnology=11(HSPA), mCssIndicator=unsupported, mNetworkId=-1, mSystemId=-1, mCdmaRoamingIndicator=-1, mCdmaDefaultRoamingIndicator=-1, mIsEmergencyOnly=true, mIsDataRoamingFromRegistration=false, mIsUsingCarrierAggregation=false, mLteEarfcnRsrpBoost=0}] oldMaxDataCalls=3 mNewMaxDataCalls=3 oldReasonDataDenied=-1 mNewReasonDataDenied=-1
05-18 18:30:13.523   853   935 D RILJ    : [3882]< OPERATOR {TURKCELL, TURKCELL, 28601} [SUB0]
05-18 18:30:13.525   853   935 D RILJ    : [3883]< DATA_REGISTRATION_STATE {.regState = NOT_REG_MT_NOT_SEARCHING_OP_EM, .rat = 11, .reasonDataDenied = -1, .maxDataCalls = 3, .cellIdentity = {.cellInfoType = WCDMA, .cellIdentityGsm = [], .cellIdentityWcdma = [{.mcc = -1, .mnc = -1, .lac = 257, .cid = 157436644, .psc = -1, .uarfcn = -1}], .cellIdentityCdma = [], .cellIdentityLte = [], .cellIdentityTdscdma = []}} [SUB0]
05-18 18:30:13.527   853   935 D RILJ    : [3884]< VOICE_REGISTRATION_STATE {.regState = NOT_REG_MT_NOT_SEARCHING_OP_EM, .rat = 11, .cssSupported = false, .roamingIndicator = -1, .systemIsInPrl = 0, .defaultRoamingIndicator = 0, .reasonForDenial = 0, .cellIdentity = {.cellInfoType = WCDMA, .cellIdentityGsm = [], .cellIdentityWcdma = [{.mcc = -1, .mnc = -1, .lac = 60334, .cid = 157436644, .psc = -1, .uarfcn = -1}], .cellIdentityCdma = [], .cellIdentityLte = [], .cellIdentityTdscdma = []}} [SUB0]
05-18 18:30:13.529   853   935 D RILJ    : [3885]< QUERY_NETWORK_SELECTION_MODE {0} [SUB0]
05-18 18:30:13.531   853   935 D RilRequest: [3886]< OPERATOR error: com.android.internal.telephony.CommandException: RADIO_NOT_AVAILABLE ret={, , }
05-18 18:30:13.532   853   935 D RilRequest: [3887]< DATA_REGISTRATION_STATE error: com.android.internal.telephony.CommandException: RADIO_NOT_AVAILABLE ret={.regState = NOT_REG_MT_NOT_SEARCHING_OP, .rat = 0, .reasonDataDenied = 0, .maxDataCalls = 0, .cellIdentity = {.cellInfoType = NONE, .cellIdentityGsm = [], .cellIdentityWcdma = [], .cellIdentityCdma = [], .cellIdentityLte = [], .cellIdentityTdscdma = []}}
05-18 18:30:13.533   853   935 D RilRequest: [3888]< VOICE_REGISTRATION_STATE error: com.android.internal.telephony.CommandException: RADIO_NOT_AVAILABLE ret={.regState = NOT_REG_MT_NOT_SEARCHING_OP, .rat = 0, .cssSupported = false, .roamingIndicator = 0, .systemIsInPrl = 0, .defaultRoamingIndicator = 0, .reasonForDenial = 0, .cellIdentity = {.cellInfoType = NONE, .cellIdentityGsm = [], .cellIdentityWcdma = [], .cellIdentityCdma = [], .cellIdentityLte = [], .cellIdentityTdscdma = []}}
05-18 18:30:13.534   853   935 D RILJ    : [3889]< QUERY_NETWORK_SELECTION_MODE {0} [SUB1]
05-18 18:30:13.535   853   853 D SST     : Poll ServiceState done:  oldSS=[{mVoiceRegState=1(OUT_OF_SERVICE), mDataRegState=1(OUT_OF_SERVICE), mVoiceRoamingType=home, mDataRoamingType=home, mVoiceOperatorAlphaLong=TURKCELL, mVoiceOperatorAlphaShort=TURKCELL, mDataOperatorAlphaLong=TURKCELL, mDataOperatorAlphaShort=TURKCELL, isManualNetworkSelection=false(automatic), mRilVoiceRadioTechnology=11(HSPA), mRilDataRadioTechnology=11(HSPA), mCssIndicator=unsupported, mNetworkId=-1, mSystemId=-1, mCdmaRoamingIndicator=-1, mCdmaDefaultRoamingIndicator=-1, mIsEmergencyOnly=true, mIsDataRoamingFromRegistration=false, mIsUsingCarrierAggregation=false, mLteEarfcnRsrpBoost=0}] newSS=[{mVoiceRegState=1(OUT_OF_SERVICE), mDataRegState=1(OUT_OF_SERVICE), mVoiceRoamingType=home, mDataRoamingType=home, mVoiceOperatorAlphaLong=TURKCELL, mVoiceOperatorAlphaShort=TURKCELL, mDataOperatorAlphaLong=TURKCELL, mDataOperatorAlphaShort=TURKCELL, isManualNetworkSelection=false(automatic), mRilVoiceRadioTechnology=11(HSPA), mRilDataRadioTechnology=11(HSPA), mCssIndicator=unsupported, mNetworkId=-1, mSystemId=-1, mCdmaRoamingIndicator=-1, mCdmaDefaultRoamingIndicator=-1, mIsEmergencyOnly=true, mIsDataRoamingFromRegistration=false, mIsUsingCarrierAggregation=false, mLteEarfcnRsrpBoost=0}] oldMaxDataCalls=3 mNewMaxDataCalls=3 oldReasonDataDenied=-1 mNewReasonDataDenied=-1
05-18 18:30:59.471   853   935 D RILJ    : [3902]< OPERATOR {TURKCELL, TURKCELL, 28601} [SUB0]
05-18 18:30:59.477   853   935 D RILJ    : [3903]< DATA_REGISTRATION_STATE {.regState = NOT_REG_MT_NOT_SEARCHING_OP_EM, .rat = 11, .reasonDataDenied = -1, .maxDataCalls = 3, .cellIdentity = {.cellInfoType = WCDMA, .cellIdentityGsm = [], .cellIdentityWcdma = [{.mcc = -1, .mnc = -1, .lac = 257, .cid = 157436644, .psc = -1, .uarfcn = -1}], .cellIdentityCdma = [], .cellIdentityLte = [], .cellIdentityTdscdma = []}} [SUB0]
05-18 18:30:59.481   853   935 D RILJ    : [3904]< VOICE_REGISTRATION_STATE {.regState = NOT_REG_MT_NOT_SEARCHING_OP_EM, .rat = 11, .cssSupported = false, .roamingIndicator = -1, .systemIsInPrl = 0, .defaultRoamingIndicator = 0, .reasonForDenial = 0, .cellIdentity = {.cellInfoType = WCDMA, .cellIdentityGsm = [], .cellIdentityWcdma = [{.mcc = -1, .mnc = -1, .lac = 60334, .cid = 157436644, .psc = -1, .uarfcn = -1}], .cellIdentityCdma = [], .cellIdentityLte = [], .cellIdentityTdscdma = []}} [SUB0]
05-18 18:30:59.481   853   935 D RilRequest: [3906]< OPERATOR error: com.android.internal.telephony.CommandException: RADIO_NOT_AVAILABLE ret={, , }
05-18 18:30:59.482   853   935 D RILJ    : [3905]< QUERY_NETWORK_SELECTION_MODE {0} [SUB0]
05-18 18:30:59.489   853   853 D SST     : Poll ServiceState done:  oldSS=[{mVoiceRegState=1(OUT_OF_SERVICE), mDataRegState=1(OUT_OF_SERVICE), mVoiceRoamingType=home, mDataRoamingType=home, mVoiceOperatorAlphaLong=TURKCELL, mVoiceOperatorAlphaShort=TURKCELL, mDataOperatorAlphaLong=TURKCELL, mDataOperatorAlphaShort=TURKCELL, isManualNetworkSelection=false(automatic), mRilVoiceRadioTechnology=11(HSPA), mRilDataRadioTechnology=11(HSPA), mCssIndicator=unsupported, mNetworkId=-1, mSystemId=-1, mCdmaRoamingIndicator=-1, mCdmaDefaultRoamingIndicator=-1, mIsEmergencyOnly=true, mIsDataRoamingFromRegistration=false, mIsUsingCarrierAggregation=false, mLteEarfcnRsrpBoost=0}] newSS=[{mVoiceRegState=1(OUT_OF_SERVICE), mDataRegState=1(OUT_OF_SERVICE), mVoiceRoamingType=home, mDataRoamingType=home, mVoiceOperatorAlphaLong=TURKCELL, mVoiceOperatorAlphaShort=TURKCELL, mDataOperatorAlphaLong=TURKCELL, mDataOperatorAlphaShort=TURKCELL, isManualNetworkSelection=false(automatic), mRilVoiceRadioTechnology=11(HSPA), mRilDataRadioTechnology=11(HSPA), mCssIndicator=unsupported, mNetworkId=-1, mSystemId=-1, mCdmaRoamingIndicator=-1, mCdmaDefaultRoamingIndicator=-1, mIsEmergencyOnly=true, mIsDataRoamingFromRegistration=false, mIsUsingCarrierAggregation=false, mLteEarfcnRsrpBoost=0}] oldMaxDataCalls=3 mNewMaxDataCalls=3 oldReasonDataDenied=-1 mNewReasonDataDenied=-1
05-18 18:30:59.510   853   935 D RilRequest: [3907]< DATA_REGISTRATION_STATE error: com.android.internal.telephony.CommandException: RADIO_NOT_AVAILABLE ret={.regState = NOT_REG_MT_NOT_SEARCHING_OP, .rat = 0, .reasonDataDenied = 0, .maxDataCalls = 0, .cellIdentity = {.cellInfoType = NONE, .cellIdentityGsm = [], .cellIdentityWcdma = [], .cellIdentityCdma = [], .cellIdentityLte = [], .cellIdentityTdscdma = []}}
05-18 18:30:59.510   853   935 D RilRequest: [3908]< VOICE_REGISTRATION_STATE error: com.android.internal.telephony.CommandException: RADIO_NOT_AVAILABLE ret={.regState = NOT_REG_MT_NOT_SEARCHING_OP, .rat = 0, .cssSupported = false, .roamingIndicator = 0, .systemIsInPrl = 0, .defaultRoamingIndicator = 0, .reasonForDenial = 0, .cellIdentity = {.cellInfoType = NONE, .cellIdentityGsm = [], .cellIdentityWcdma = [], .cellIdentityCdma = [], .cellIdentityLte = [], .cellIdentityTdscdma = []}}
05-18 18:30:59.511   853   935 D RILJ    : [3909]< QUERY_NETWORK_SELECTION_MODE {0} [SUB1]
05-18 18:32:31.398   853   935 D RILJ    : [3922]< OPERATOR {TURKCELL, TURKCELL, 28601} [SUB0]
05-18 18:32:31.400   853   935 D RILJ    : [3923]< DATA_REGISTRATION_STATE {.regState = NOT_REG_MT_NOT_SEARCHING_OP_EM, .rat = 11, .reasonDataDenied = -1, .maxDataCalls = 3, .cellIdentity = {.cellInfoType = WCDMA, .cellIdentityGsm = [], .cellIdentityWcdma = [{.mcc = -1, .mnc = -1, .lac = 257, .cid = 157436644, .psc = -1, .uarfcn = -1}], .cellIdentityCdma = [], .cellIdentityLte = [], .cellIdentityTdscdma = []}} [SUB0]
05-18 18:32:31.401   853   935 D RILJ    : [3924]< VOICE_REGISTRATION_STATE {.regState = NOT_REG_MT_NOT_SEARCHING_OP_EM, .rat = 11, .cssSupported = false, .roamingIndicator = -1, .systemIsInPrl = 0, .defaultRoamingIndicator = 0, .reasonForDenial = 0, .cellIdentity = {.cellInfoType = WCDMA, .cellIdentityGsm = [], .cellIdentityWcdma = [{.mcc = -1, .mnc = -1, .lac = 60334, .cid = 157436644, .psc = -1, .uarfcn = -1}], .cellIdentityCdma = [], .cellIdentityLte = [], .cellIdentityTdscdma = []}} [SUB0]
05-18 18:32:31.402   853   935 D RilRequest: [3926]< OPERATOR error: com.android.internal.telephony.CommandException: RADIO_NOT_AVAILABLE ret={, , }
05-18 18:32:31.402   853   935 D RILJ    : [3925]< QUERY_NETWORK_SELECTION_MODE {0} [SUB0]
05-18 18:32:31.404   853   935 D RilRequest: [3927]< DATA_REGISTRATION_STATE error: com.android.internal.telephony.CommandException: RADIO_NOT_AVAILABLE ret={.regState = NOT_REG_MT_NOT_SEARCHING_OP, .rat = 0, .reasonDataDenied = 0, .maxDataCalls = 0, .cellIdentity = {.cellInfoType = NONE, .cellIdentityGsm = [], .cellIdentityWcdma = [], .cellIdentityCdma = [], .cellIdentityLte = [], .cellIdentityTdscdma = []}}
05-18 18:32:31.405   853   935 D RilRequest: [3928]< VOICE_REGISTRATION_STATE error: com.android.internal.telephony.CommandException: RADIO_NOT_AVAILABLE ret={.regState = NOT_REG_MT_NOT_SEARCHING_OP, .rat = 0, .cssSupported = false, .roamingIndicator = 0, .systemIsInPrl = 0, .defaultRoamingIndicator = 0, .reasonForDenial = 0, .cellIdentity = {.cellInfoType = NONE, .cellIdentityGsm = [], .cellIdentityWcdma = [], .cellIdentityCdma = [], .cellIdentityLte = [], .cellIdentityTdscdma = []}}
05-18 18:32:31.405   853   853 D SST     : Poll ServiceState done:  oldSS=[{mVoiceRegState=1(OUT_OF_SERVICE), mDataRegState=1(OUT_OF_SERVICE), mVoiceRoamingType=home, mDataRoamingType=home, mVoiceOperatorAlphaLong=TURKCELL, mVoiceOperatorAlphaShort=TURKCELL, mDataOperatorAlphaLong=TURKCELL, mDataOperatorAlphaShort=TURKCELL, isManualNetworkSelection=false(automatic), mRilVoiceRadioTechnology=11(HSPA), mRilDataRadioTechnology=11(HSPA), mCssIndicator=unsupported, mNetworkId=-1, mSystemId=-1, mCdmaRoamingIndicator=-1, mCdmaDefaultRoamingIndicator=-1, mIsEmergencyOnly=true, mIsDataRoamingFromRegistration=false, mIsUsingCarrierAggregation=false, mLteEarfcnRsrpBoost=0}] newSS=[{mVoiceRegState=1(OUT_OF_SERVICE), mDataRegState=1(OUT_OF_SERVICE), mVoiceRoamingType=home, mDataRoamingType=home, mVoiceOperatorAlphaLong=TURKCELL, mVoiceOperatorAlphaShort=TURKCELL, mDataOperatorAlphaLong=TURKCELL, mDataOperatorAlphaShort=TURKCELL, isManualNetworkSelection=false(automatic), mRilVoiceRadioTechnology=11(HSPA), mRilDataRadioTechnology=11(HSPA), mCssIndicator=unsupported, mNetworkId=-1, mSystemId=-1, mCdmaRoamingIndicator=-1, mCdmaDefaultRoamingIndicator=-1, mIsEmergencyOnly=true, mIsDataRoamingFromRegistration=false, mIsUsingCarrierAggregation=false, mLteEarfcnRsrpBoost=0}] oldMaxDataCalls=3 mNewMaxDataCalls=3 oldReasonDataDenied=-1 mNewReasonDataDenied=-1
05-18 18:32:31.405   853   935 D RILJ    : [3929]< QUERY_NETWORK_SELECTION_MODE {0} [SUB1]
05-18 18:33:17.356   853   935 D RILJ    : [3942]< OPERATOR {TURKCELL, TURKCELL, 28601} [SUB0]
05-18 18:33:17.358   853   935 D RILJ    : [3943]< DATA_REGISTRATION_STATE {.regState = NOT_REG_MT_NOT_SEARCHING_OP_EM, .rat = 11, .reasonDataDenied = -1, .maxDataCalls = 3, .cellIdentity = {.cellInfoType = WCDMA, .cellIdentityGsm = [], .cellIdentityWcdma = [{.mcc = -1, .mnc = -1, .lac = 257, .cid = 157436644, .psc = -1, .uarfcn = -1}], .cellIdentityCdma = [], .cellIdentityLte = [], .cellIdentityTdscdma = []}} [SUB0]
05-18 18:33:17.360   853   935 D RILJ    : [3944]< VOICE_REGISTRATION_STATE {.regState = NOT_REG_MT_NOT_SEARCHING_OP_EM, .rat = 11, .cssSupported = false, .roamingIndicator = -1, .systemIsInPrl = 0, .defaultRoamingIndicator = 0, .reasonForDenial = 0, .cellIdentity = {.cellInfoType = WCDMA, .cellIdentityGsm = [], .cellIdentityWcdma = [{.mcc = -1, .mnc = -1, .lac = 60334, .cid = 157436644, .psc = -1, .uarfcn = -1}], .cellIdentityCdma = [], .cellIdentityLte = [], .cellIdentityTdscdma = []}} [SUB0]
05-18 18:33:17.360   853   935 D RILJ    : [3945]< QUERY_NETWORK_SELECTION_MODE {0} [SUB0]
05-18 18:33:17.362   853   935 D RilRequest: [3946]< OPERATOR error: com.android.internal.telephony.CommandException: RADIO_NOT_AVAILABLE ret={, , }
05-18 18:33:17.363   853   935 D RilRequest: [3947]< DATA_REGISTRATION_STATE error: com.android.internal.telephony.CommandException: RADIO_NOT_AVAILABLE ret={.regState = NOT_REG_MT_NOT_SEARCHING_OP, .rat = 0, .reasonDataDenied = 0, .maxDataCalls = 0, .cellIdentity = {.cellInfoType = NONE, .cellIdentityGsm = [], .cellIdentityWcdma = [], .cellIdentityCdma = [], .cellIdentityLte = [], .cellIdentityTdscdma = []}}
05-18 18:33:17.364   853   935 D RilRequest: [3948]< VOICE_REGISTRATION_STATE error: com.android.internal.telephony.CommandException: RADIO_NOT_AVAILABLE ret={.regState = NOT_REG_MT_NOT_SEARCHING_OP, .rat = 0, .cssSupported = false, .roamingIndicator = 0, .systemIsInPrl = 0, .defaultRoamingIndicator = 0, .reasonForDenial = 0, .cellIdentity = {.cellInfoType = NONE, .cellIdentityGsm = [], .cellIdentityWcdma = [], .cellIdentityCdma = [], .cellIdentityLte = [], .cellIdentityTdscdma = []}}
05-18 18:33:17.365   853   935 D RILJ    : [3949]< QUERY_NETWORK_SELECTION_MODE {0} [SUB1]
05-18 18:33:17.366   853   853 D SST     : Poll ServiceState done:  oldSS=[{mVoiceRegState=1(OUT_OF_SERVICE), mDataRegState=1(OUT_OF_SERVICE), mVoiceRoamingType=home, mDataRoamingType=home, mVoiceOperatorAlphaLong=TURKCELL, mVoiceOperatorAlphaShort=TURKCELL, mDataOperatorAlphaLong=TURKCELL, mDataOperatorAlphaShort=TURKCELL, isManualNetworkSelection=false(automatic), mRilVoiceRadioTechnology=11(HSPA), mRilDataRadioTechnology=11(HSPA), mCssIndicator=unsupported, mNetworkId=-1, mSystemId=-1, mCdmaRoamingIndicator=-1, mCdmaDefaultRoamingIndicator=-1, mIsEmergencyOnly=true, mIsDataRoamingFromRegistration=false, mIsUsingCarrierAggregation=false, mLteEarfcnRsrpBoost=0}] newSS=[{mVoiceRegState=1(OUT_OF_SERVICE), mDataRegState=1(OUT_OF_SERVICE), mVoiceRoamingType=home, mDataRoamingType=home, mVoiceOperatorAlphaLong=TURKCELL, mVoiceOperatorAlphaShort=TURKCELL, mDataOperatorAlphaLong=TURKCELL, mDataOperatorAlphaShort=TURKCELL, isManualNetworkSelection=false(automatic), mRilVoiceRadioTechnology=11(HSPA), mRilDataRadioTechnology=11(HSPA), mCssIndicator=unsupported, mNetworkId=-1, mSystemId=-1, mCdmaRoamingIndicator=-1, mCdmaDefaultRoamingIndicator=-1, mIsEmergencyOnly=true, mIsDataRoamingFromRegistration=false, mIsUsingCarrierAggregation=false, mLteEarfcnRsrpBoost=0}] oldMaxDataCalls=3 mNewMaxDataCalls=3 oldReasonDataDenied=-1 mNewReasonDataDenied=-1
05-18 18:34:55.659   881   881 I sysui_action: [289,ComponentInfo{com.pax.samplesalea/com.pax.samplesalea.SaleActivity}]
05-18 18:34:55.659   881   881 I sysui_multi_action: [757,289,758,4,806,ComponentInfo{com.pax.samplesalea/com.pax.samplesalea.SaleActivity}]
05-18 18:41:58.663   881   881 I sysui_action: [289,ComponentInfo{com.pax.samplesalea/com.pax.samplesalea.SaleActivity}]
05-18 18:41:58.663   881   881 I sysui_multi_action: [757,289,758,4,806,ComponentInfo{com.pax.samplesalea/com.pax.samplesalea.SaleActivity}]
05-18 18:47:29.007   881   881 I sysui_action: [289,ComponentInfo{com.pax.samplesalea/com.pax.samplesalea.SaleActivity}]
05-18 18:47:29.007   881   881 I sysui_multi_action: [757,289,758,4,806,ComponentInfo{com.pax.samplesalea/com.pax.samplesalea.SaleActivity}]
05-18 18:56:45.044   881   881 I sysui_action: [289,ComponentInfo{com.pax.samplesalea/com.pax.samplesalea.SaleActivity}]
05-18 18:56:45.044   881   881 I sysui_multi_action: [757,289,758,4,806,ComponentInfo{com.pax.samplesalea/com.pax.samplesalea.SaleActivity}]
05-18 19:06:31.006   881   881 I sysui_action: [289,ComponentInfo{com.pax.samplesalea/com.pax.samplesalea.SaleActivity}]
05-18 19:06:31.006   881   881 I sysui_multi_action: [757,289,758,4,806,ComponentInfo{com.pax.samplesalea/com.pax.samplesalea.SaleActivity}]
05-18 19:12:35.899   881   881 I sysui_action: [289,ComponentInfo{com.pax.samplesalea/com.pax.samplesalea.SaleActivity}]
05-18 19:12:35.899   881   881 I sysui_multi_action: [757,289,758,4,806,ComponentInfo{com.pax.samplesalea/com.pax.samplesalea.SaleActivity}]
05-18 19:12:57.915   881   881 I sysui_action: [289,ComponentInfo{com.pax.samplesalea/com.pax.samplesalea.SaleActivity}]
05-18 19:12:57.915   881   881 I sysui_multi_action: [757,289,758,4,806,ComponentInfo{com.pax.samplesalea/com.pax.samplesalea.SaleActivity}]
05-18 19:13:31.500   881   881 I sysui_action: [289,ComponentInfo{com.pax.samplesalea/com.pax.samplesalea.SaleActivity}]
05-18 19:13:31.500   881   881 I sysui_multi_action: [757,289,758,4,806,ComponentInfo{com.pax.samplesalea/com.pax.samplesalea.SaleActivity}]
05-18 19:17:27.276   881   881 I sysui_action: [318,ComponentInfo{com.pax.samplesalea/com.pax.samplesalea.SaleActivity}]
05-18 19:17:27.277   881   881 I sysui_multi_action: [757,318,758,4,806,ComponentInfo{com.pax.samplesalea/com.pax.samplesalea.SaleActivity}]
05-18 19:17:29.610   881   881 I sysui_action: [289,ComponentInfo{com.pax.samplesalea/com.pax.samplesalea.SaleActivity}]
05-18 19:17:29.610   881   881 I sysui_multi_action: [757,289,758,4,806,ComponentInfo{com.pax.samplesalea/com.pax.samplesalea.SaleActivity}]
05-18 19:18:58.998   881   881 I sysui_action: [289,ComponentInfo{com.pax.samplesalea/com.pax.samplesalea.SaleActivity}]
05-18 19:18:58.998   881   881 I sysui_multi_action: [757,289,758,4,806,ComponentInfo{com.pax.samplesalea/com.pax.samplesalea.SaleActivity}]
05-18 19:19:31.320   881   881 I sysui_action: [289,ComponentInfo{com.pax.samplesalea/com.pax.samplesalea.SaleActivity}]
05-18 19:19:31.320   881   881 I sysui_multi_action: [757,289,758,4,806,ComponentInfo{com.pax.samplesalea/com.pax.samplesalea.SaleActivity}]
05-18 19:19:36.925   296   444 D ENGPC   : parse_event: event { 'change', '/devices/platform/battery/power_supply/battery', 'power_supply', '' }
05-18 19:19:36.930   669   669 D BroadcastQueue: Add broadcast <BroadcastRecord{55e8754 u-1 android.intent.action.BATTERY_CHANGED}> into [parallel | background], pending size 0
05-18 19:19:36.933   669   683 D BroadcastQueue: Done with parallel broadcast [background] [BroadcastRecord{55e8754 u-1 android.intent.action.BATTERY_CHANGED}]
05-18 19:19:36.984   296   444 D ENGPC   : parse_event: event { 'change', '/devices/platform/battery/power_supply/battery', 'power_supply', '' }
05-18 19:19:38.884  5046  5055 W MessageQueue: Handler (android.os.Handler) {348cbc1} sending message to a Handler on a dead thread
05-18 19:19:38.884  5046  5055 W MessageQueue: java.lang.IllegalStateException: Handler (android.os.Handler) {348cbc1} sending message to a Handler on a dead thread
05-18 19:19:39.290  4925  5066 I appium  : AppiumResponse: {"sessionId":"None","value":[{"id":"e3c7a6f8-43cc-48b9-a78f-d50f27d38bb2","capabilities":{"appPackage":"com.pax.samplesalea","networkConnectionEnabled":true,"noReset":true,"ensureWebviewsHavePages":true,"warnings":{},"connectHardwareKeyboard":true,"databaseEnabled":false,"deviceName":"1852539389","p…
05-18 19:19:39.346  4925  5066 I appium  : AppiumResponse: {"sessionId":"e3c7a6f8-43cc-48b9-a78f-d50f27d38bb2","value":null}
05-18 19:19:39.435   669  1042 W InstrumentationWorkaround: finishing, instr not matched to packgeName com.google.android.exoplayer.gts aInfo = ApplicationInfo{b12dafb io.appium.uiautomator2.server} iInfo = InstrumentationInfo{58beab2 io.appium.uiautomator2.server.test}
05-18 19:19:39.437   669  1042 W InstrumentationWorkaround: finishing, instr not matched to packgeName com.google.android.media.gts aInfo = ApplicationInfo{b12dafb io.appium.uiautomator2.server} iInfo = InstrumentationInfo{58beab2 io.appium.uiautomator2.server.test}
05-18 19:19:39.437   669  1042 W InstrumentationWorkaround: finishing, instr not matched to packgeName android.jank.cts aInfo = ApplicationInfo{b12dafb io.appium.uiautomator2.server} iInfo = InstrumentationInfo{58beab2 io.appium.uiautomator2.server.test}
05-18 19:19:39.446   669  1042 W InstrumentationWorkaround: finishing, instr not matched to packgeName android.openglperf.cts aInfo = ApplicationInfo{b12dafb io.appium.uiautomator2.server} iInfo = InstrumentationInfo{58beab2 io.appium.uiautomator2.server.test}
05-18 19:19:39.454   669  1042 W InstrumentationWorkaround: finishing, instr not matched to packgeName android.media.cts aInfo = ApplicationInfo{b12dafb io.appium.uiautomator2.server} iInfo = InstrumentationInfo{58beab2 io.appium.uiautomator2.server.test}
05-18 19:19:39.454   669  1042 W InstrumentationWorkaround: finishing, instr not matched to packgeName android.autofillservice.cts aInfo = ApplicationInfo{b12dafb io.appium.uiautomator2.server} iInfo = InstrumentationInfo{58beab2 io.appium.uiautomator2.server.test}
05-18 19:19:39.846   669 16339 D BroadcastQueue: Add broadcast <BroadcastRecord{23f8643 u0 android.intent.action.PACKAGE_RESTARTED}> into [parallel | background], pending size 0
05-18 19:19:39.850   669   683 D BroadcastQueue: Done with parallel broadcast [background] [BroadcastRecord{23f8643 u0 android.intent.action.PACKAGE_RESTARTED}]
05-18 19:19:39.864   669 16339 D BroadcastQueue: Add broadcast <BroadcastRecord{ac6c4c0 u0 android.intent.action.PACKAGE_RESTARTED}> into [parallel | background], pending size 0
05-18 19:19:39.868   669   683 D BroadcastQueue: Done with parallel broadcast [background] [BroadcastRecord{ac6c4c0 u0 android.intent.action.PACKAGE_RESTARTED}]
05-18 19:19:40.336   669  1025 V AlarmManager: set(PendingIntent{5d6d008: PendingIntentRecord{e0933a1 android broadcastIntent}}) : type=3 triggerAtTime=35468362 win=225000 tElapsed=35468362 maxElapsed=35693362 interval=0 flags=0x8
05-18 19:19:41.045   669  1042 W InstrumentationWorkaround: starting, instr not matched to packgeName com.google.android.exoplayer.gts aInfo = ApplicationInfo{31475f9 io.appium.uiautomator2.server} iInfo = InstrumentationInfo{58beab2 io.appium.uiautomator2.server.test}
05-18 19:19:41.045   669  1042 W InstrumentationWorkaround: starting, instr not matched to packgeName com.google.android.media.gts aInfo = ApplicationInfo{31475f9 io.appium.uiautomator2.server} iInfo = InstrumentationInfo{58beab2 io.appium.uiautomator2.server.test}
05-18 19:19:41.045   669  1042 W InstrumentationWorkaround: starting, instr not matched to packgeName android.jank.cts aInfo = ApplicationInfo{31475f9 io.appium.uiautomator2.server} iInfo = InstrumentationInfo{58beab2 io.appium.uiautomator2.server.test}
05-18 19:19:41.045   669  1042 W InstrumentationWorkaround: starting, instr not matched to packgeName android.openglperf.cts aInfo = ApplicationInfo{31475f9 io.appium.uiautomator2.server} iInfo = InstrumentationInfo{58beab2 io.appium.uiautomator2.server.test}
05-18 19:19:41.046   669  1042 W InstrumentationWorkaround: starting, instr not matched to packgeName android.media.cts aInfo = ApplicationInfo{31475f9 io.appium.uiautomator2.server} iInfo = InstrumentationInfo{58beab2 io.appium.uiautomator2.server.test}
05-18 19:19:41.046   669  1042 W InstrumentationWorkaround: starting, instr not matched to packgeName android.autofillservice.cts aInfo = ApplicationInfo{31475f9 io.appium.uiautomator2.server} iInfo = InstrumentationInfo{58beab2 io.appium.uiautomator2.server.test}
05-18 19:19:41.535  1203  1441 W ContextImpl: Implicit intents with startService are not safe: Intent { act=com.pax.daemon.debug_status_icon } android.content.ContextWrapper.startService:662 com.pax.daemon.observer.ServerService.checkDebugStatus:1201 com.pax.daemon.observer.ServerService.-wrap1:0 
05-18 19:19:44.185  5093  5108 I appium  : buildConfig: {"VERSION_NAME":"9.9.0","APPLICATION_ID":"io.appium.uiautomator2.server","BUILD_TYPE":"debug","VERSION_CODE":244,"BUILD_TIME":"1764788595453","DEBUG":true,"FLAVOR":"server"}
05-18 19:19:46.412  5093  5116 I appium  : AppiumResponse: {"sessionId":"None","value":{"build":{"version":"9.9.0","versionCode":244},"message":"UiAutomator2 Server is ready to accept commands","ready":true}}
05-18 19:19:46.568  5093  5116 I appium  : Created the new session with id e060cd36-560e-42c5-91e1-180205131cf7 and capabilities {appPackage=com.pax.samplesalea, networkConnectionEnabled=true, disableWindowAnimation=true, noReset=true, dontStopAppOnReset=true, warnings={}, databaseEnabled=false, fullReset=false, deviceName=1852539389, platform=LINUX, deviceUDID=1852539389, appActivity=com.pax.samplesalea.SaleActivity, desired={platformName=ANDROID, autoGrantPermissions=true, disableWindowAnimation=true, appPackage=com.pax.samplesalea, appActivity=com.pax.samplesalea.SaleActivity, ignoreHiddenApiPolicyError=true, fullReset=false, noReset=true, automationName=UiAutomator2, udid=1852539389, newCommandTimeout=300.0, dontStopAppOnReset=true, deviceName=PaxA920Pro}, newCommandTimeout=300.0, automationName=UiAutomator2, webStorageEnabled=false, locationContextEnabled=false, autoGrantPermissions=true, takesScreenshot=true, javascriptEnabled=true, platformName=ANDROID, udid=1852539389, ignoreHiddenApiPolicyError=true}
05-18 19:19:46.714  5093  5116 I appium  : AppiumResponse: {"sessionId":"e060cd36-560e-42c5-91e1-180205131cf7","value":2.0}
05-18 19:19:46.751  5093  5117 I appium  : AppiumResponse: {"sessionId":"e060cd36-560e-42c5-91e1-180205131cf7","value":{"statusBar":48}}
05-18 19:19:46.754  5093  5118 I appium  : AppiumResponse: {"sessionId":"e060cd36-560e-42c5-91e1-180205131cf7","value":{"height":1440,"width":720}}
05-18 19:19:47.179  5093  5119 I appium  : AppiumResponse: {"sessionId":"e060cd36-560e-42c5-91e1-180205131cf7","value":{"androidId":"21c30c069584a3d5","apiVersion":"27","bluetooth":{"state":"OFF"},"brand":"PAX","carrierName":"","displayDensity":320,"locale":"tr_TR","manufacturer":"lephone","model":"A920Pro","networks":[{"capabilities":{"SSID":null,"linkDown…
05-18 19:19:47.279   669  1264 I ActivityManager: START u0 {act=android.intent.action.MAIN cat=[android.intent.category.LAUNCHER] flg=0x10200000 cmp=com.pax.samplesalea/.SaleActivity} from uid 2000, pid 5130
05-18 19:19:47.282   669  1264 W ActivityManager: startActivity ActivityRecord r=ActivityRecord{fe06bd8 u0 com.pax.samplesalea/.SaleActivity t-1}
05-18 19:19:47.294   669  1264 I ActivityManager: ->startActivity for ActivityRecord{fe06bd8 u0 com.pax.samplesalea/.SaleActivity t315} result:0
05-18 19:19:47.295   669  4769 W ActivityManager: top activity = ActivityRecord{fe06bd8 u0 com.pax.samplesalea/.SaleActivity t315}, paxActivityVerified=true
05-18 19:19:47.655   296   444 D ENGPC   : parse_event: event { 'change', '/devices/platform/battery/power_supply/battery', 'power_supply', '' }
05-18 19:19:49.614   669  1271 D WindowManager: Input focus has changed to Window{e7fd14c u0 com.pax.samplesalea/com.pax.samplesalea.SaleActivity}
05-18 19:19:51.866   296   444 D ENGPC   : parse_event: event { 'change', '/devices/platform/battery/power_supply/battery', 'power_supply', '' }
05-18 19:19:51.867   296   444 D ENGPC   : parse_event: event { 'change', '/devices/platform/battery/power_supply/battery', 'power_supply', '' }
05-18 19:19:53.664  5093  5119 I appium  : AppiumResponse: {"sessionId":"e060cd36-560e-42c5-91e1-180205131cf7","value":{"ELEMENT":"00000000-0000-0416-ffff-ffff00000000","element-6066-11e4-a52e-4f735466cecf":"00000000-0000-0416-ffff-ffff00000000"}}
05-18 19:19:53.751  5093  5119 I appium  : AppiumResponse: {"sessionId":"e060cd36-560e-42c5-91e1-180205131cf7","value":"true"}
05-18 19:19:54.469  5093  5119 I appium  : AppiumResponse: {"sessionId":"e060cd36-560e-42c5-91e1-180205131cf7","value":{"ELEMENT":"00000000-0000-0416-ffff-ffff00000000","element-6066-11e4-a52e-4f735466cecf":"00000000-0000-0416-ffff-ffff00000000"}}
05-18 19:19:55.187  5093  5119 I appium  : AppiumResponse: {"sessionId":"e060cd36-560e-42c5-91e1-180205131cf7","value":null}
05-18 19:19:55.819  5093  5119 I appium  : AppiumResponse: {"sessionId":"e060cd36-560e-42c5-91e1-180205131cf7","value":{"ELEMENT":"00000000-0000-0416-ffff-ffff00000016","element-6066-11e4-a52e-4f735466cecf":"00000000-0000-0416-ffff-ffff00000016"}}
05-18 19:19:55.923  5093  5119 I appium  : AppiumResponse: {"sessionId":"e060cd36-560e-42c5-91e1-180205131cf7","value":null}
05-18 19:19:56.151   669  1271 D BroadcastQueue: Add broadcast <BroadcastRecord{584fde4 u0 com.pax.intent.action.TransactionRequest}> into [ordered | background], pending size 0
05-18 19:19:56.151   669  1271 D BroadcastQueue: Header is BroadcastRecord{584fde4 u0 com.pax.intent.action.TransactionRequest} now
05-18 19:19:56.163   669  1271 I ActivityManager: START u0 {flg=0x10008000 pkg=com.pax.samplesalea cmp=com.pax.mainapp/.ManagerActivity (has extras)} from uid 10050, pid 2154
05-18 19:19:56.173   669  1271 W ActivityManager: startActivity ActivityRecord r=ActivityRecord{153c24d u0 com.pax.mainapp/.ManagerActivity t-1}
05-18 19:19:56.186   669  1271 I ActivityManager: ->startActivity for ActivityRecord{153c24d u0 com.pax.mainapp/.ManagerActivity t316} result:0
05-18 19:19:56.199   669  1271 D BroadcastQueue: Finished with ordered broadcast BroadcastRecord{584fde4 u0 com.pax.intent.action.TransactionRequest} receivers:(1) take 48ms in [background], remains 0
05-18 19:19:56.522   669  4769 D WindowManager: Input focus has changed to Window{551b098 u0 com.pax.mainapp/com.pax.mainapp.ManagerActivity}
05-18 19:19:56.693   669   669 D BroadcastQueue: Add broadcast <BroadcastRecord{b1fab0 u0 com.pax.refresh.inputMedthod}> into [parallel | background], pending size 0
05-18 19:19:56.693   669   683 D BroadcastQueue: Done with parallel broadcast [background] [BroadcastRecord{b1fab0 u0 com.pax.refresh.inputMedthod}]
05-18 19:19:56.815  5093  5119 I appium  : AppiumResponse: {"sessionId":"e060cd36-560e-42c5-91e1-180205131cf7","value":{"error":"no such element","message":"An element could not be located on the page using the given search parameters","stacktrace":"io.appium.uiautomator2.common.exceptions.ElementNotFoundException: An element could not be located on the page using the given search parameters\n\tat io.appium.uiautomator2.utils.ElementLocationHelpers.findElement(ElementLocationHelpers.java:153)\n\tat io.appium.uiautomator2.handler.FindElement.safeHandle(FindElement.java:60)\n\tat io.appium.uiautomator2.handler.request.SafeRequestHandler.handle(SafeRequestHandler.java:59)\n\tat io.appium.uiautomator2.server.AppiumServlet.handleRequest(AppiumServlet.java:267)\n\tat io.appium.uiautomator2.server.AppiumServlet.handleHttpRequest(AppiumServlet.java:261)\n\tat io.appium.uiautomator2.http.ServerHandler.channelRead(ServerHandler.java:77)\n\tat io.netty.channel.AbstractChannelHandlerContext.fireChannelRead(AbstractChannelHandlerContext.java:356)\n\tat io.netty.handler.codec.MessageToMessageDecoder.channelRead(MessageToMessageDecoder.java:107)\n\tat io.netty.channel.AbstractChannelHandlerContext.fireChannelRead(AbstractChannelHandlerContext.java:356)\n\tat io.netty.channel.CombinedChannelDuplexHandler$DelegatingChannelHandlerContext.fireChannelRead(CombinedChannelDuplexHandler.java:434)\n\tat io.netty.handler.codec.ByteToMessageDecoder.fireChannelRead(ByteToMessageDecoder.java:346)\n\tat io.netty.handler.codec.ByteToMessageDecoder.channelRead(ByteToMessageDecoder.java:318)\n\tat io.netty.channel.CombinedChannelDuplexHandler.channelRead(CombinedChannelDuplexHandler.java:249)\n\tat io.netty.channel.AbstractChannelHandlerContext.fireChannelRead(AbstractChannelHandlerContext.java:354)\n\tat io.netty.handler.timeout.IdleStateHandler.channelRead(IdleStateHandler.java:293)\n\tat io.netty.channel.AbstractChannelHandlerContext.fireChannelRead(AbstractChannelHandlerContext.java:354)\n\tat io.netty.channel.DefaultChannelPipeline$HeadContext.channelRead(DefaultChannelPipeline.java:1429)\n\tat io.netty.channel.DefaultChannelPipeline.fireChannelRead(DefaultChannelPipeline.java:918)\n\tat io.netty.channel.nio.AbstractNioByteChannel$NioByteUnsafe.read(AbstractNioByteChannel.java:168)\n\tat io.netty.channel.nio.AbstractNioChannel$AbstractNioUnsafe.handle(AbstractNioChannel.java:445)\n\tat io.netty.channel.nio.NioIoHandler$DefaultNioRegistration.handle(NioIoHandler.java:388)\n\tat io.netty.channel.nio.NioIoHandler.processSelectedKey(NioIoHandler.java:596)\n\tat io.netty.channel.nio.NioIoHandler.processSelectedKeysOptimized(NioIoHandler.java:571)\n\tat io.netty.channel.nio.NioIoHandler.processSelectedKeys(NioIoHandler.java:512)\n\tat io.netty.channel.nio.NioIoHandler.run(NioIoHandler.java:484)\n\tat io.netty.channel.SingleThreadIoEventLoop.runIo(SingleThreadIoEventLoop.java:225)\n\tat io.netty.channel.SingleThreadIoEventLoop.run(SingleThreadIoEventLoop.java:196)\n\tat io.netty.util.concurrent.SingleThreadEventExecutor$5.run(SingleThreadEventExecutor.java:1193)\n\tat io.netty.util.internal.ThreadExecutorMap$2.run(ThreadExecutorMap.java:74)\n\tat io.netty.util.concurrent.FastThreadLocalRunnable.run(FastThreadLocalRunnable.java:30)\n\tat java.lang.Thread.run(Thread.java:764)\n"}}
05-18 19:19:57.518   669 16339 D WindowManager: Input focus has changed to Window{6c8f4d6 u0 com.pax.mainapp/com.pax.mainapp.ManagerActivity}
05-18 19:19:57.545  1203  1441 W ContextImpl: Implicit intents with startService are not safe: Intent { act=com.pax.daemon.debug_status_icon } android.content.ContextWrapper.startService:662 com.pax.daemon.observer.ServerService.checkDebugStatus:1201 com.pax.daemon.observer.ServerService.-wrap1:0 
05-18 19:19:57.553   669   669 D BroadcastQueue: Add broadcast <BroadcastRecord{e2b69e3 u0 com.pax.refresh.inputMedthod}> into [parallel | background], pending size 0
05-18 19:19:57.554   669   683 D BroadcastQueue: Done with parallel broadcast [background] [BroadcastRecord{e2b69e3 u0 com.pax.refresh.inputMedthod}]
05-18 19:19:57.622   669   669 D BroadcastQueue: Add broadcast <BroadcastRecord{9031299 u0 com.pax.refresh.inputMedthod}> into [parallel | background], pending size 0
05-18 19:19:57.622   669   683 D BroadcastQueue: Done with parallel broadcast [background] [BroadcastRecord{9031299 u0 com.pax.refresh.inputMedthod}]
05-18 19:19:57.755   480  5233 I SPRDAVCDecoder: onQueueFilled, 1486, decRet: -9, 0ms, dec_out.frameEffective: 0, needIVOP: 1, in {0xa4364000, 0x10000000}, consume byte: 29, flag:0x90, SPS:1, PPS:0, pts:-6424177573342738760
05-18 19:19:57.757   480  5233 I SPRDAVCDecoder: onQueueFilled, 1486, decRet: -9, 0ms, dec_out.frameEffective: 0, needIVOP: 1, in {0xa4364000, 0x10000000}, consume byte: 9, flag:0x90, SPS:1, PPS:1, pts:-6424177573342738760
05-18 19:19:57.760   480  5233 I SPRDAVCDecoder: onQueueFilled, 1486, decRet: -9, 0ms, dec_out.frameEffective: 0, needIVOP: 1, in {0xa4364000, 0x10000000}, consume byte: 6, flag:0x10, SPS:1, PPS:1, pts:-6424177573342738760
05-18 19:19:57.760   480  5233 I SPRDAVCDecoder: onQueueFilled, 1486, decRet: -9, 0ms, dec_out.frameEffective: 0, needIVOP: 1, in {0xa4364000, 0x10000000}, consume byte: 29, flag:0x10, SPS:1, PPS:1, pts:-6424177573342738760
05-18 19:19:57.768   480  5233 I SPRDAVCDecoder: onQueueFilled, 1486, decRet: -9, 0ms, dec_out.frameEffective: 0, needIVOP: 1, in {0xa4364000, 0x10000000}, consume byte: 9, flag:0x10, SPS:1, PPS:1, pts:-6424177573342738760
05-18 19:19:57.768   480  5233 I SPRDAVCDecoder: onQueueFilled, 1486, decRet: -9, 0ms, dec_out.frameEffective: 0, needIVOP: 1, in {0xa4364000, 0x10000000}, consume byte: 3069, flag:0x10, SPS:1, PPS:1, pts:-6424177573342738760
05-18 19:19:57.789   480  5233 I SPRDAVCDecoder: onQueueFilled, 1486, decRet: 0, 20ms, dec_out.frameEffective: 0, needIVOP: 1, in {0xa4364000, 0x10000000}, consume byte: 77477, flag:0x10, SPS:1, PPS:1, pts:0
05-18 19:19:57.805   480  5233 I SPRDAVCDecoder: onQueueFilled, 1486, decRet: 0, 15ms, dec_out.frameEffective: 1, needIVOP: 0, in {0xa4364000, 0x10000000}, consume byte: 41360, flag:0x10, SPS:1, PPS:1, pts:40000
05-18 19:19:57.827   480  5233 I SPRDAVCDecoder: onQueueFilled, 1486, decRet: 0, 22ms, dec_out.frameEffective: 0, needIVOP: 0, in {0xa4364000, 0x10000000}, consume byte: 1117, flag:0x10, SPS:1, PPS:1, pts:0
05-18 19:19:57.848   480  5233 I SPRDAVCDecoder: onQueueFilled, 1486, decRet: 0, 20ms, dec_out.frameEffective: 1, needIVOP: 0, in {0xa4364000, 0x10000000}, consume byte: 1683, flag:0x10, SPS:1, PPS:1, pts:80000
05-18 19:19:57.869   480  5233 I SPRDAVCDecoder: onQueueFilled, 1486, decRet: 0, 20ms, dec_out.frameEffective: 1, needIVOP: 0, in {0xa4364000, 0x10000000}, consume byte: 2920, flag:0x10, SPS:1, PPS:1, pts:120000
05-18 19:19:57.885   480  5233 I SPRDAVCDecoder: onQueueFilled, 1486, decRet: 0, 15ms, dec_out.frameEffective: 1, needIVOP: 0, in {0xa4364000, 0x10000000}, consume byte: 27507, flag:0x10, SPS:1, PPS:1, pts:160000
05-18 19:19:57.906   480  5233 I SPRDAVCDecoder: onQueueFilled, 1486, decRet: 0, 20ms, dec_out.frameEffective: 1, needIVOP: 0, in {0xa4364000, 0x10000000}, consume byte: 7720, flag:0x10, SPS:1, PPS:1, pts:200000
05-18 19:19:57.931   480  5233 I SPRDAVCDecoder: onQueueFilled, 1486, decRet: 0, 24ms, dec_out.frameEffective: 1, needIVOP: 0, in {0xa4364000, 0x10000000}, consume byte: 7962, flag:0x10, SPS:1, PPS:1, pts:240000
05-18 19:19:57.947   480  5233 I SPRDAVCDecoder: onQueueFilled, 1486, decRet: 0, 15ms, dec_out.frameEffective: 1, needIVOP: 0, in {0xa4364000, 0x10000000}, consume byte: 39262, flag:0x10, SPS:1, PPS:1, pts:280000
05-18 19:19:57.967   480  5233 I SPRDAVCDecoder: onQueueFilled, 1486, decRet: 0, 19ms, dec_out.frameEffective: 1, needIVOP: 0, in {0xa4364000, 0x10000000}, consume byte: 12365, flag:0x10, SPS:1, PPS:1, pts:320000
05-18 19:19:57.990   480  5233 I SPRDAVCDecoder: onQueueFilled, 1486, decRet: 0, 21ms, dec_out.frameEffective: 1, needIVOP: 0, in {0xa4364000, 0x10000000}, consume byte: 10375, flag:0x10, SPS:1, PPS:1, pts:360000
05-18 19:19:58.006   480  5233 I SPRDAVCDecoder: onQueueFilled, 1486, decRet: 0, 16ms, dec_out.frameEffective: 1, needIVOP: 0, in {0xa4364000, 0x10000000}, consume byte: 62004, flag:0x10, SPS:1, PPS:1, pts:400000
05-18 19:19:58.027   480  5233 I SPRDAVCDecoder: onQueueFilled, 1486, decRet: 0, 20ms, dec_out.frameEffective: 1, needIVOP: 0, in {0xa4364000, 0x10000000}, consume byte: 15833, flag:0x10, SPS:1, PPS:1, pts:440000
05-18 19:19:58.048   480  5233 I SPRDAVCDecoder: onQueueFilled, 1486, decRet: 0, 20ms, dec_out.frameEffective: 1, needIVOP: 0, in {0xa4364000, 0x10000000}, consume byte: 18706, flag:0x10, SPS:1, PPS:1, pts:480000
05-18 19:19:58.075   480  5233 I SPRDAVCDecoder: onQueueFilled, 1486, decRet: 0, 20ms, dec_out.frameEffective: 1, needIVOP: 0, in {0xa4364000, 0x10000000}, consume byte: 17319, flag:0x10, SPS:1, PPS:1, pts:520000
05-18 19:19:58.116   480  5233 I SPRDAVCDecoder: onQueueFilled, 1486, decRet: 0, 15ms, dec_out.frameEffective: 1, needIVOP: 0, in {0xa4364000, 0x10000000}, consume byte: 50320, flag:0x10, SPS:1, PPS:1, pts:560000
05-18 19:19:58.151   480  5233 I SPRDAVCDecoder: onQueueFilled, 1486, decRet: 0, 20ms, dec_out.frameEffective: 1, needIVOP: 0, in {0xa4364000, 0x10000000}, consume byte: 22095, flag:0x10, SPS:1, PPS:1, pts:600000
05-18 19:19:58.197   480  5233 I SPRDAVCDecoder: onQueueFilled, 1486, decRet: 0, 19ms, dec_out.frameEffective: 1, needIVOP: 0, in {0xa4364000, 0x10000000}, consume byte: 32206, flag:0x10, SPS:1, PPS:1, pts:640000
05-18 19:19:58.197  5093  5119 I appium  : AppiumResponse: {"sessionId":"e060cd36-560e-42c5-91e1-180205131cf7","value":{"ELEMENT":"00000000-0000-0419-ffff-ffff000005dd","element-6066-11e4-a52e-4f735466cecf":"00000000-0000-0419-ffff-ffff000005dd"}}
05-18 19:19:58.227   480  5233 I SPRDAVCDecoder: onQueueFilled, 1486, decRet: 0, 19ms, dec_out.frameEffective: 1, needIVOP: 0, in {0xa4364000, 0x10000000}, consume byte: 26006, flag:0x10, SPS:1, PPS:1, pts:680000
05-18 19:19:58.315   480  5233 I SPRDAVCDecoder: onQueueFilled, 1486, decRet: 0, 15ms, dec_out.frameEffective: 1, needIVOP: 0, in {0xa4364000, 0x10000000}, consume byte: 62380, flag:0x10, SPS:1, PPS:1, pts:720000
05-18 19:19:58.336   480  5233 I SPRDAVCDecoder: onQueueFilled, 1486, decRet: 0, 19ms, dec_out.frameEffective: 1, needIVOP: 0, in {0xa4364000, 0x10000000}, consume byte: 26880, flag:0x10, SPS:1, PPS:1, pts:760000
05-18 19:19:58.356   480  5233 I SPRDAVCDecoder: onQueueFilled, 1486, decRet: 0, 19ms, dec_out.frameEffective: 1, needIVOP: 0, in {0xa4364000, 0x10000000}, consume byte: 30153, flag:0x10, SPS:1, PPS:1, pts:800000
05-18 19:19:58.428   480  5233 I SPRDAVCDecoder: onQueueFilled, 1486, decRet: 0, 19ms, dec_out.frameEffective: 1, needIVOP: 0, in {0xa4364000, 0x10000000}, consume byte: 9906, flag:0x10, SPS:1, PPS:1, pts:840000
05-18 19:19:58.469   480  5233 I SPRDAVCDecoder: onQueueFilled, 1486, decRet: 0, 14ms, dec_out.frameEffective: 1, needIVOP: 0, in {0xa4364000, 0x10000000}, consume byte: 5736, flag:0x10, SPS:1, PPS:1, pts:880000
05-18 19:19:58.489   480  5233 I SPRDAVCDecoder: onQueueFilled, 1486, decRet: 0, 19ms, dec_out.frameEffective: 1, needIVOP: 0, in {0xa4364000, 0x10000000}, consume byte: 213, flag:0x10, SPS:1, PPS:1, pts:920000
05-18 19:19:58.501   480  5233 I SPRDAVCDecoder: onQueueFilled, 1486, decRet: 0, 0ms, dec_out.frameEffective: 0, needIVOP: 0, in {0xa4364000, 0x10000000}, consume byte: 35, flag:0x10, SPS:1, PPS:1, pts:920000
05-18 19:19:58.502   480  5233 I SPRDAVCDecoder: onQueueFilled, 1486, decRet: 0, 0ms, dec_out.frameEffective: 0, needIVOP: 0, in {0xa4364000, 0x10000000}, consume byte: 9, flag:0x10, SPS:1, PPS:1, pts:920000
05-18 19:19:58.524   480  5233 I SPRDAVCDecoder: onQueueFilled, 1486, decRet: 0, 21ms, dec_out.frameEffective: 0, needIVOP: 0, in {0xa4364000, 0x10000000}, consume byte: 390227, flag:0x10, SPS:1, PPS:1, pts:0
05-18 19:19:58.546   480  5233 I SPRDAVCDecoder: onQueueFilled, 1486, decRet: 0, 15ms, dec_out.frameEffective: 1, needIVOP: 0, in {0xa4364000, 0x10000000}, consume byte: 2682, flag:0x10, SPS:1, PPS:1, pts:1040000
05-18 19:19:58.598   480  5233 I SPRDAVCDecoder: onQueueFilled, 1486, decRet: 0, 20ms, dec_out.frameEffective: 0, needIVOP: 0, in {0xa4364000, 0x10000000}, consume byte: 78, flag:0x10, SPS:1, PPS:1, pts:0
05-18 19:19:58.630   480  5233 I SPRDAVCDecoder: onQueueFilled, 1486, decRet: 0, 21ms, dec_out.frameEffective: 1, needIVOP: 0, in {0xa4364000, 0x10000000}, consume byte: 78, flag:0x10, SPS:1, PPS:1, pts:1080000
05-18 19:19:58.674  5093  5119 I appium  : AppiumResponse: {"sessionId":"e060cd36-560e-42c5-91e1-180205131cf7","value":"true"}
05-18 19:19:58.680   480  5233 I SPRDAVCDecoder: onQueueFilled, 1486, decRet: 0, 25ms, dec_out.frameEffective: 1, needIVOP: 0, in {0xa4364000, 0x10000000}, consume byte: 78, flag:0x10, SPS:1, PPS:1, pts:1120000
05-18 19:19:58.716   480  5233 I SPRDAVCDecoder: onQueueFilled, 1486, decRet: 0, 15ms, dec_out.frameEffective: 1, needIVOP: 0, in {0xa4364000, 0x10000000}, consume byte: 163, flag:0x10, SPS:1, PPS:1, pts:1160000
05-18 19:19:58.754   480  5233 I SPRDAVCDecoder: onQueueFilled, 1486, decRet: 0, 21ms, dec_out.frameEffective: 1, needIVOP: 0, in {0xa4364000, 0x10000000}, consume byte: 78, flag:0x10, SPS:1, PPS:1, pts:1200000
05-18 19:19:58.799   480  5233 I SPRDAVCDecoder: onQueueFilled, 1486, decRet: 0, 20ms, dec_out.frameEffective: 1, needIVOP: 0, in {0xa4364000, 0x10000000}, consume byte: 78, flag:0x10, SPS:1, PPS:1, pts:1240000
05-18 19:19:58.830   480  5233 I SPRDAVCDecoder: onQueueFilled, 1486, decRet: 0, 21ms, dec_out.frameEffective: 1, needIVOP: 0, in {0xa4364000, 0x10000000}, consume byte: 78, flag:0x10, SPS:1, PPS:1, pts:1280000
05-18 19:19:58.871   480  5233 I SPRDAVCDecoder: onQueueFilled, 1486, decRet: 0, 15ms, dec_out.frameEffective: 1, needIVOP: 0, in {0xa4364000, 0x10000000}, consume byte: 86, flag:0x10, SPS:1, PPS:1, pts:1320000
05-18 19:19:58.922   480  5233 I SPRDAVCDecoder: onQueueFilled, 1486, decRet: 0, 20ms, dec_out.frameEffective: 1, needIVOP: 0, in {0xa4364000, 0x10000000}, consume byte: 78, flag:0x10, SPS:1, PPS:1, pts:1360000
05-18 19:19:58.953   480  5233 I SPRDAVCDecoder: onQueueFilled, 1486, decRet: 0, 20ms, dec_out.frameEffective: 1, needIVOP: 0, in {0xa4364000, 0x10000000}, consume byte: 78, flag:0x10, SPS:1, PPS:1, pts:1400000
05-18 19:19:59.030   480  5233 I SPRDAVCDecoder: onQueueFilled, 1486, decRet: 0, 20ms, dec_out.frameEffective: 1, needIVOP: 0, in {0xa4364000, 0x10000000}, consume byte: 78, flag:0x10, SPS:1, PPS:1, pts:1440000
05-18 19:19:59.072   480  5233 I SPRDAVCDecoder: onQueueFilled, 1486, decRet: 0, 16ms, dec_out.frameEffective: 1, needIVOP: 0, in {0xa4364000, 0x10000000}, consume byte: 76068, flag:0x10, SPS:1, PPS:1, pts:1480000
05-18 19:19:59.095   480  5233 I SPRDAVCDecoder: onQueueFilled, 1486, decRet: 0, 22ms, dec_out.frameEffective: 1, needIVOP: 0, in {0xa4364000, 0x10000000}, consume byte: 165, flag:0x10, SPS:1, PPS:1, pts:1520000
05-18 19:19:59.122   480  5233 I SPRDAVCDecoder: onQueueFilled, 1486, decRet: 0, 20ms, dec_out.frameEffective: 1, needIVOP: 0, in {0xa4364000, 0x10000000}, consume byte: 8697, flag:0x10, SPS:1, PPS:1, pts:1560000
05-18 19:19:59.176  5093  5119 I appium  : AppiumResponse: {"sessionId":"e060cd36-560e-42c5-91e1-180205131cf7","value":{"ELEMENT":"00000000-0000-0419-ffff-ffff000005dd","element-6066-11e4-a52e-4f735466cecf":"00000000-0000-0419-ffff-ffff000005dd"}}
05-18 19:19:59.200   480  5233 I SPRDAVCDecoder: onQueueFilled, 1486, decRet: 0, 20ms, dec_out.frameEffective: 1, needIVOP: 0, in {0xa4364000, 0x10000000}, consume byte: 50735, flag:0x10, SPS:1, PPS:1, pts:1600000
05-18 19:19:59.225   480  5233 I SPRDAVCDecoder: onQueueFilled, 1486, decRet: 0, 15ms, dec_out.frameEffective: 1, needIVOP: 0, in {0xa4364000, 0x10000000}, consume byte: 126845, flag:0x10, SPS:1, PPS:1, pts:1640000
05-18 19:19:59.245   480  5233 I SPRDAVCDecoder: onQueueFilled, 1486, decRet: 0, 19ms, dec_out.frameEffective: 1, needIVOP: 0, in {0xa4364000, 0x10000000}, consume byte: 58414, flag:0x10, SPS:1, PPS:1, pts:1680000
05-18 19:19:59.276   480  5233 I SPRDAVCDecoder: onQueueFilled, 1486, decRet: 0, 20ms, dec_out.frameEffective: 1, needIVOP: 0, in {0xa4364000, 0x10000000}, consume byte: 60610, flag:0x10, SPS:1, PPS:1, pts:1720000
05-18 19:19:59.346   480  5233 I SPRDAVCDecoder: onQueueFilled, 1486, decRet: 0, 14ms, dec_out.frameEffective: 1, needIVOP: 0, in {0xa4364000, 0x10000000}, consume byte: 8650, flag:0x10, SPS:1, PPS:1, pts:1760000
05-18 19:19:59.356   669  4769 D WindowManager: Input focus has changed to Window{620c13f u0 com.pax.mainapp/com.pax.mainapp.ManagerActivity}
05-18 19:19:59.367   480  5233 I SPRDAVCDecoder: onQueueFilled, 1486, decRet: 0, 20ms, dec_out.frameEffective: 1, needIVOP: 0, in {0xa4364000, 0x10000000}, consume byte: 23236, flag:0x10, SPS:1, PPS:1, pts:1800000
05-18 19:19:59.425   669  4769 D WindowManager: Input focus has changed to Window{6c8f4d6 u0 com.pax.mainapp/com.pax.mainapp.ManagerActivity}
05-18 19:19:59.668   669   669 D BroadcastQueue: Add broadcast <BroadcastRecord{3039636 u0 com.pax.refresh.inputMedthod}> into [parallel | background], pending size 0
05-18 19:19:59.668   669   683 D BroadcastQueue: Done with parallel broadcast [background] [BroadcastRecord{3039636 u0 com.pax.refresh.inputMedthod}]
05-18 19:20:00.000   669   800 V AlarmManager: sending alarm Alarm{2dd2ea4 type 3 when 35188026 android}
05-18 19:20:00.001   669   800 D BroadcastQueue: Add broadcast <BroadcastRecord{33b040d u-1 android.intent.action.TIME_TICK}> into [ordered | foreground], pending size 0
05-18 19:20:00.001   669   800 D BroadcastQueue: Header is BroadcastRecord{33b040d u-1 android.intent.action.TIME_TICK} now
05-18 19:20:00.002   669   669 V AlarmManager: set(PendingIntent{92f1e8d: PendingIntentRecord{26d2842 android broadcastIntent}}) : type=3 triggerAtTime=35248025 win=0 tElapsed=35248025 maxElapsed=35248025 interval=0 flags=0x1
05-18 19:20:00.037   669  4769 D BroadcastQueue: Finished with ordered broadcast BroadcastRecord{33b040d u-1 android.intent.action.TIME_TICK} receivers:(10) take 36ms in [foreground], remains 0
05-18 19:20:00.638  5093  5119 I appium  : AppiumResponse: {"sessionId":"e060cd36-560e-42c5-91e1-180205131cf7","value":null}
05-18 19:20:00.749  5093  5119 I appium  : AppiumResponse: {"sessionId":"e060cd36-560e-42c5-91e1-180205131cf7","value":{"ELEMENT":"00000000-0000-0419-ffff-ffff000005e5","element-6066-11e4-a52e-4f735466cecf":"00000000-0000-0419-ffff-ffff000005e5"}}
05-18 19:20:00.813  5093  5119 I appium  : AppiumResponse: {"sessionId":"e060cd36-560e-42c5-91e1-180205131cf7","value":null}
05-18 19:20:01.361  5093  5119 I appium  : AppiumResponse: {"sessionId":"e060cd36-560e-42c5-91e1-180205131cf7","value":{"ELEMENT":"00000000-0000-0419-ffff-ffff000005e5","element-6066-11e4-a52e-4f735466cecf":"00000000-0000-0419-ffff-ffff000005e5"}}
05-18 19:20:01.448  5093  5119 I appium  : AppiumResponse: {"sessionId":"e060cd36-560e-42c5-91e1-180205131cf7","value":null}
05-18 19:20:01.993  5093  5119 I appium  : AppiumResponse: {"sessionId":"e060cd36-560e-42c5-91e1-180205131cf7","value":{"ELEMENT":"00000000-0000-0419-ffff-ffff000005e5","element-6066-11e4-a52e-4f735466cecf":"00000000-0000-0419-ffff-ffff000005e5"}}
05-18 19:20:02.092  5093  5119 I appium  : AppiumResponse: {"sessionId":"e060cd36-560e-42c5-91e1-180205131cf7","value":null}
05-18 19:20:02.872  5093  5119 I appium  : AppiumResponse: {"sessionId":"e060cd36-560e-42c5-91e1-180205131cf7","value":{"ELEMENT":"00000000-0000-0419-ffff-ffff000005ec","element-6066-11e4-a52e-4f735466cecf":"00000000-0000-0419-ffff-ffff000005ec"}}
05-18 19:20:02.924  5093  5119 I appium  : AppiumResponse: {"sessionId":"e060cd36-560e-42c5-91e1-180205131cf7","value":"true"}
05-18 19:20:03.245  5093  5119 I appium  : AppiumResponse: {"sessionId":"e060cd36-560e-42c5-91e1-180205131cf7","value":{"ELEMENT":"00000000-0000-0419-ffff-ffff000005ec","element-6066-11e4-a52e-4f735466cecf":"00000000-0000-0419-ffff-ffff000005ec"}}
05-18 19:20:03.339  5093  5119 I appium  : AppiumResponse: {"sessionId":"e060cd36-560e-42c5-91e1-180205131cf7","value":null}
05-18 19:20:04.173  5093  5119 I appium  : AppiumResponse: {"sessionId":"e060cd36-560e-42c5-91e1-180205131cf7","value":{"ELEMENT":"00000000-0000-0419-ffff-ffff000005ec","element-6066-11e4-a52e-4f735466cecf":"00000000-0000-0419-ffff-ffff000005ec"}}
05-18 19:20:04.240  5093  5119 I appium  : AppiumResponse: {"sessionId":"e060cd36-560e-42c5-91e1-180205131cf7","value":null}
05-18 19:20:05.101  5093  5119 I appium  : AppiumResponse: {"sessionId":"e060cd36-560e-42c5-91e1-180205131cf7","value":{"ELEMENT":"00000000-0000-0419-ffff-ffff000005ec","element-6066-11e4-a52e-4f735466cecf":"00000000-0000-0419-ffff-ffff000005ec"}}
05-18 19:20:05.791  5093  5119 I appium  : AppiumResponse: {"sessionId":"e060cd36-560e-42c5-91e1-180205131cf7","value":null}
05-18 19:20:06.545  5093  5119 I appium  : AppiumResponse: {"sessionId":"e060cd36-560e-42c5-91e1-180205131cf7","value":{"ELEMENT":"00000000-0000-0419-ffff-ffff000005ee","element-6066-11e4-a52e-4f735466cecf":"00000000-0000-0419-ffff-ffff000005ee"}}
05-18 19:20:06.601  5093  5119 I appium  : AppiumResponse: {"sessionId":"e060cd36-560e-42c5-91e1-180205131cf7","value":"true"}
05-18 19:20:06.877  5093  5119 I appium  : AppiumResponse: {"sessionId":"e060cd36-560e-42c5-91e1-180205131cf7","value":{"ELEMENT":"00000000-0000-0419-ffff-ffff000005ee","element-6066-11e4-a52e-4f735466cecf":"00000000-0000-0419-ffff-ffff000005ee"}}
05-18 19:20:06.924   296   444 D ENGPC   : parse_event: event { 'change', '/devices/platform/battery/power_supply/battery', 'power_supply', '' }
05-18 19:20:06.929   669   669 D BroadcastQueue: Add broadcast <BroadcastRecord{6d5ae3c u-1 android.intent.action.BATTERY_CHANGED}> into [parallel | background], pending size 0
05-18 19:20:06.932   669   683 D BroadcastQueue: Done with parallel broadcast [background] [BroadcastRecord{6d5ae3c u-1 android.intent.action.BATTERY_CHANGED}]
05-18 19:20:06.955  5093  5119 I appium  : AppiumResponse: {"sessionId":"e060cd36-560e-42c5-91e1-180205131cf7","value":null}
05-18 19:20:06.984   296   444 D ENGPC   : parse_event: event { 'change', '/devices/platform/battery/power_supply/battery', 'power_supply', '' }
05-18 19:20:07.770  5093  5119 I appium  : AppiumResponse: {"sessionId":"e060cd36-560e-42c5-91e1-180205131cf7","value":{"ELEMENT":"00000000-0000-0419-ffff-ffff000005ee","element-6066-11e4-a52e-4f735466cecf":"00000000-0000-0419-ffff-ffff000005ee"}}
05-18 19:20:07.828  5093  5119 I appium  : AppiumResponse: {"sessionId":"e060cd36-560e-42c5-91e1-180205131cf7","value":null}
05-18 19:20:08.531  5093  5119 I appium  : AppiumResponse: {"sessionId":"e060cd36-560e-42c5-91e1-180205131cf7","value":{"ELEMENT":"00000000-0000-0419-ffff-ffff000005ee","element-6066-11e4-a52e-4f735466cecf":"00000000-0000-0419-ffff-ffff000005ee"}}
05-18 19:20:08.610  5093  5119 I appium  : AppiumResponse: {"sessionId":"e060cd36-560e-42c5-91e1-180205131cf7","value":null}
05-18 19:20:09.306   669  1025 V AlarmManager: set(PendingIntent{5d6d008: PendingIntentRecord{e0933a1 android broadcastIntent}}) : type=3 triggerAtTime=35497331 win=224999 tElapsed=35497331 maxElapsed=35722330 interval=0 flags=0x8
05-18 19:20:09.885  5278  5278 I Input   : injectKeyEvent: KeyEvent { action=ACTION_DOWN, keyCode=KEYCODE_ESCAPE, scanCode=0, metaState=0, flags=0x0, repeatCount=0, eventTime=35197911, downTime=35197911, deviceId=-1, source=0x101 }
05-18 19:20:09.893   669   803 D WindowManager: Unhandled key: win=Window{6c8f4d6 u0 com.pax.mainapp/com.pax.mainapp.ManagerActivity}, action=0, flags=0, keyCode=111, scanCode=0, metaState=0, repeatCount=0, policyFlags=1795162112
05-18 19:20:09.895   669   803 D WindowManager: Performing fallback: KeyEvent { action=ACTION_DOWN, keyCode=KEYCODE_BACK, scanCode=0, metaState=0, flags=0x400, repeatCount=0, eventTime=35197911, downTime=35197911, deviceId=-1, source=0x101 }
05-18 19:20:09.896  5278  5278 I Input   : injectKeyEvent: KeyEvent { action=ACTION_UP, keyCode=KEYCODE_ESCAPE, scanCode=0, metaState=0, flags=0x0, repeatCount=0, eventTime=35197911, downTime=35197911, deviceId=-1, source=0x101 }
05-18 19:20:09.899   669   803 D WindowManager: Unhandled key: win=Window{6c8f4d6 u0 com.pax.mainapp/com.pax.mainapp.ManagerActivity}, action=1, flags=0, keyCode=111, scanCode=0, metaState=0, repeatCount=0, policyFlags=1795162112
05-18 19:20:09.901   669   803 D WindowManager: Performing fallback: KeyEvent { action=ACTION_UP, keyCode=KEYCODE_BACK, scanCode=0, metaState=0, flags=0x400, repeatCount=0, eventTime=35197911, downTime=35197911, deviceId=-1, source=0x101 }
05-18 19:20:10.765  5093  5119 I appium  : AppiumResponse: {"sessionId":"e060cd36-560e-42c5-91e1-180205131cf7","value":{"ELEMENT":"00000000-0000-0419-ffff-ffff000005e9","element-6066-11e4-a52e-4f735466cecf":"00000000-0000-0419-ffff-ffff000005e9"}}
05-18 19:20:10.851  5093  5119 I appium  : AppiumResponse: {"sessionId":"e060cd36-560e-42c5-91e1-180205131cf7","value":null}
05-18 19:20:10.876   669  1264 D WindowManager: Input focus has changed to Window{41b95c3 u0 com.pax.mainapp/com.pax.mainapp.ManagerActivity}
05-18 19:20:11.187  5184  5203 D TransactionReceiver: Received: {"cardEvent":{"ctlssReturnEvent":{},"eventData":{"cardType":0,"cvv":"459","expDate":"1128","pan":"4506349096399805","value":"10000","vuk507Info":false},"eventResponse":{"acquireList":[],"binLength":0},"baseResponse":{},"eventHeader":{"type":"manuel","version":"1.0"}},"eventData":{"amount":"10000","currencyCode":"0949","installmentCount":0,"slipInfo":{"detail":-1,"needPrint":false,"printType":0},"tranNo":0,"tranType":1,"transactionId":"19459f69-fcb8-4d5f-aa18-c02fee166615","vuk507Info":false},"eventResponse":{"binLength":0},"menuEvent":{"eventData":{},"eventResponse":{},"baseResponse":{},"eventHeader":{"version":"1.0"}},"settlementEvent":{"eventResponse":{},"baseResponse":{},"eventHeader":{"version":"1.0"}},"baseResponse":{},"eventHeader":{"command":"is","type":"vertical","version":"1.0"}}
05-18 19:20:11.620  5093  5119 I appium  : AppiumResponse: {"sessionId":"e060cd36-560e-42c5-91e1-180205131cf7","value":{"error":"no such element","message":"An element could not be located on the page using the given search parameters","stacktrace":"io.appium.uiautomator2.common.exceptions.ElementNotFoundException: An element could not be located on the page using the given search parameters\n\tat io.appium.uiautomator2.utils.ElementLocationHelpers.findElement(ElementLocationHelpers.java:153)\n\tat io.appium.uiautomator2.handler.FindElement.safeHandle(FindElement.java:60)\n\tat io.appium.uiautomator2.handler.request.SafeRequestHandler.handle(SafeRequestHandler.java:59)\n\tat io.appium.uiautomator2.server.AppiumServlet.handleRequest(AppiumServlet.java:267)\n\tat io.appium.uiautomator2.server.AppiumServlet.handleHttpRequest(AppiumServlet.java:261)\n\tat io.appium.uiautomator2.http.ServerHandler.channelRead(ServerHandler.java:77)\n\tat io.netty.channel.AbstractChannelHandlerContext.fireChannelRead(AbstractChannelHandlerContext.java:356)\n\tat io.netty.handler.codec.MessageToMessageDecoder.channelRead(MessageToMessageDecoder.java:107)\n\tat io.netty.channel.AbstractChannelHandlerContext.fireChannelRead(AbstractChannelHandlerContext.java:356)\n\tat io.netty.channel.CombinedChannelDuplexHandler$DelegatingChannelHandlerContext.fireChannelRead(CombinedChannelDuplexHandler.java:434)\n\tat io.netty.handler.codec.ByteToMessageDecoder.fireChannelRead(ByteToMessageDecoder.java:346)\n\tat io.netty.handler.codec.ByteToMessageDecoder.channelRead(ByteToMessageDecoder.java:318)\n\tat io.netty.channel.CombinedChannelDuplexHandler.channelRead(CombinedChannelDuplexHandler.java:249)\n\tat io.netty.channel.AbstractChannelHandlerContext.fireChannelRead(AbstractChannelHandlerContext.java:354)\n\tat io.netty.handler.timeout.IdleStateHandler.channelRead(IdleStateHandler.java:293)\n\tat io.netty.channel.AbstractChannelHandlerContext.fireChannelRead(AbstractChannelHandlerContext.java:354)\n\tat io.netty.channel.DefaultChannelPipeline$HeadContext.channelRead(DefaultChannelPipeline.java:1429)\n\tat io.netty.channel.DefaultChannelPipeline.fireChannelRead(DefaultChannelPipeline.java:918)\n\tat io.netty.channel.nio.AbstractNioByteChannel$NioByteUnsafe.read(AbstractNioByteChannel.java:168)\n\tat io.netty.channel.nio.AbstractNioChannel$AbstractNioUnsafe.handle(AbstractNioChannel.java:445)\n\tat io.netty.channel.nio.NioIoHandler$DefaultNioRegistration.handle(NioIoHandler.java:388)\n\tat io.netty.channel.nio.NioIoHandler.processSelectedKey(NioIoHandler.java:596)\n\tat io.netty.channel.nio.NioIoHandler.processSelectedKeysOptimized(NioIoHandler.java:571)\n\tat io.netty.channel.nio.NioIoHandler.processSelectedKeys(NioIoHandler.java:512)\n\tat io.netty.channel.nio.NioIoHandler.run(NioIoHandler.java:484)\n\tat io.netty.channel.SingleThreadIoEventLoop.runIo(SingleThreadIoEventLoop.java:225)\n\tat io.netty.channel.SingleThreadIoEventLoop.run(SingleThreadIoEventLoop.java:196)\n\tat io.netty.util.concurrent.SingleThreadEventExecutor$5.run(SingleThreadEventExecutor.java:1193)\n\tat io.netty.util.internal.ThreadExecutorMap$2.run(ThreadExecutorMap.java:74)\n\tat io.netty.util.concurrent.FastThreadLocalRunnable.run(FastThreadLocalRunnable.java:30)\n\tat java.lang.Thread.run(Thread.java:764)\n"}}
05-18 19:20:11.732   669  1264 D BroadcastQueue: Add broadcast <BroadcastRecord{6a9d179 u0 com.pax.intent.action.TransactionUpdateRequest}> into [ordered | background], pending size 0
05-18 19:20:11.732   669  1264 D BroadcastQueue: Header is BroadcastRecord{6a9d179 u0 com.pax.intent.action.TransactionUpdateRequest} now
05-18 19:20:11.869   669  1264 D BroadcastQueue: Finished with ordered broadcast BroadcastRecord{6a9d179 u0 com.pax.intent.action.TransactionUpdateRequest} receivers:(1) take 137ms in [background], remains 0
05-18 19:20:11.908   669  1264 I ActivityManager: START u0 {flg=0x10010000 cmp=com.pax.mainapp/.StarterActivity (has extras)} from uid 10050, pid 2154
05-18 19:20:11.909   669  1264 W ActivityManager: startActivity ActivityRecord r=ActivityRecord{b73ebe u0 com.pax.mainapp/.StarterActivity t-1}
05-18 19:20:11.932   669  1264 I ActivityManager: ->startActivity for ActivityRecord{b73ebe u0 com.pax.mainapp/.StarterActivity t316} result:0
05-18 19:20:12.018   669  4769 I ActivityManager: START u0 {act=com.pax.intent.action.EVENT flg=0x10020 cmp=com.pax.techpos/.StarterActivity (has extras)} from uid 10050, pid 2154
05-18 19:20:12.028   669  4769 W ActivityManager: startActivity ActivityRecord r=ActivityRecord{277fa3b u0 com.pax.techpos/.StarterActivity t-1}
05-18 19:20:12.055   669  4769 I ActivityManager: ->startActivity for ActivityRecord{277fa3b u0 com.pax.techpos/.StarterActivity t316} result:0
05-18 19:20:12.382  5093  5119 I appium  : AppiumResponse: {"sessionId":"e060cd36-560e-42c5-91e1-180205131cf7","value":{"error":"no such element","message":"An element could not be located on the page using the given search parameters","stacktrace":"io.appium.uiautomator2.common.exceptions.ElementNotFoundException: An element could not be located on the page using the given search parameters\n\tat io.appium.uiautomator2.utils.ElementLocationHelpers.findElement(ElementLocationHelpers.java:153)\n\tat io.appium.uiautomator2.handler.FindElement.safeHandle(FindElement.java:60)\n\tat io.appium.uiautomator2.handler.request.SafeRequestHandler.handle(SafeRequestHandler.java:59)\n\tat io.appium.uiautomator2.server.AppiumServlet.handleRequest(AppiumServlet.java:267)\n\tat io.appium.uiautomator2.server.AppiumServlet.handleHttpRequest(AppiumServlet.java:261)\n\tat io.appium.uiautomator2.http.ServerHandler.channelRead(ServerHandler.java:77)\n\tat io.netty.channel.AbstractChannelHandlerContext.fireChannelRead(AbstractChannelHandlerContext.java:356)\n\tat io.netty.handler.codec.MessageToMessageDecoder.channelRead(MessageToMessageDecoder.java:107)\n\tat io.netty.channel.AbstractChannelHandlerContext.fireChannelRead(AbstractChannelHandlerContext.java:356)\n\tat io.netty.channel.CombinedChannelDuplexHandler$DelegatingChannelHandlerContext.fireChannelRead(CombinedChannelDuplexHandler.java:434)\n\tat io.netty.handler.codec.ByteToMessageDecoder.fireChannelRead(ByteToMessageDecoder.java:346)\n\tat io.netty.handler.codec.ByteToMessageDecoder.channelRead(ByteToMessageDecoder.java:318)\n\tat io.netty.channel.CombinedChannelDuplexHandler.channelRead(CombinedChannelDuplexHandler.java:249)\n\tat io.netty.channel.AbstractChannelHandlerContext.fireChannelRead(AbstractChannelHandlerContext.java:354)\n\tat io.netty.handler.timeout.IdleStateHandler.channelRead(IdleStateHandler.java:293)\n\tat io.netty.channel.AbstractChannelHandlerContext.fireChannelRead(AbstractChannelHandlerContext.java:354)\n\tat io.netty.channel.DefaultChannelPipeline$HeadContext.channelRead(DefaultChannelPipeline.java:1429)\n\tat io.netty.channel.DefaultChannelPipeline.fireChannelRead(DefaultChannelPipeline.java:918)\n\tat io.netty.channel.nio.AbstractNioByteChannel$NioByteUnsafe.read(AbstractNioByteChannel.java:168)\n\tat io.netty.channel.nio.AbstractNioChannel$AbstractNioUnsafe.handle(AbstractNioChannel.java:445)\n\tat io.netty.channel.nio.NioIoHandler$DefaultNioRegistration.handle(NioIoHandler.java:388)\n\tat io.netty.channel.nio.NioIoHandler.processSelectedKey(NioIoHandler.java:596)\n\tat io.netty.channel.nio.NioIoHandler.processSelectedKeysOptimized(NioIoHandler.java:571)\n\tat io.netty.channel.nio.NioIoHandler.processSelectedKeys(NioIoHandler.java:512)\n\tat io.netty.channel.nio.NioIoHandler.run(NioIoHandler.java:484)\n\tat io.netty.channel.SingleThreadIoEventLoop.runIo(SingleThreadIoEventLoop.java:225)\n\tat io.netty.channel.SingleThreadIoEventLoop.run(SingleThreadIoEventLoop.java:196)\n\tat io.netty.util.concurrent.SingleThreadEventExecutor$5.run(SingleThreadEventExecutor.java:1193)\n\tat io.netty.util.internal.ThreadExecutorMap$2.run(ThreadExecutorMap.java:74)\n\tat io.netty.util.concurrent.FastThreadLocalRunnable.run(FastThreadLocalRunnable.java:30)\n\tat java.lang.Thread.run(Thread.java:764)\n"}}
05-18 19:20:13.069  5093  5119 I appium  : AppiumResponse: {"sessionId":"e060cd36-560e-42c5-91e1-180205131cf7","value":{"error":"no such element","message":"An element could not be located on the page using the given search parameters","stacktrace":"io.appium.uiautomator2.common.exceptions.ElementNotFoundException: An element could not be located on the page using the given search parameters\n\tat io.appium.uiautomator2.utils.ElementLocationHelpers.findElement(ElementLocationHelpers.java:153)\n\tat io.appium.uiautomator2.handler.FindElement.safeHandle(FindElement.java:60)\n\tat io.appium.uiautomator2.handler.request.SafeRequestHandler.handle(SafeRequestHandler.java:59)\n\tat io.appium.uiautomator2.server.AppiumServlet.handleRequest(AppiumServlet.java:267)\n\tat io.appium.uiautomator2.server.AppiumServlet.handleHttpRequest(AppiumServlet.java:261)\n\tat io.appium.uiautomator2.http.ServerHandler.channelRead(ServerHandler.java:77)\n\tat io.netty.channel.AbstractChannelHandlerContext.fireChannelRead(AbstractChannelHandlerContext.java:356)\n\tat io.netty.handler.codec.MessageToMessageDecoder.channelRead(MessageToMessageDecoder.java:107)\n\tat io.netty.channel.AbstractChannelHandlerContext.fireChannelRead(AbstractChannelHandlerContext.java:356)\n\tat io.netty.channel.CombinedChannelDuplexHandler$DelegatingChannelHandlerContext.fireChannelRead(CombinedChannelDuplexHandler.java:434)\n\tat io.netty.handler.codec.ByteToMessageDecoder.fireChannelRead(ByteToMessageDecoder.java:346)\n\tat io.netty.handler.codec.ByteToMessageDecoder.channelRead(ByteToMessageDecoder.java:318)\n\tat io.netty.channel.CombinedChannelDuplexHandler.channelRead(CombinedChannelDuplexHandler.java:249)\n\tat io.netty.channel.AbstractChannelHandlerContext.fireChannelRead(AbstractChannelHandlerContext.java:354)\n\tat io.netty.handler.timeout.IdleStateHandler.channelRead(IdleStateHandler.java:293)\n\tat io.netty.channel.AbstractChannelHandlerContext.fireChannelRead(AbstractChannelHandlerContext.java:354)\n\tat io.netty.channel.DefaultChannelPipeline$HeadContext.channelRead(DefaultChannelPipeline.java:1429)\n\tat io.netty.channel.DefaultChannelPipeline.fireChannelRead(DefaultChannelPipeline.java:918)\n\tat io.netty.channel.nio.AbstractNioByteChannel$NioByteUnsafe.read(AbstractNioByteChannel.java:168)\n\tat io.netty.channel.nio.AbstractNioChannel$AbstractNioUnsafe.handle(AbstractNioChannel.java:445)\n\tat io.netty.channel.nio.NioIoHandler$DefaultNioRegistration.handle(NioIoHandler.java:388)\n\tat io.netty.channel.nio.NioIoHandler.processSelectedKey(NioIoHandler.java:596)\n\tat io.netty.channel.nio.NioIoHandler.processSelectedKeysOptimized(NioIoHandler.java:571)\n\tat io.netty.channel.nio.NioIoHandler.processSelectedKeys(NioIoHandler.java:512)\n\tat io.netty.channel.nio.NioIoHandler.run(NioIoHandler.java:484)\n\tat io.netty.channel.SingleThreadIoEventLoop.runIo(SingleThreadIoEventLoop.java:225)\n\tat io.netty.channel.SingleThreadIoEventLoop.run(SingleThreadIoEventLoop.java:196)\n\tat io.netty.util.concurrent.SingleThreadEventExecutor$5.run(SingleThreadEventExecutor.java:1193)\n\tat io.netty.util.internal.ThreadExecutorMap$2.run(ThreadExecutorMap.java:74)\n\tat io.netty.util.concurrent.FastThreadLocalRunnable.run(FastThreadLocalRunnable.java:30)\n\tat java.lang.Thread.run(Thread.java:764)\n"}}
05-18 19:20:13.354   669  1271 I ActivityManager: START u0 {act=com.pax.techpos.USER_ACTION cmp=com.pax.techpos/.MainActivity (has extras)} from uid 10055, pid 5184
05-18 19:20:13.354   669  1271 W ActivityManager: startActivity ActivityRecord r=ActivityRecord{abccf04 u0 com.pax.techpos/.MainActivity t-1}
05-18 19:20:13.368   669  1271 I ActivityManager: ->startActivity for ActivityRecord{abccf04 u0 com.pax.techpos/.MainActivity t316} result:0
05-18 19:20:13.778  5093  5119 I appium  : AppiumResponse: {"sessionId":"e060cd36-560e-42c5-91e1-180205131cf7","value":{"error":"no such element","message":"An element could not be located on the page using the given search parameters","stacktrace":"io.appium.uiautomator2.common.exceptions.ElementNotFoundException: An element could not be located on the page using the given search parameters\n\tat io.appium.uiautomator2.utils.ElementLocationHelpers.findElement(ElementLocationHelpers.java:153)\n\tat io.appium.uiautomator2.handler.FindElement.safeHandle(FindElement.java:60)\n\tat io.appium.uiautomator2.handler.request.SafeRequestHandler.handle(SafeRequestHandler.java:59)\n\tat io.appium.uiautomator2.server.AppiumServlet.handleRequest(AppiumServlet.java:267)\n\tat io.appium.uiautomator2.server.AppiumServlet.handleHttpRequest(AppiumServlet.java:261)\n\tat io.appium.uiautomator2.http.ServerHandler.channelRead(ServerHandler.java:77)\n\tat io.netty.channel.AbstractChannelHandlerContext.fireChannelRead(AbstractChannelHandlerContext.java:356)\n\tat io.netty.handler.codec.MessageToMessageDecoder.channelRead(MessageToMessageDecoder.java:107)\n\tat io.netty.channel.AbstractChannelHandlerContext.fireChannelRead(AbstractChannelHandlerContext.java:356)\n\tat io.netty.channel.CombinedChannelDuplexHandler$DelegatingChannelHandlerContext.fireChannelRead(CombinedChannelDuplexHandler.java:434)\n\tat io.netty.handler.codec.ByteToMessageDecoder.fireChannelRead(ByteToMessageDecoder.java:346)\n\tat io.netty.handler.codec.ByteToMessageDecoder.channelRead(ByteToMessageDecoder.java:318)\n\tat io.netty.channel.CombinedChannelDuplexHandler.channelRead(CombinedChannelDuplexHandler.java:249)\n\tat io.netty.channel.AbstractChannelHandlerContext.fireChannelRead(AbstractChannelHandlerContext.java:354)\n\tat io.netty.handler.timeout.IdleStateHandler.channelRead(IdleStateHandler.java:293)\n\tat io.netty.channel.AbstractChannelHandlerContext.fireChannelRead(AbstractChannelHandlerContext.java:354)\n\tat io.netty.channel.DefaultChannelPipeline$HeadContext.channelRead(DefaultChannelPipeline.java:1429)\n\tat io.netty.channel.DefaultChannelPipeline.fireChannelRead(DefaultChannelPipeline.java:918)\n\tat io.netty.channel.nio.AbstractNioByteChannel$NioByteUnsafe.read(AbstractNioByteChannel.java:168)\n\tat io.netty.channel.nio.AbstractNioChannel$AbstractNioUnsafe.handle(AbstractNioChannel.java:445)\n\tat io.netty.channel.nio.NioIoHandler$DefaultNioRegistration.handle(NioIoHandler.java:388)\n\tat io.netty.channel.nio.NioIoHandler.processSelectedKey(NioIoHandler.java:596)\n\tat io.netty.channel.nio.NioIoHandler.processSelectedKeysOptimized(NioIoHandler.java:571)\n\tat io.netty.channel.nio.NioIoHandler.processSelectedKeys(NioIoHandler.java:512)\n\tat io.netty.channel.nio.NioIoHandler.run(NioIoHandler.java:484)\n\tat io.netty.channel.SingleThreadIoEventLoop.runIo(SingleThreadIoEventLoop.java:225)\n\tat io.netty.channel.SingleThreadIoEventLoop.run(SingleThreadIoEventLoop.java:196)\n\tat io.netty.util.concurrent.SingleThreadEventExecutor$5.run(SingleThreadEventExecutor.java:1193)\n\tat io.netty.util.internal.ThreadExecutorMap$2.run(ThreadExecutorMap.java:74)\n\tat io.netty.util.concurrent.FastThreadLocalRunnable.run(FastThreadLocalRunnable.java:30)\n\tat java.lang.Thread.run(Thread.java:764)\n"}}
05-18 19:20:14.470  5093  5119 I appium  : AppiumResponse: {"sessionId":"e060cd36-560e-42c5-91e1-180205131cf7","value":{"error":"no such element","message":"An element could not be located on the page using the given search parameters","stacktrace":"io.appium.uiautomator2.common.exceptions.ElementNotFoundException: An element could not be located on the page using the given search parameters\n\tat io.appium.uiautomator2.utils.ElementLocationHelpers.findElement(ElementLocationHelpers.java:153)\n\tat io.appium.uiautomator2.handler.FindElement.safeHandle(FindElement.java:60)\n\tat io.appium.uiautomator2.handler.request.SafeRequestHandler.handle(SafeRequestHandler.java:59)\n\tat io.appium.uiautomator2.server.AppiumServlet.handleRequest(AppiumServlet.java:267)\n\tat io.appium.uiautomator2.server.AppiumServlet.handleHttpRequest(AppiumServlet.java:261)\n\tat io.appium.uiautomator2.http.ServerHandler.channelRead(ServerHandler.java:77)\n\tat io.netty.channel.AbstractChannelHandlerContext.fireChannelRead(AbstractChannelHandlerContext.java:356)\n\tat io.netty.handler.codec.MessageToMessageDecoder.channelRead(MessageToMessageDecoder.java:107)\n\tat io.netty.channel.AbstractChannelHandlerContext.fireChannelRead(AbstractChannelHandlerContext.java:356)\n\tat io.netty.channel.CombinedChannelDuplexHandler$DelegatingChannelHandlerContext.fireChannelRead(CombinedChannelDuplexHandler.java:434)\n\tat io.netty.handler.codec.ByteToMessageDecoder.fireChannelRead(ByteToMessageDecoder.java:346)\n\tat io.netty.handler.codec.ByteToMessageDecoder.channelRead(ByteToMessageDecoder.java:318)\n\tat io.netty.channel.CombinedChannelDuplexHandler.channelRead(CombinedChannelDuplexHandler.java:249)\n\tat io.netty.channel.AbstractChannelHandlerContext.fireChannelRead(AbstractChannelHandlerContext.java:354)\n\tat io.netty.handler.timeout.IdleStateHandler.channelRead(IdleStateHandler.java:293)\n\tat io.netty.channel.AbstractChannelHandlerContext.fireChannelRead(AbstractChannelHandlerContext.java:354)\n\tat io.netty.channel.DefaultChannelPipeline$HeadContext.channelRead(DefaultChannelPipeline.java:1429)\n\tat io.netty.channel.DefaultChannelPipeline.fireChannelRead(DefaultChannelPipeline.java:918)\n\tat io.netty.channel.nio.AbstractNioByteChannel$NioByteUnsafe.read(AbstractNioByteChannel.java:168)\n\tat io.netty.channel.nio.AbstractNioChannel$AbstractNioUnsafe.handle(AbstractNioChannel.java:445)\n\tat io.netty.channel.nio.NioIoHandler$DefaultNioRegistration.handle(NioIoHandler.java:388)\n\tat io.netty.channel.nio.NioIoHandler.processSelectedKey(NioIoHandler.java:596)\n\tat io.netty.channel.nio.NioIoHandler.processSelectedKeysOptimized(NioIoHandler.java:571)\n\tat io.netty.channel.nio.NioIoHandler.processSelectedKeys(NioIoHandler.java:512)\n\tat io.netty.channel.nio.NioIoHandler.run(NioIoHandler.java:484)\n\tat io.netty.channel.SingleThreadIoEventLoop.runIo(SingleThreadIoEventLoop.java:225)\n\tat io.netty.channel.SingleThreadIoEventLoop.run(SingleThreadIoEventLoop.java:196)\n\tat io.netty.util.concurrent.SingleThreadEventExecutor$5.run(SingleThreadEventExecutor.java:1193)\n\tat io.netty.util.internal.ThreadExecutorMap$2.run(ThreadExecutorMap.java:74)\n\tat io.netty.util.concurrent.FastThreadLocalRunnable.run(FastThreadLocalRunnable.java:30)\n\tat java.lang.Thread.run(Thread.java:764)\n"}}
05-18 19:20:14.556   669  1264 D WindowManager: Input focus has changed to Window{34fba0f u0 com.pax.techpos/com.pax.techpos.MainActivity}
05-18 19:20:15.490  5093  5119 I appium  : AppiumResponse: {"sessionId":"e060cd36-560e-42c5-91e1-180205131cf7","value":{"error":"no such element","message":"An element could not be located on the page using the given search parameters","stacktrace":"io.appium.uiautomator2.common.exceptions.ElementNotFoundException: An element could not be located on the page using the given search parameters\n\tat io.appium.uiautomator2.utils.ElementLocationHelpers.findElement(ElementLocationHelpers.java:153)\n\tat io.appium.uiautomator2.handler.FindElement.safeHandle(FindElement.java:60)\n\tat io.appium.uiautomator2.handler.request.SafeRequestHandler.handle(SafeRequestHandler.java:59)\n\tat io.appium.uiautomator2.server.AppiumServlet.handleRequest(AppiumServlet.java:267)\n\tat io.appium.uiautomator2.server.AppiumServlet.handleHttpRequest(AppiumServlet.java:261)\n\tat io.appium.uiautomator2.http.ServerHandler.channelRead(ServerHandler.java:77)\n\tat io.netty.channel.AbstractChannelHandlerContext.fireChannelRead(AbstractChannelHandlerContext.java:356)\n\tat io.netty.handler.codec.MessageToMessageDecoder.channelRead(MessageToMessageDecoder.java:107)\n\tat io.netty.channel.AbstractChannelHandlerContext.fireChannelRead(AbstractChannelHandlerContext.java:356)\n\tat io.netty.channel.CombinedChannelDuplexHandler$DelegatingChannelHandlerContext.fireChannelRead(CombinedChannelDuplexHandler.java:434)\n\tat io.netty.handler.codec.ByteToMessageDecoder.fireChannelRead(ByteToMessageDecoder.java:346)\n\tat io.netty.handler.codec.ByteToMessageDecoder.channelRead(ByteToMessageDecoder.java:318)\n\tat io.netty.channel.CombinedChannelDuplexHandler.channelRead(CombinedChannelDuplexHandler.java:249)\n\tat io.netty.channel.AbstractChannelHandlerContext.fireChannelRead(AbstractChannelHandlerContext.java:354)\n\tat io.netty.handler.timeout.IdleStateHandler.channelRead(IdleStateHandler.java:293)\n\tat io.netty.channel.AbstractChannelHandlerContext.fireChannelRead(AbstractChannelHandlerContext.java:354)\n\tat io.netty.channel.DefaultChannelPipeline$HeadContext.channelRead(DefaultChannelPipeline.java:1429)\n\tat io.netty.channel.DefaultChannelPipeline.fireChannelRead(DefaultChannelPipeline.java:918)\n\tat io.netty.channel.nio.AbstractNioByteChannel$NioByteUnsafe.read(AbstractNioByteChannel.java:168)\n\tat io.netty.channel.nio.AbstractNioChannel$AbstractNioUnsafe.handle(AbstractNioChannel.java:445)\n\tat io.netty.channel.nio.NioIoHandler$DefaultNioRegistration.handle(NioIoHandler.java:388)\n\tat io.netty.channel.nio.NioIoHandler.processSelectedKey(NioIoHandler.java:596)\n\tat io.netty.channel.nio.NioIoHandler.processSelectedKeysOptimized(NioIoHandler.java:571)\n\tat io.netty.channel.nio.NioIoHandler.processSelectedKeys(NioIoHandler.java:512)\n\tat io.netty.channel.nio.NioIoHandler.run(NioIoHandler.java:484)\n\tat io.netty.channel.SingleThreadIoEventLoop.runIo(SingleThreadIoEventLoop.java:225)\n\tat io.netty.channel.SingleThreadIoEventLoop.run(SingleThreadIoEventLoop.java:196)\n\tat io.netty.util.concurrent.SingleThreadEventExecutor$5.run(SingleThreadEventExecutor.java:1193)\n\tat io.netty.util.internal.ThreadExecutorMap$2.run(ThreadExecutorMap.java:74)\n\tat io.netty.util.concurrent.FastThreadLocalRunnable.run(FastThreadLocalRunnable.java:30)\n\tat java.lang.Thread.run(Thread.java:764)\n"}}
05-18 19:20:16.211   669  1271 D WindowManager: Input focus has changed to Window{d6adc07 u0 com.pax.techpos/com.pax.techpos.MainActivity}
05-18 19:20:16.351  5093  5119 I appium  : AppiumResponse: {"sessionId":"e060cd36-560e-42c5-91e1-180205131cf7","value":{"error":"no such element","message":"An element could not be located on the page using the given search parameters","stacktrace":"io.appium.uiautomator2.common.exceptions.ElementNotFoundException: An element could not be located on the page using the given search parameters\n\tat io.appium.uiautomator2.utils.ElementLocationHelpers.findElement(ElementLocationHelpers.java:153)\n\tat io.appium.uiautomator2.handler.FindElement.safeHandle(FindElement.java:60)\n\tat io.appium.uiautomator2.handler.request.SafeRequestHandler.handle(SafeRequestHandler.java:59)\n\tat io.appium.uiautomator2.server.AppiumServlet.handleRequest(AppiumServlet.java:267)\n\tat io.appium.uiautomator2.server.AppiumServlet.handleHttpRequest(AppiumServlet.java:261)\n\tat io.appium.uiautomator2.http.ServerHandler.channelRead(ServerHandler.java:77)\n\tat io.netty.channel.AbstractChannelHandlerContext.fireChannelRead(AbstractChannelHandlerContext.java:356)\n\tat io.netty.handler.codec.MessageToMessageDecoder.channelRead(MessageToMessageDecoder.java:107)\n\tat io.netty.channel.AbstractChannelHandlerContext.fireChannelRead(AbstractChannelHandlerContext.java:356)\n\tat io.netty.channel.CombinedChannelDuplexHandler$DelegatingChannelHandlerContext.fireChannelRead(CombinedChannelDuplexHandler.java:434)\n\tat io.netty.handler.codec.ByteToMessageDecoder.fireChannelRead(ByteToMessageDecoder.java:346)\n\tat io.netty.handler.codec.ByteToMessageDecoder.channelRead(ByteToMessageDecoder.java:318)\n\tat io.netty.channel.CombinedChannelDuplexHandler.channelRead(CombinedChannelDuplexHandler.java:249)\n\tat io.netty.channel.AbstractChannelHandlerContext.fireChannelRead(AbstractChannelHandlerContext.java:354)\n\tat io.netty.handler.timeout.IdleStateHandler.channelRead(IdleStateHandler.java:293)\n\tat io.netty.channel.AbstractChannelHandlerContext.fireChannelRead(AbstractChannelHandlerContext.java:354)\n\tat io.netty.channel.DefaultChannelPipeline$HeadContext.channelRead(DefaultChannelPipeline.java:1429)\n\tat io.netty.channel.DefaultChannelPipeline.fireChannelRead(DefaultChannelPipeline.java:918)\n\tat io.netty.channel.nio.AbstractNioByteChannel$NioByteUnsafe.read(AbstractNioByteChannel.java:168)\n\tat io.netty.channel.nio.AbstractNioChannel$AbstractNioUnsafe.handle(AbstractNioChannel.java:445)\n\tat io.netty.channel.nio.NioIoHandler$DefaultNioRegistration.handle(NioIoHandler.java:388)\n\tat io.netty.channel.nio.NioIoHandler.processSelectedKey(NioIoHandler.java:596)\n\tat io.netty.channel.nio.NioIoHandler.processSelectedKeysOptimized(NioIoHandler.java:571)\n\tat io.netty.channel.nio.NioIoHandler.processSelectedKeys(NioIoHandler.java:512)\n\tat io.netty.channel.nio.NioIoHandler.run(NioIoHandler.java:484)\n\tat io.netty.channel.SingleThreadIoEventLoop.runIo(SingleThreadIoEventLoop.java:225)\n\tat io.netty.channel.SingleThreadIoEventLoop.run(SingleThreadIoEventLoop.java:196)\n\tat io.netty.util.concurrent.SingleThreadEventExecutor$5.run(SingleThreadEventExecutor.java:1193)\n\tat io.netty.util.internal.ThreadExecutorMap$2.run(ThreadExecutorMap.java:74)\n\tat io.netty.util.concurrent.FastThreadLocalRunnable.run(FastThreadLocalRunnable.java:30)\n\tat java.lang.Thread.run(Thread.java:764)\n"}}
05-18 19:20:17.156  5093  5119 I appium  : AppiumResponse: {"sessionId":"e060cd36-560e-42c5-91e1-180205131cf7","value":{"error":"no such element","message":"An element could not be located on the page using the given search parameters","stacktrace":"io.appium.uiautomator2.common.exceptions.ElementNotFoundException: An element could not be located on the page using the given search parameters\n\tat io.appium.uiautomator2.utils.ElementLocationHelpers.findElement(ElementLocationHelpers.java:153)\n\tat io.appium.uiautomator2.handler.FindElement.safeHandle(FindElement.java:60)\n\tat io.appium.uiautomator2.handler.request.SafeRequestHandler.handle(SafeRequestHandler.java:59)\n\tat io.appium.uiautomator2.server.AppiumServlet.handleRequest(AppiumServlet.java:267)\n\tat io.appium.uiautomator2.server.AppiumServlet.handleHttpRequest(AppiumServlet.java:261)\n\tat io.appium.uiautomator2.http.ServerHandler.channelRead(ServerHandler.java:77)\n\tat io.netty.channel.AbstractChannelHandlerContext.fireChannelRead(AbstractChannelHandlerContext.java:356)\n\tat io.netty.handler.codec.MessageToMessageDecoder.channelRead(MessageToMessageDecoder.java:107)\n\tat io.netty.channel.AbstractChannelHandlerContext.fireChannelRead(AbstractChannelHandlerContext.java:356)\n\tat io.netty.channel.CombinedChannelDuplexHandler$DelegatingChannelHandlerContext.fireChannelRead(CombinedChannelDuplexHandler.java:434)\n\tat io.netty.handler.codec.ByteToMessageDecoder.fireChannelRead(ByteToMessageDecoder.java:346)\n\tat io.netty.handler.codec.ByteToMessageDecoder.channelRead(ByteToMessageDecoder.java:318)\n\tat io.netty.channel.CombinedChannelDuplexHandler.channelRead(CombinedChannelDuplexHandler.java:249)\n\tat io.netty.channel.AbstractChannelHandlerContext.fireChannelRead(AbstractChannelHandlerContext.java:354)\n\tat io.netty.handler.timeout.IdleStateHandler.channelRead(IdleStateHandler.java:293)\n\tat io.netty.channel.AbstractChannelHandlerContext.fireChannelRead(AbstractChannelHandlerContext.java:354)\n\tat io.netty.channel.DefaultChannelPipeline$HeadContext.channelRead(DefaultChannelPipeline.java:1429)\n\tat io.netty.channel.DefaultChannelPipeline.fireChannelRead(DefaultChannelPipeline.java:918)\n\tat io.netty.channel.nio.AbstractNioByteChannel$NioByteUnsafe.read(AbstractNioByteChannel.java:168)\n\tat io.netty.channel.nio.AbstractNioChannel$AbstractNioUnsafe.handle(AbstractNioChannel.java:445)\n\tat io.netty.channel.nio.NioIoHandler$DefaultNioRegistration.handle(NioIoHandler.java:388)\n\tat io.netty.channel.nio.NioIoHandler.processSelectedKey(NioIoHandler.java:596)\n\tat io.netty.channel.nio.NioIoHandler.processSelectedKeysOptimized(NioIoHandler.java:571)\n\tat io.netty.channel.nio.NioIoHandler.processSelectedKeys(NioIoHandler.java:512)\n\tat io.netty.channel.nio.NioIoHandler.run(NioIoHandler.java:484)\n\tat io.netty.channel.SingleThreadIoEventLoop.runIo(SingleThreadIoEventLoop.java:225)\n\tat io.netty.channel.SingleThreadIoEventLoop.run(SingleThreadIoEventLoop.java:196)\n\tat io.netty.util.concurrent.SingleThreadEventExecutor$5.run(SingleThreadEventExecutor.java:1193)\n\tat io.netty.util.internal.ThreadExecutorMap$2.run(ThreadExecutorMap.java:74)\n\tat io.netty.util.concurrent.FastThreadLocalRunnable.run(FastThreadLocalRunnable.java:30)\n\tat java.lang.Thread.run(Thread.java:764)\n"}}
05-18 19:20:17.839  5093  5119 I appium  : AppiumResponse: {"sessionId":"e060cd36-560e-42c5-91e1-180205131cf7","value":{"error":"no such element","message":"An element could not be located on the page using the given search parameters","stacktrace":"io.appium.uiautomator2.common.exceptions.ElementNotFoundException: An element could not be located on the page using the given search parameters\n\tat io.appium.uiautomator2.utils.ElementLocationHelpers.findElement(ElementLocationHelpers.java:153)\n\tat io.appium.uiautomator2.handler.FindElement.safeHandle(FindElement.java:60)\n\tat io.appium.uiautomator2.handler.request.SafeRequestHandler.handle(SafeRequestHandler.java:59)\n\tat io.appium.uiautomator2.server.AppiumServlet.handleRequest(AppiumServlet.java:267)\n\tat io.appium.uiautomator2.server.AppiumServlet.handleHttpRequest(AppiumServlet.java:261)\n\tat io.appium.uiautomator2.http.ServerHandler.channelRead(ServerHandler.java:77)\n\tat io.netty.channel.AbstractChannelHandlerContext.fireChannelRead(AbstractChannelHandlerContext.java:356)\n\tat io.netty.handler.codec.MessageToMessageDecoder.channelRead(MessageToMessageDecoder.java:107)\n\tat io.netty.channel.AbstractChannelHandlerContext.fireChannelRead(AbstractChannelHandlerContext.java:356)\n\tat io.netty.channel.CombinedChannelDuplexHandler$DelegatingChannelHandlerContext.fireChannelRead(CombinedChannelDuplexHandler.java:434)\n\tat io.netty.handler.codec.ByteToMessageDecoder.fireChannelRead(ByteToMessageDecoder.java:346)\n\tat io.netty.handler.codec.ByteToMessageDecoder.channelRead(ByteToMessageDecoder.java:318)\n\tat io.netty.channel.CombinedChannelDuplexHandler.channelRead(CombinedChannelDuplexHandler.java:249)\n\tat io.netty.channel.AbstractChannelHandlerContext.fireChannelRead(AbstractChannelHandlerContext.java:354)\n\tat io.netty.handler.timeout.IdleStateHandler.channelRead(IdleStateHandler.java:293)\n\tat io.netty.channel.AbstractChannelHandlerContext.fireChannelRead(AbstractChannelHandlerContext.java:354)\n\tat io.netty.channel.DefaultChannelPipeline$HeadContext.channelRead(DefaultChannelPipeline.java:1429)\n\tat io.netty.channel.DefaultChannelPipeline.fireChannelRead(DefaultChannelPipeline.java:918)\n\tat io.netty.channel.nio.AbstractNioByteChannel$NioByteUnsafe.read(AbstractNioByteChannel.java:168)\n\tat io.netty.channel.nio.AbstractNioChannel$AbstractNioUnsafe.handle(AbstractNioChannel.java:445)\n\tat io.netty.channel.nio.NioIoHandler$DefaultNioRegistration.handle(NioIoHandler.java:388)\n\tat io.netty.channel.nio.NioIoHandler.processSelectedKey(NioIoHandler.java:596)\n\tat io.netty.channel.nio.NioIoHandler.processSelectedKeysOptimized(NioIoHandler.java:571)\n\tat io.netty.channel.nio.NioIoHandler.processSelectedKeys(NioIoHandler.java:512)\n\tat io.netty.channel.nio.NioIoHandler.run(NioIoHandler.java:484)\n\tat io.netty.channel.SingleThreadIoEventLoop.runIo(SingleThreadIoEventLoop.java:225)\n\tat io.netty.channel.SingleThreadIoEventLoop.run(SingleThreadIoEventLoop.java:196)\n\tat io.netty.util.concurrent.SingleThreadEventExecutor$5.run(SingleThreadEventExecutor.java:1193)\n\tat io.netty.util.internal.ThreadExecutorMap$2.run(ThreadExecutorMap.java:74)\n\tat io.netty.util.concurrent.FastThreadLocalRunnable.run(FastThreadLocalRunnable.java:30)\n\tat java.lang.Thread.run(Thread.java:764)\n"}}
05-18 19:20:18.355   296   444 D ENGPC   : parse_event: event { 'change', '/devices/platform/battery/power_supply/battery', 'power_supply', '' }
05-18 19:20:18.362   669   669 D BroadcastQueue: Add broadcast <BroadcastRecord{c91dcd2 u-1 android.intent.action.BATTERY_CHANGED}> into [parallel | background], pending size 0
05-18 19:20:18.368   669   683 D BroadcastQueue: Done with parallel broadcast [background] [BroadcastRecord{c91dcd2 u-1 android.intent.action.BATTERY_CHANGED}]
05-18 19:20:18.573  5093  5119 I appium  : AppiumResponse: {"sessionId":"e060cd36-560e-42c5-91e1-180205131cf7","value":{"error":"no such element","message":"An element could not be located on the page using the given search parameters","stacktrace":"io.appium.uiautomator2.common.exceptions.ElementNotFoundException: An element could not be located on the page using the given search parameters\n\tat io.appium.uiautomator2.utils.ElementLocationHelpers.findElement(ElementLocationHelpers.java:153)\n\tat io.appium.uiautomator2.handler.FindElement.safeHandle(FindElement.java:60)\n\tat io.appium.uiautomator2.handler.request.SafeRequestHandler.handle(SafeRequestHandler.java:59)\n\tat io.appium.uiautomator2.server.AppiumServlet.handleRequest(AppiumServlet.java:267)\n\tat io.appium.uiautomator2.server.AppiumServlet.handleHttpRequest(AppiumServlet.java:261)\n\tat io.appium.uiautomator2.http.ServerHandler.channelRead(ServerHandler.java:77)\n\tat io.netty.channel.AbstractChannelHandlerContext.fireChannelRead(AbstractChannelHandlerContext.java:356)\n\tat io.netty.handler.codec.MessageToMessageDecoder.channelRead(MessageToMessageDecoder.java:107)\n\tat io.netty.channel.AbstractChannelHandlerContext.fireChannelRead(AbstractChannelHandlerContext.java:356)\n\tat io.netty.channel.CombinedChannelDuplexHandler$DelegatingChannelHandlerContext.fireChannelRead(CombinedChannelDuplexHandler.java:434)\n\tat io.netty.handler.codec.ByteToMessageDecoder.fireChannelRead(ByteToMessageDecoder.java:346)\n\tat io.netty.handler.codec.ByteToMessageDecoder.channelRead(ByteToMessageDecoder.java:318)\n\tat io.netty.channel.CombinedChannelDuplexHandler.channelRead(CombinedChannelDuplexHandler.java:249)\n\tat io.netty.channel.AbstractChannelHandlerContext.fireChannelRead(AbstractChannelHandlerContext.java:354)\n\tat io.netty.handler.timeout.IdleStateHandler.channelRead(IdleStateHandler.java:293)\n\tat io.netty.channel.AbstractChannelHandlerContext.fireChannelRead(AbstractChannelHandlerContext.java:354)\n\tat io.netty.channel.DefaultChannelPipeline$HeadContext.channelRead(DefaultChannelPipeline.java:1429)\n\tat io.netty.channel.DefaultChannelPipeline.fireChannelRead(DefaultChannelPipeline.java:918)\n\tat io.netty.channel.nio.AbstractNioByteChannel$NioByteUnsafe.read(AbstractNioByteChannel.java:168)\n\tat io.netty.channel.nio.AbstractNioChannel$AbstractNioUnsafe.handle(AbstractNioChannel.java:445)\n\tat io.netty.channel.nio.NioIoHandler$DefaultNioRegistration.handle(NioIoHandler.java:388)\n\tat io.netty.channel.nio.NioIoHandler.processSelectedKey(NioIoHandler.java:596)\n\tat io.netty.channel.nio.NioIoHandler.processSelectedKeysOptimized(NioIoHandler.java:571)\n\tat io.netty.channel.nio.NioIoHandler.processSelectedKeys(NioIoHandler.java:512)\n\tat io.netty.channel.nio.NioIoHandler.run(NioIoHandler.java:484)\n\tat io.netty.channel.SingleThreadIoEventLoop.runIo(SingleThreadIoEventLoop.java:225)\n\tat io.netty.channel.SingleThreadIoEventLoop.run(SingleThreadIoEventLoop.java:196)\n\tat io.netty.util.concurrent.SingleThreadEventExecutor$5.run(SingleThreadEventExecutor.java:1193)\n\tat io.netty.util.internal.ThreadExecutorMap$2.run(ThreadExecutorMap.java:74)\n\tat io.netty.util.concurrent.FastThreadLocalRunnable.run(FastThreadLocalRunnable.java:30)\n\tat java.lang.Thread.run(Thread.java:764)\n"}}
05-18 19:20:19.266  5093  5119 I appium  : AppiumResponse: {"sessionId":"e060cd36-560e-42c5-91e1-180205131cf7","value":{"error":"no such element","message":"An element could not be located on the page using the given search parameters","stacktrace":"io.appium.uiautomator2.common.exceptions.ElementNotFoundException: An element could not be located on the page using the given search parameters\n\tat io.appium.uiautomator2.utils.ElementLocationHelpers.findElement(ElementLocationHelpers.java:153)\n\tat io.appium.uiautomator2.handler.FindElement.safeHandle(FindElement.java:60)\n\tat io.appium.uiautomator2.handler.request.SafeRequestHandler.handle(SafeRequestHandler.java:59)\n\tat io.appium.uiautomator2.server.AppiumServlet.handleRequest(AppiumServlet.java:267)\n\tat io.appium.uiautomator2.server.AppiumServlet.handleHttpRequest(AppiumServlet.java:261)\n\tat io.appium.uiautomator2.http.ServerHandler.channelRead(ServerHandler.java:77)\n\tat io.netty.channel.AbstractChannelHandlerContext.fireChannelRead(AbstractChannelHandlerContext.java:356)\n\tat io.netty.handler.codec.MessageToMessageDecoder.channelRead(MessageToMessageDecoder.java:107)\n\tat io.netty.channel.AbstractChannelHandlerContext.fireChannelRead(AbstractChannelHandlerContext.java:356)\n\tat io.netty.channel.CombinedChannelDuplexHandler$DelegatingChannelHandlerContext.fireChannelRead(CombinedChannelDuplexHandler.java:434)\n\tat io.netty.handler.codec.ByteToMessageDecoder.fireChannelRead(ByteToMessageDecoder.java:346)\n\tat io.netty.handler.codec.ByteToMessageDecoder.channelRead(ByteToMessageDecoder.java:318)\n\tat io.netty.channel.CombinedChannelDuplexHandler.channelRead(CombinedChannelDuplexHandler.java:249)\n\tat io.netty.channel.AbstractChannelHandlerContext.fireChannelRead(AbstractChannelHandlerContext.java:354)\n\tat io.netty.handler.timeout.IdleStateHandler.channelRead(IdleStateHandler.java:293)\n\tat io.netty.channel.AbstractChannelHandlerContext.fireChannelRead(AbstractChannelHandlerContext.java:354)\n\tat io.netty.channel.DefaultChannelPipeline$HeadContext.channelRead(DefaultChannelPipeline.java:1429)\n\tat io.netty.channel.DefaultChannelPipeline.fireChannelRead(DefaultChannelPipeline.java:918)\n\tat io.netty.channel.nio.AbstractNioByteChannel$NioByteUnsafe.read(AbstractNioByteChannel.java:168)\n\tat io.netty.channel.nio.AbstractNioChannel$AbstractNioUnsafe.handle(AbstractNioChannel.java:445)\n\tat io.netty.channel.nio.NioIoHandler$DefaultNioRegistration.handle(NioIoHandler.java:388)\n\tat io.netty.channel.nio.NioIoHandler.processSelectedKey(NioIoHandler.java:596)\n\tat io.netty.channel.nio.NioIoHandler.processSelectedKeysOptimized(NioIoHandler.java:571)\n\tat io.netty.channel.nio.NioIoHandler.processSelectedKeys(NioIoHandler.java:512)\n\tat io.netty.channel.nio.NioIoHandler.run(NioIoHandler.java:484)\n\tat io.netty.channel.SingleThreadIoEventLoop.runIo(SingleThreadIoEventLoop.java:225)\n\tat io.netty.channel.SingleThreadIoEventLoop.run(SingleThreadIoEventLoop.java:196)\n\tat io.netty.util.concurrent.SingleThreadEventExecutor$5.run(SingleThreadEventExecutor.java:1193)\n\tat io.netty.util.internal.ThreadExecutorMap$2.run(ThreadExecutorMap.java:74)\n\tat io.netty.util.concurrent.FastThreadLocalRunnable.run(FastThreadLocalRunnable.java:30)\n\tat java.lang.Thread.run(Thread.java:764)\n"}}
05-18 19:20:19.491   296   444 D ENGPC   : parse_event: event { 'change', '/devices/virtual/xt_idletimer/timers', 'xt_idletimer', '' }
05-18 19:20:20.244  5093  5119 I appium  : AppiumResponse: {"sessionId":"e060cd36-560e-42c5-91e1-180205131cf7","value":{"error":"no such element","message":"An element could not be located on the page using the given search parameters","stacktrace":"io.appium.uiautomator2.common.exceptions.ElementNotFoundException: An element could not be located on the page using the given search parameters\n\tat io.appium.uiautomator2.utils.ElementLocationHelpers.findElement(ElementLocationHelpers.java:153)\n\tat io.appium.uiautomator2.handler.FindElement.safeHandle(FindElement.java:60)\n\tat io.appium.uiautomator2.handler.request.SafeRequestHandler.handle(SafeRequestHandler.java:59)\n\tat io.appium.uiautomator2.server.AppiumServlet.handleRequest(AppiumServlet.java:267)\n\tat io.appium.uiautomator2.server.AppiumServlet.handleHttpRequest(AppiumServlet.java:261)\n\tat io.appium.uiautomator2.http.ServerHandler.channelRead(ServerHandler.java:77)\n\tat io.netty.channel.AbstractChannelHandlerContext.fireChannelRead(AbstractChannelHandlerContext.java:356)\n\tat io.netty.handler.codec.MessageToMessageDecoder.channelRead(MessageToMessageDecoder.java:107)\n\tat io.netty.channel.AbstractChannelHandlerContext.fireChannelRead(AbstractChannelHandlerContext.java:356)\n\tat io.netty.channel.CombinedChannelDuplexHandler$DelegatingChannelHandlerContext.fireChannelRead(CombinedChannelDuplexHandler.java:434)\n\tat io.netty.handler.codec.ByteToMessageDecoder.fireChannelRead(ByteToMessageDecoder.java:346)\n\tat io.netty.handler.codec.ByteToMessageDecoder.channelRead(ByteToMessageDecoder.java:318)\n\tat io.netty.channel.CombinedChannelDuplexHandler.channelRead(CombinedChannelDuplexHandler.java:249)\n\tat io.netty.channel.AbstractChannelHandlerContext.fireChannelRead(AbstractChannelHandlerContext.java:354)\n\tat io.netty.handler.timeout.IdleStateHandler.channelRead(IdleStateHandler.java:293)\n\tat io.netty.channel.AbstractChannelHandlerContext.fireChannelRead(AbstractChannelHandlerContext.java:354)\n\tat io.netty.channel.DefaultChannelPipeline$HeadContext.channelRead(DefaultChannelPipeline.java:1429)\n\tat io.netty.channel.DefaultChannelPipeline.fireChannelRead(DefaultChannelPipeline.java:918)\n\tat io.netty.channel.nio.AbstractNioByteChannel$NioByteUnsafe.read(AbstractNioByteChannel.java:168)\n\tat io.netty.channel.nio.AbstractNioChannel$AbstractNioUnsafe.handle(AbstractNioChannel.java:445)\n\tat io.netty.channel.nio.NioIoHandler$DefaultNioRegistration.handle(NioIoHandler.java:388)\n\tat io.netty.channel.nio.NioIoHandler.processSelectedKey(NioIoHandler.java:596)\n\tat io.netty.channel.nio.NioIoHandler.processSelectedKeysOptimized(NioIoHandler.java:571)\n\tat io.netty.channel.nio.NioIoHandler.processSelectedKeys(NioIoHandler.java:512)\n\tat io.netty.channel.nio.NioIoHandler.run(NioIoHandler.java:484)\n\tat io.netty.channel.SingleThreadIoEventLoop.runIo(SingleThreadIoEventLoop.java:225)\n\tat io.netty.channel.SingleThreadIoEventLoop.run(SingleThreadIoEventLoop.java:196)\n\tat io.netty.util.concurrent.SingleThreadEventExecutor$5.run(SingleThreadEventExecutor.java:1193)\n\tat io.netty.util.internal.ThreadExecutorMap$2.run(ThreadExecutorMap.java:74)\n\tat io.netty.util.concurrent.FastThreadLocalRunnable.run(FastThreadLocalRunnable.java:30)\n\tat java.lang.Thread.run(Thread.java:764)\n"}}
05-18 19:20:20.841   669  1025 V AlarmManager: set(PendingIntent{5d6d008: PendingIntentRecord{e0933a1 android broadcastIntent}}) : type=3 triggerAtTime=35508866 win=225000 tElapsed=35508866 maxElapsed=35733866 interval=0 flags=0x8
05-18 19:20:20.867   669 16339 D WindowManager: Input focus has changed to Window{b69fca0 u0 com.pax.techpos/com.pax.techpos.MainActivity}
05-18 19:20:21.246  5093  5119 I appium  : AppiumResponse: {"sessionId":"e060cd36-560e-42c5-91e1-180205131cf7","value":{"error":"no such element","message":"An element could not be located on the page using the given search parameters","stacktrace":"io.appium.uiautomator2.common.exceptions.ElementNotFoundException: An element could not be located on the page using the given search parameters\n\tat io.appium.uiautomator2.utils.ElementLocationHelpers.findElement(ElementLocationHelpers.java:153)\n\tat io.appium.uiautomator2.handler.FindElement.safeHandle(FindElement.java:60)\n\tat io.appium.uiautomator2.handler.request.SafeRequestHandler.handle(SafeRequestHandler.java:59)\n\tat io.appium.uiautomator2.server.AppiumServlet.handleRequest(AppiumServlet.java:267)\n\tat io.appium.uiautomator2.server.AppiumServlet.handleHttpRequest(AppiumServlet.java:261)\n\tat io.appium.uiautomator2.http.ServerHandler.channelRead(ServerHandler.java:77)\n\tat io.netty.channel.AbstractChannelHandlerContext.fireChannelRead(AbstractChannelHandlerContext.java:356)\n\tat io.netty.handler.codec.MessageToMessageDecoder.channelRead(MessageToMessageDecoder.java:107)\n\tat io.netty.channel.AbstractChannelHandlerContext.fireChannelRead(AbstractChannelHandlerContext.java:356)\n\tat io.netty.channel.CombinedChannelDuplexHandler$DelegatingChannelHandlerContext.fireChannelRead(CombinedChannelDuplexHandler.java:434)\n\tat io.netty.handler.codec.ByteToMessageDecoder.fireChannelRead(ByteToMessageDecoder.java:346)\n\tat io.netty.handler.codec.ByteToMessageDecoder.channelRead(ByteToMessageDecoder.java:318)\n\tat io.netty.channel.CombinedChannelDuplexHandler.channelRead(CombinedChannelDuplexHandler.java:249)\n\tat io.netty.channel.AbstractChannelHandlerContext.fireChannelRead(AbstractChannelHandlerContext.java:354)\n\tat io.netty.handler.timeout.IdleStateHandler.channelRead(IdleStateHandler.java:293)\n\tat io.netty.channel.AbstractChannelHandlerContext.fireChannelRead(AbstractChannelHandlerContext.java:354)\n\tat io.netty.channel.DefaultChannelPipeline$HeadContext.channelRead(DefaultChannelPipeline.java:1429)\n\tat io.netty.channel.DefaultChannelPipeline.fireChannelRead(DefaultChannelPipeline.java:918)\n\tat io.netty.channel.nio.AbstractNioByteChannel$NioByteUnsafe.read(AbstractNioByteChannel.java:168)\n\tat io.netty.channel.nio.AbstractNioChannel$AbstractNioUnsafe.handle(AbstractNioChannel.java:445)\n\tat io.netty.channel.nio.NioIoHandler$DefaultNioRegistration.handle(NioIoHandler.java:388)\n\tat io.netty.channel.nio.NioIoHandler.processSelectedKey(NioIoHandler.java:596)\n\tat io.netty.channel.nio.NioIoHandler.processSelectedKeysOptimized(NioIoHandler.java:571)\n\tat io.netty.channel.nio.NioIoHandler.processSelectedKeys(NioIoHandler.java:512)\n\tat io.netty.channel.nio.NioIoHandler.run(NioIoHandler.java:484)\n\tat io.netty.channel.SingleThreadIoEventLoop.runIo(SingleThreadIoEventLoop.java:225)\n\tat io.netty.channel.SingleThreadIoEventLoop.run(SingleThreadIoEventLoop.java:196)\n\tat io.netty.util.concurrent.SingleThreadEventExecutor$5.run(SingleThreadEventExecutor.java:1193)\n\tat io.netty.util.internal.ThreadExecutorMap$2.run(ThreadExecutorMap.java:74)\n\tat io.netty.util.concurrent.FastThreadLocalRunnable.run(FastThreadLocalRunnable.java:30)\n\tat java.lang.Thread.run(Thread.java:764)\n"}}
05-18 19:20:21.875   296   444 D ENGPC   : parse_event: event { 'change', '/devices/platform/battery/power_supply/battery', 'power_supply', '' }
05-18 19:20:21.876   296   444 D ENGPC   : parse_event: event { 'change', '/devices/platform/battery/power_supply/battery', 'power_supply', '' }
05-18 19:20:21.882   669   669 D BroadcastQueue: Add broadcast <BroadcastRecord{88242cc u-1 android.intent.action.BATTERY_CHANGED}> into [parallel | background], pending size 0
05-18 19:20:21.885   669   683 D BroadcastQueue: Done with parallel broadcast [background] [BroadcastRecord{88242cc u-1 android.intent.action.BATTERY_CHANGED}]
05-18 19:20:22.003  5093  5119 I appium  : AppiumResponse: {"sessionId":"e060cd36-560e-42c5-91e1-180205131cf7","value":{"error":"no such element","message":"An element could not be located on the page using the given search parameters","stacktrace":"io.appium.uiautomator2.common.exceptions.ElementNotFoundException: An element could not be located on the page using the given search parameters\n\tat io.appium.uiautomator2.utils.ElementLocationHelpers.findElement(ElementLocationHelpers.java:153)\n\tat io.appium.uiautomator2.handler.FindElement.safeHandle(FindElement.java:60)\n\tat io.appium.uiautomator2.handler.request.SafeRequestHandler.handle(SafeRequestHandler.java:59)\n\tat io.appium.uiautomator2.server.AppiumServlet.handleRequest(AppiumServlet.java:267)\n\tat io.appium.uiautomator2.server.AppiumServlet.handleHttpRequest(AppiumServlet.java:261)\n\tat io.appium.uiautomator2.http.ServerHandler.channelRead(ServerHandler.java:77)\n\tat io.netty.channel.AbstractChannelHandlerContext.fireChannelRead(AbstractChannelHandlerContext.java:356)\n\tat io.netty.handler.codec.MessageToMessageDecoder.channelRead(MessageToMessageDecoder.java:107)\n\tat io.netty.channel.AbstractChannelHandlerContext.fireChannelRead(AbstractChannelHandlerContext.java:356)\n\tat io.netty.channel.CombinedChannelDuplexHandler$DelegatingChannelHandlerContext.fireChannelRead(CombinedChannelDuplexHandler.java:434)\n\tat io.netty.handler.codec.ByteToMessageDecoder.fireChannelRead(ByteToMessageDecoder.java:346)\n\tat io.netty.handler.codec.ByteToMessageDecoder.channelRead(ByteToMessageDecoder.java:318)\n\tat io.netty.channel.CombinedChannelDuplexHandler.channelRead(CombinedChannelDuplexHandler.java:249)\n\tat io.netty.channel.AbstractChannelHandlerContext.fireChannelRead(AbstractChannelHandlerContext.java:354)\n\tat io.netty.handler.timeout.IdleStateHandler.channelRead(IdleStateHandler.java:293)\n\tat io.netty.channel.AbstractChannelHandlerContext.fireChannelRead(AbstractChannelHandlerContext.java:354)\n\tat io.netty.channel.DefaultChannelPipeline$HeadContext.channelRead(DefaultChannelPipeline.java:1429)\n\tat io.netty.channel.DefaultChannelPipeline.fireChannelRead(DefaultChannelPipeline.java:918)\n\tat io.netty.channel.nio.AbstractNioByteChannel$NioByteUnsafe.read(AbstractNioByteChannel.java:168)\n\tat io.netty.channel.nio.AbstractNioChannel$AbstractNioUnsafe.handle(AbstractNioChannel.java:445)\n\tat io.netty.channel.nio.NioIoHandler$DefaultNioRegistration.handle(NioIoHandler.java:388)\n\tat io.netty.channel.nio.NioIoHandler.processSelectedKey(NioIoHandler.java:596)\n\tat io.netty.channel.nio.NioIoHandler.processSelectedKeysOptimized(NioIoHandler.java:571)\n\tat io.netty.channel.nio.NioIoHandler.processSelectedKeys(NioIoHandler.java:512)\n\tat io.netty.channel.nio.NioIoHandler.run(NioIoHandler.java:484)\n\tat io.netty.channel.SingleThreadIoEventLoop.runIo(SingleThreadIoEventLoop.java:225)\n\tat io.netty.channel.SingleThreadIoEventLoop.run(SingleThreadIoEventLoop.java:196)\n\tat io.netty.util.concurrent.SingleThreadEventExecutor$5.run(SingleThreadEventExecutor.java:1193)\n\tat io.netty.util.internal.ThreadExecutorMap$2.run(ThreadExecutorMap.java:74)\n\tat io.netty.util.concurrent.FastThreadLocalRunnable.run(FastThreadLocalRunnable.java:30)\n\tat java.lang.Thread.run(Thread.java:764)\n"}}
05-18 19:20:22.392   669  1264 D WindowManager: Input focus has changed to Window{34fba0f u0 com.pax.techpos/com.pax.techpos.MainActivity}
05-18 19:20:23.055  5093  5119 I appium  : AppiumResponse: {"sessionId":"e060cd36-560e-42c5-91e1-180205131cf7","value":{"error":"no such element","message":"An element could not be located on the page using the given search parameters","stacktrace":"io.appium.uiautomator2.common.exceptions.ElementNotFoundException: An element could not be located on the page using the given search parameters\n\tat io.appium.uiautomator2.utils.ElementLocationHelpers.findElement(ElementLocationHelpers.java:153)\n\tat io.appium.uiautomator2.handler.FindElement.safeHandle(FindElement.java:60)\n\tat io.appium.uiautomator2.handler.request.SafeRequestHandler.handle(SafeRequestHandler.java:59)\n\tat io.appium.uiautomator2.server.AppiumServlet.handleRequest(AppiumServlet.java:267)\n\tat io.appium.uiautomator2.server.AppiumServlet.handleHttpRequest(AppiumServlet.java:261)\n\tat io.appium.uiautomator2.http.ServerHandler.channelRead(ServerHandler.java:77)\n\tat io.netty.channel.AbstractChannelHandlerContext.fireChannelRead(AbstractChannelHandlerContext.java:356)\n\tat io.netty.handler.codec.MessageToMessageDecoder.channelRead(MessageToMessageDecoder.java:107)\n\tat io.netty.channel.AbstractChannelHandlerContext.fireChannelRead(AbstractChannelHandlerContext.java:356)\n\tat io.netty.channel.CombinedChannelDuplexHandler$DelegatingChannelHandlerContext.fireChannelRead(CombinedChannelDuplexHandler.java:434)\n\tat io.netty.handler.codec.ByteToMessageDecoder.fireChannelRead(ByteToMessageDecoder.java:346)\n\tat io.netty.handler.codec.ByteToMessageDecoder.channelRead(ByteToMessageDecoder.java:318)\n\tat io.netty.channel.CombinedChannelDuplexHandler.channelRead(CombinedChannelDuplexHandler.java:249)\n\tat io.netty.channel.AbstractChannelHandlerContext.fireChannelRead(AbstractChannelHandlerContext.java:354)\n\tat io.netty.handler.timeout.IdleStateHandler.channelRead(IdleStateHandler.java:293)\n\tat io.netty.channel.AbstractChannelHandlerContext.fireChannelRead(AbstractChannelHandlerContext.java:354)\n\tat io.netty.channel.DefaultChannelPipeline$HeadContext.channelRead(DefaultChannelPipeline.java:1429)\n\tat io.netty.channel.DefaultChannelPipeline.fireChannelRead(DefaultChannelPipeline.java:918)\n\tat io.netty.channel.nio.AbstractNioByteChannel$NioByteUnsafe.read(AbstractNioByteChannel.java:168)\n\tat io.netty.channel.nio.AbstractNioChannel$AbstractNioUnsafe.handle(AbstractNioChannel.java:445)\n\tat io.netty.channel.nio.NioIoHandler$DefaultNioRegistration.handle(NioIoHandler.java:388)\n\tat io.netty.channel.nio.NioIoHandler.processSelectedKey(NioIoHandler.java:596)\n\tat io.netty.channel.nio.NioIoHandler.processSelectedKeysOptimized(NioIoHandler.java:571)\n\tat io.netty.channel.nio.NioIoHandler.processSelectedKeys(NioIoHandler.java:512)\n\tat io.netty.channel.nio.NioIoHandler.run(NioIoHandler.java:484)\n\tat io.netty.channel.SingleThreadIoEventLoop.runIo(SingleThreadIoEventLoop.java:225)\n\tat io.netty.channel.SingleThreadIoEventLoop.run(SingleThreadIoEventLoop.java:196)\n\tat io.netty.util.concurrent.SingleThreadEventExecutor$5.run(SingleThreadEventExecutor.java:1193)\n\tat io.netty.util.internal.ThreadExecutorMap$2.run(ThreadExecutorMap.java:74)\n\tat io.netty.util.concurrent.FastThreadLocalRunnable.run(FastThreadLocalRunnable.java:30)\n\tat java.lang.Thread.run(Thread.java:764)\n"}}
05-18 19:20:23.755  5093  5119 I appium  : AppiumResponse: {"sessionId":"e060cd36-560e-42c5-91e1-180205131cf7","value":{"error":"no such element","message":"An element could not be located on the page using the given search parameters","stacktrace":"io.appium.uiautomator2.common.exceptions.ElementNotFoundException: An element could not be located on the page using the given search parameters\n\tat io.appium.uiautomator2.utils.ElementLocationHelpers.findElement(ElementLocationHelpers.java:153)\n\tat io.appium.uiautomator2.handler.FindElement.safeHandle(FindElement.java:60)\n\tat io.appium.uiautomator2.handler.request.SafeRequestHandler.handle(SafeRequestHandler.java:59)\n\tat io.appium.uiautomator2.server.AppiumServlet.handleRequest(AppiumServlet.java:267)\n\tat io.appium.uiautomator2.server.AppiumServlet.handleHttpRequest(AppiumServlet.java:261)\n\tat io.appium.uiautomator2.http.ServerHandler.channelRead(ServerHandler.java:77)\n\tat io.netty.channel.AbstractChannelHandlerContext.fireChannelRead(AbstractChannelHandlerContext.java:356)\n\tat io.netty.handler.codec.MessageToMessageDecoder.channelRead(MessageToMessageDecoder.java:107)\n\tat io.netty.channel.AbstractChannelHandlerContext.fireChannelRead(AbstractChannelHandlerContext.java:356)\n\tat io.netty.channel.CombinedChannelDuplexHandler$DelegatingChannelHandlerContext.fireChannelRead(CombinedChannelDuplexHandler.java:434)\n\tat io.netty.handler.codec.ByteToMessageDecoder.fireChannelRead(ByteToMessageDecoder.java:346)\n\tat io.netty.handler.codec.ByteToMessageDecoder.channelRead(ByteToMessageDecoder.java:318)\n\tat io.netty.channel.CombinedChannelDuplexHandler.channelRead(CombinedChannelDuplexHandler.java:249)\n\tat io.netty.channel.AbstractChannelHandlerContext.fireChannelRead(AbstractChannelHandlerContext.java:354)\n\tat io.netty.handler.timeout.IdleStateHandler.channelRead(IdleStateHandler.java:293)\n\tat io.netty.channel.AbstractChannelHandlerContext.fireChannelRead(AbstractChannelHandlerContext.java:354)\n\tat io.netty.channel.DefaultChannelPipeline$HeadContext.channelRead(DefaultChannelPipeline.java:1429)\n\tat io.netty.channel.DefaultChannelPipeline.fireChannelRead(DefaultChannelPipeline.java:918)\n\tat io.netty.channel.nio.AbstractNioByteChannel$NioByteUnsafe.read(AbstractNioByteChannel.java:168)\n\tat io.netty.channel.nio.AbstractNioChannel$AbstractNioUnsafe.handle(AbstractNioChannel.java:445)\n\tat io.netty.channel.nio.NioIoHandler$DefaultNioRegistration.handle(NioIoHandler.java:388)\n\tat io.netty.channel.nio.NioIoHandler.processSelectedKey(NioIoHandler.java:596)\n\tat io.netty.channel.nio.NioIoHandler.processSelectedKeysOptimized(NioIoHandler.java:571)\n\tat io.netty.channel.nio.NioIoHandler.processSelectedKeys(NioIoHandler.java:512)\n\tat io.netty.channel.nio.NioIoHandler.run(NioIoHandler.java:484)\n\tat io.netty.channel.SingleThreadIoEventLoop.runIo(SingleThreadIoEventLoop.java:225)\n\tat io.netty.channel.SingleThreadIoEventLoop.run(SingleThreadIoEventLoop.java:196)\n\tat io.netty.util.concurrent.SingleThreadEventExecutor$5.run(SingleThreadEventExecutor.java:1193)\n\tat io.netty.util.internal.ThreadExecutorMap$2.run(ThreadExecutorMap.java:74)\n\tat io.netty.util.concurrent.FastThreadLocalRunnable.run(FastThreadLocalRunnable.java:30)\n\tat java.lang.Thread.run(Thread.java:764)\n"}}
05-18 19:20:24.451  5093  5119 I appium  : AppiumResponse: {"sessionId":"e060cd36-560e-42c5-91e1-180205131cf7","value":{"error":"no such element","message":"An element could not be located on the page using the given search parameters","stacktrace":"io.appium.uiautomator2.common.exceptions.ElementNotFoundException: An element could not be located on the page using the given search parameters\n\tat io.appium.uiautomator2.utils.ElementLocationHelpers.findElement(ElementLocationHelpers.java:153)\n\tat io.appium.uiautomator2.handler.FindElement.safeHandle(FindElement.java:60)\n\tat io.appium.uiautomator2.handler.request.SafeRequestHandler.handle(SafeRequestHandler.java:59)\n\tat io.appium.uiautomator2.server.AppiumServlet.handleRequest(AppiumServlet.java:267)\n\tat io.appium.uiautomator2.server.AppiumServlet.handleHttpRequest(AppiumServlet.java:261)\n\tat io.appium.uiautomator2.http.ServerHandler.channelRead(ServerHandler.java:77)\n\tat io.netty.channel.AbstractChannelHandlerContext.fireChannelRead(AbstractChannelHandlerContext.java:356)\n\tat io.netty.handler.codec.MessageToMessageDecoder.channelRead(MessageToMessageDecoder.java:107)\n\tat io.netty.channel.AbstractChannelHandlerContext.fireChannelRead(AbstractChannelHandlerContext.java:356)\n\tat io.netty.channel.CombinedChannelDuplexHandler$DelegatingChannelHandlerContext.fireChannelRead(CombinedChannelDuplexHandler.java:434)\n\tat io.netty.handler.codec.ByteToMessageDecoder.fireChannelRead(ByteToMessageDecoder.java:346)\n\tat io.netty.handler.codec.ByteToMessageDecoder.channelRead(ByteToMessageDecoder.java:318)\n\tat io.netty.channel.CombinedChannelDuplexHandler.channelRead(CombinedChannelDuplexHandler.java:249)\n\tat io.netty.channel.AbstractChannelHandlerContext.fireChannelRead(AbstractChannelHandlerContext.java:354)\n\tat io.netty.handler.timeout.IdleStateHandler.channelRead(IdleStateHandler.java:293)\n\tat io.netty.channel.AbstractChannelHandlerContext.fireChannelRead(AbstractChannelHandlerContext.java:354)\n\tat io.netty.channel.DefaultChannelPipeline$HeadContext.channelRead(DefaultChannelPipeline.java:1429)\n\tat io.netty.channel.DefaultChannelPipeline.fireChannelRead(DefaultChannelPipeline.java:918)\n\tat io.netty.channel.nio.AbstractNioByteChannel$NioByteUnsafe.read(AbstractNioByteChannel.java:168)\n\tat io.netty.channel.nio.AbstractNioChannel$AbstractNioUnsafe.handle(AbstractNioChannel.java:445)\n\tat io.netty.channel.nio.NioIoHandler$DefaultNioRegistration.handle(NioIoHandler.java:388)\n\tat io.netty.channel.nio.NioIoHandler.processSelectedKey(NioIoHandler.java:596)\n\tat io.netty.channel.nio.NioIoHandler.processSelectedKeysOptimized(NioIoHandler.java:571)\n\tat io.netty.channel.nio.NioIoHandler.processSelectedKeys(NioIoHandler.java:512)\n\tat io.netty.channel.nio.NioIoHandler.run(NioIoHandler.java:484)\n\tat io.netty.channel.SingleThreadIoEventLoop.runIo(SingleThreadIoEventLoop.java:225)\n\tat io.netty.channel.SingleThreadIoEventLoop.run(SingleThreadIoEventLoop.java:196)\n\tat io.netty.util.concurrent.SingleThreadEventExecutor$5.run(SingleThreadEventExecutor.java:1193)\n\tat io.netty.util.internal.ThreadExecutorMap$2.run(ThreadExecutorMap.java:74)\n\tat io.netty.util.concurrent.FastThreadLocalRunnable.run(FastThreadLocalRunnable.java:30)\n\tat java.lang.Thread.run(Thread.java:764)\n"}}
05-18 19:20:24.670  5184  5325 I MainActivity: slipLines[[{"st":0},{"f":"N","p":"C","l":42,"t1":"                ORHAN ÜNAL                "},{"f":"N","p":"C","l":42,"t1":"                ORHAN ÜNAL                "},{"f":"N","p":"C","l":42,"t1":"                  BATMAN                  "},{"f":"N","p":"C","l":42,"t1":"                7987897897                "},{"f":"N","p":"C","l":42,"t1":"               Test Bankası               "},{"f":"N","p":"C","l":42,"t1":"TARİH:18.05.26                 SAAT:19:20 "},{"f":"N","p":"C","l":42,"t1":"İŞYERİ: 000000000000002      POS:10005713 "},{"f":"N","p":"C","l":42,"t1":"BATCH NO:007981                       M11 "},{"f":"N","p":"C","l":42,"t1":"İŞLEM NO:000002               STAN:000040 "},{"f":"N","p":"C","l":42,"t1":"SN:PAX900000007 PAX/920PRO                "},{"f":"N","p":"C","l":1,"t1":"\n"},{"f":"B","p":"C","l":26,"t1":"          SATIŞ           "},{"f":"N","p":"C","l":42,"t1":"           **** **** **** 9805            "},{"f":"N","p":"C","l":42,"t1":"           VISA/Kredi/Yurt İçi            "},{"f":"B","p":"C","l":26,"t1":"       İŞLEM TUTARI       "},{"f":"B","p":"C","l":26,"t1":"        100,00  TL        "},{"f":"N","p":"C","l":42,"t1":"              TESTPUAN:                   "},{"f":"N","p":"C","l":42,"t1":" 2,00TL 1 AY ERTELENMİŞTİR.      ALIŞVERİ "},{"f":"N","p":"C","l":42,"t1":" Ş TUTARINIZ 30/01/2022  TARİHİNDE EKSTRE "},{"f":"N","p":"C","l":42,"t1":" NİZE YANSITILACAKTIR.                    "},{"f":"N","p":"C","l":42,"t1":"          BU ÜYE İŞYERİNDEN YAPTIĞINIZ    "},{"f":"N","p":"C","l":42,"t1":"  İŞLEM SONUCUNDA EKSTRA 2 TEST PUAN      "},{"f":"N","p":"C","l":42,"t1":"      (2.00 TL) KAZANDINIZ. ************* "},{"f":"N","p":"C","l":42,"t1":"ONAY KODU:616982         RRN:613803121379 "},{"f":"N","p":"C","l":42,"t1":"     BANKA REFERANS:0000613803121379      "},{"f":"N","p":"C","l":42,"t1":"             ACQUIRER ID:0001             "},{"f":"N","p":"C","l":42,"t1":"  TUTAR KARŞILIĞI MAL VEYA HİZMET ALDIM   "},{"f":"N","p":"C","l":1,"t1":"\n"},{"f":"N","p":"C","l":42,"t1":"             MÜŞTERİ NÜSHASI              "},{"f":"N","p":"C","l":42,"t1":"          BU BELGEYİ SAKLAYINIZ           "},{"f":"N","p":"C","l":1,"t1":"\n"},{"f":"N","p":"C","l":1,"t1":"\n"},{"f":"N","p":"C","l":1,"t1":"\n"},{"f":"N","p":"C","l":2,"t1":"\n\n"},{"f":"N","p":"C","l":1,"t1":" "}], [{"st":1},{"f":"N","p":"C","l":42,"t1":"                ORHAN ÜNAL                "},{"f":"N","p":"C","l":42,"t1":"                7987897897                "},{"f":"N","p":"C","l":42,"t1":"               Test Bankası               "},{"f":"N","p":"C","l":42,"t1":"TARİH:18.05.26                 SAAT:19:20 "},{"f":"N","p":"C","l":42,"t1":"İŞYERİ: 000000000000002      POS:10005713 "},{"f":"N","p":"C","l":42,"t1":"BATCH NO:007981                       M11 "},{"f":"N","p":"C","l":42,"t1":"İŞLEM NO:000002               STAN:000040 "},{"f":"N","p":"C","l":42,"t1":"SN:PAX900000007 PAX/920PRO   VER:2.1.6_13 "},{"f":"N","p":"C","l":1,"t1":"\n"},{"f":"B","p":"C","l":26,"t1":"          SATIŞ           "},{"f":"N","p":"C","l":42,"t1":"           4506 **** **** 9805            "},{"f":"N","p":"C","l":42,"t1":"           VISA/Kredi/Yurt İçi            "},{"f":"B","p":"C","l":26,"t1":"       İŞLEM TUTARI       "},{"f":"B","p":"C","l":26,"t1":"        100,00  TL        "},{"f":"N","p":"C","l":42,"t1":"ONAY KODU:616982         RRN:613803121379 "},{"f":"N","p":"C","l":42,"t1":"     BANKA REFERANS:0000613803121379      "},{"f":"N","p":"C","l":42,"t1":"             ACQUIRER ID:0001             "},{"f":"N","p":"C","l":42,"t1":"  TUTAR KARŞILIĞI MAL VEYA HİZMET ALDIM   "},{"f":"N","p":"C","l":1,"t1":"\n"},{"f":"N","p":"C","l":1,"t1":"\n"},{"f":"B","p":"C","l":26,"t1":"     ----------------     "},{"f":"B","p":"C","l":26,"t1":"           IMZA           "},{"f":"N","p":"C","l":42,"t1":"              İŞYERİ NÜSHASI              "},{"f":"N","p":"C","l":42,"t1":"          BU BELGEYİ SAKLAYINIZ           "},{"f":"N","p":"C","l":1,"t1":"\n"},{"f":"N","p":"C","l":1,"t1":"\n"},{"f":"
05-18 19:20:24.748  5184  5325 I MainActivity: {"mercSlipName":"ORHAN ÜNAL","mercSlipAddr":"ORHAN ÜNAL\n\n\n","mercCity":"BATMAN","mercPhoneNo":"7987897897","acqName":"Test Bankası","date":"18.05.26","time":"19:20","mercId":"000000000000002","termId":"10005713","batchNo":7981,"tranCode":"M11","tranNo":2,"stanNo":40,"sn":"PAX900000007","modelNumber":"PAX/920PRO","appVer":"2.1.6_13","tranName":"T_SALE","pan":"4506 **** **** 9805","cardDescription":"VISA/Kredi/Yurt İçi","amount":"100,00  TL","freeFormat2":"TESTPUAN:    ","freeFormat4":"NİZE YANSITILACAKTIR.                   ","freeFormat5":"     (2.00 TL) KAZANDINIZ. *************","authCode":"616982","rrn":"613803121379","bankRefNo":"0000613803121379","acquirerId":1,"subInfo":"TUTAR KARŞILIĞI MAL VEYA HİZMET ALDIM","ownerInfo":"İŞYERİ NÜSHASI","warning":"BU BELGEYİ SAKLAYINIZ","sign":"IMZA"}
05-18 19:20:24.759  5184  5325 D TechposHeader: {"bankVersion":"2106","idleVersion":"2.1.6_13","serialNumber":"PAX900000007","terminalId":"10005713"}
05-18 19:20:25.397   669 16339 D BroadcastQueue: Add broadcast <BroadcastRecord{d1cd4f7 u0 com.pax.intent.action.TransactionResponse}> into [ordered | background], pending size 0
05-18 19:20:25.397   669 16339 D BroadcastQueue: Header is BroadcastRecord{d1cd4f7 u0 com.pax.intent.action.TransactionResponse} now
05-18 19:20:25.406   669 16339 I ActivityManager: START u0 {flg=0x20000000 cmp=com.pax.mainapp/.ManagerActivity (has extras)} from uid 10050, pid 2154
05-18 19:20:25.406   669 16339 W ActivityManager: startActivity ActivityRecord r=ActivityRecord{c341f64 u0 com.pax.mainapp/.ManagerActivity t-1}
05-18 19:20:25.415   669 16339 I ActivityManager: ->startActivity for ActivityRecord{c341f64 u0 com.pax.mainapp/.ManagerActivity t316} result:2
05-18 19:20:25.419   669  1264 W ActivityManager: Duplicate finish request for ActivityRecord{b73ebe u0 com.pax.mainapp/.StarterActivity t316 f}
05-18 19:20:25.561  5093  5119 I appium  : AppiumResponse: {"sessionId":"e060cd36-560e-42c5-91e1-180205131cf7","value":{"error":"no such element","message":"An element could not be located on the page using the given search parameters","stacktrace":"io.appium.uiautomator2.common.exceptions.ElementNotFoundException: An element could not be located on the page using the given search parameters\n\tat io.appium.uiautomator2.utils.ElementLocationHelpers.findElement(ElementLocationHelpers.java:153)\n\tat io.appium.uiautomator2.handler.FindElement.safeHandle(FindElement.java:60)\n\tat io.appium.uiautomator2.handler.request.SafeRequestHandler.handle(SafeRequestHandler.java:59)\n\tat io.appium.uiautomator2.server.AppiumServlet.handleRequest(AppiumServlet.java:267)\n\tat io.appium.uiautomator2.server.AppiumServlet.handleHttpRequest(AppiumServlet.java:261)\n\tat io.appium.uiautomator2.http.ServerHandler.channelRead(ServerHandler.java:77)\n\tat io.netty.channel.AbstractChannelHandlerContext.fireChannelRead(AbstractChannelHandlerContext.java:356)\n\tat io.netty.handler.codec.MessageToMessageDecoder.channelRead(MessageToMessageDecoder.java:107)\n\tat io.netty.channel.AbstractChannelHandlerContext.fireChannelRead(AbstractChannelHandlerContext.java:356)\n\tat io.netty.channel.CombinedChannelDuplexHandler$DelegatingChannelHandlerContext.fireChannelRead(CombinedChannelDuplexHandler.java:434)\n\tat io.netty.handler.codec.ByteToMessageDecoder.fireChannelRead(ByteToMessageDecoder.java:346)\n\tat io.netty.handler.codec.ByteToMessageDecoder.channelRead(ByteToMessageDecoder.java:318)\n\tat io.netty.channel.CombinedChannelDuplexHandler.channelRead(CombinedChannelDuplexHandler.java:249)\n\tat io.netty.channel.AbstractChannelHandlerContext.fireChannelRead(AbstractChannelHandlerContext.java:354)\n\tat io.netty.handler.timeout.IdleStateHandler.channelRead(IdleStateHandler.java:293)\n\tat io.netty.channel.AbstractChannelHandlerContext.fireChannelRead(AbstractChannelHandlerContext.java:354)\n\tat io.netty.channel.DefaultChannelPipeline$HeadContext.channelRead(DefaultChannelPipeline.java:1429)\n\tat io.netty.channel.DefaultChannelPipeline.fireChannelRead(DefaultChannelPipeline.java:918)\n\tat io.netty.channel.nio.AbstractNioByteChannel$NioByteUnsafe.read(AbstractNioByteChannel.java:168)\n\tat io.netty.channel.nio.AbstractNioChannel$AbstractNioUnsafe.handle(AbstractNioChannel.java:445)\n\tat io.netty.channel.nio.NioIoHandler$DefaultNioRegistration.handle(NioIoHandler.java:388)\n\tat io.netty.channel.nio.NioIoHandler.processSelectedKey(NioIoHandler.java:596)\n\tat io.netty.channel.nio.NioIoHandler.processSelectedKeysOptimized(NioIoHandler.java:571)\n\tat io.netty.channel.nio.NioIoHandler.processSelectedKeys(NioIoHandler.java:512)\n\tat io.netty.channel.nio.NioIoHandler.run(NioIoHandler.java:484)\n\tat io.netty.channel.SingleThreadIoEventLoop.runIo(SingleThreadIoEventLoop.java:225)\n\tat io.netty.channel.SingleThreadIoEventLoop.run(SingleThreadIoEventLoop.java:196)\n\tat io.netty.util.concurrent.SingleThreadEventExecutor$5.run(SingleThreadEventExecutor.java:1193)\n\tat io.netty.util.internal.ThreadExecutorMap$2.run(ThreadExecutorMap.java:74)\n\tat io.netty.util.concurrent.FastThreadLocalRunnable.run(FastThreadLocalRunnable.java:30)\n\tat java.lang.Thread.run(Thread.java:764)\n"}}
05-18 19:20:25.655   669   669 D BroadcastQueue: Add broadcast <BroadcastRecord{2bfc993 u0 com.pax.refresh.inputMedthod}> into [parallel | background], pending size 0
05-18 19:20:25.656   669   683 D BroadcastQueue: Done with parallel broadcast [background] [BroadcastRecord{2bfc993 u0 com.pax.refresh.inputMedthod}]
05-18 19:20:26.264  5093  5119 I appium  : AppiumResponse: {"sessionId":"e060cd36-560e-42c5-91e1-180205131cf7","value":{"error":"no such element","message":"An element could not be located on the page using the given search parameters","stacktrace":"io.appium.uiautomator2.common.exceptions.ElementNotFoundException: An element could not be located on the page using the given search parameters\n\tat io.appium.uiautomator2.utils.ElementLocationHelpers.findElement(ElementLocationHelpers.java:153)\n\tat io.appium.uiautomator2.handler.FindElement.safeHandle(FindElement.java:60)\n\tat io.appium.uiautomator2.handler.request.SafeRequestHandler.handle(SafeRequestHandler.java:59)\n\tat io.appium.uiautomator2.server.AppiumServlet.handleRequest(AppiumServlet.java:267)\n\tat io.appium.uiautomator2.server.AppiumServlet.handleHttpRequest(AppiumServlet.java:261)\n\tat io.appium.uiautomator2.http.ServerHandler.channelRead(ServerHandler.java:77)\n\tat io.netty.channel.AbstractChannelHandlerContext.fireChannelRead(AbstractChannelHandlerContext.java:356)\n\tat io.netty.handler.codec.MessageToMessageDecoder.channelRead(MessageToMessageDecoder.java:107)\n\tat io.netty.channel.AbstractChannelHandlerContext.fireChannelRead(AbstractChannelHandlerContext.java:356)\n\tat io.netty.channel.CombinedChannelDuplexHandler$DelegatingChannelHandlerContext.fireChannelRead(CombinedChannelDuplexHandler.java:434)\n\tat io.netty.handler.codec.ByteToMessageDecoder.fireChannelRead(ByteToMessageDecoder.java:346)\n\tat io.netty.handler.codec.ByteToMessageDecoder.channelRead(ByteToMessageDecoder.java:318)\n\tat io.netty.channel.CombinedChannelDuplexHandler.channelRead(CombinedChannelDuplexHandler.java:249)\n\tat io.netty.channel.AbstractChannelHandlerContext.fireChannelRead(AbstractChannelHandlerContext.java:354)\n\tat io.netty.handler.timeout.IdleStateHandler.channelRead(IdleStateHandler.java:293)\n\tat io.netty.channel.AbstractChannelHandlerContext.fireChannelRead(AbstractChannelHandlerContext.java:354)\n\tat io.netty.channel.DefaultChannelPipeline$HeadContext.channelRead(DefaultChannelPipeline.java:1429)\n\tat io.netty.channel.DefaultChannelPipeline.fireChannelRead(DefaultChannelPipeline.java:918)\n\tat io.netty.channel.nio.AbstractNioByteChannel$NioByteUnsafe.read(AbstractNioByteChannel.java:168)\n\tat io.netty.channel.nio.AbstractNioChannel$AbstractNioUnsafe.handle(AbstractNioChannel.java:445)\n\tat io.netty.channel.nio.NioIoHandler$DefaultNioRegistration.handle(NioIoHandler.java:388)\n\tat io.netty.channel.nio.NioIoHandler.processSelectedKey(NioIoHandler.java:596)\n\tat io.netty.channel.nio.NioIoHandler.processSelectedKeysOptimized(NioIoHandler.java:571)\n\tat io.netty.channel.nio.NioIoHandler.processSelectedKeys(NioIoHandler.java:512)\n\tat io.netty.channel.nio.NioIoHandler.run(NioIoHandler.java:484)\n\tat io.netty.channel.SingleThreadIoEventLoop.runIo(SingleThreadIoEventLoop.java:225)\n\tat io.netty.channel.SingleThreadIoEventLoop.run(SingleThreadIoEventLoop.java:196)\n\tat io.netty.util.concurrent.SingleThreadEventExecutor$5.run(SingleThreadEventExecutor.java:1193)\n\tat io.netty.util.internal.ThreadExecutorMap$2.run(ThreadExecutorMap.java:74)\n\tat io.netty.util.concurrent.FastThreadLocalRunnable.run(FastThreadLocalRunnable.java:30)\n\tat java.lang.Thread.run(Thread.java:764)\n"}}
05-18 19:20:26.796   669  1264 D BroadcastQueue: Add broadcast <BroadcastRecord{5c5cdd0 u0 com.pax.intent.action.TransactionResponse}> into [ordered | background], pending size 1
05-18 19:20:26.796   669  1264 D BroadcastQueue: Header is BroadcastRecord{d1cd4f7 u0 com.pax.intent.action.TransactionResponse} now
05-18 19:20:26.803   669 16339 I ActivityManager: START u0 {flg=0x10000000 cmp=com.pax.samplesalea/.ResultActivity (has extras)} from uid 10057, pid 5132
05-18 19:20:26.804   669 16339 W ActivityManager: startActivity ActivityRecord r=ActivityRecord{d6ca0ce u0 com.pax.samplesalea/.ResultActivity t-1}
05-18 19:20:26.829   669 16339 I ActivityManager: ->startActivity for ActivityRecord{d6ca0ce u0 com.pax.samplesalea/.ResultActivity t315} result:0
05-18 19:20:26.830   669 16339 D BroadcastQueue: Finished with ordered broadcast BroadcastRecord{d1cd4f7 u0 com.pax.intent.action.TransactionResponse} receivers:(1) take 1433ms in [background], remains 1
05-18 19:20:26.840   669 16339 I WindowManager: Failed to capture screenshot of Token{d31a13 ActivityRecord{153c24d u0 com.pax.mainapp/.ManagerActivity t316 f}} appWin=Window{41b95c3 u0 com.pax.mainapp/com.pax.mainapp.ManagerActivity} drawState=1
05-18 19:20:26.860   669  1271 D BroadcastQueue: Finished with ordered broadcast BroadcastRecord{5c5cdd0 u0 com.pax.intent.action.TransactionResponse} receivers:(1) take 29ms in [background], remains 0
05-18 19:20:26.991  5093  5119 I appium  : AppiumResponse: {"sessionId":"e060cd36-560e-42c5-91e1-180205131cf7","value":{"error":"no such element","message":"An element could not be located on the page using the given search parameters","stacktrace":"io.appium.uiautomator2.common.exceptions.ElementNotFoundException: An element could not be located on the page using the given search parameters\n\tat io.appium.uiautomator2.utils.ElementLocationHelpers.findElement(ElementLocationHelpers.java:153)\n\tat io.appium.uiautomator2.handler.FindElement.safeHandle(FindElement.java:60)\n\tat io.appium.uiautomator2.handler.request.SafeRequestHandler.handle(SafeRequestHandler.java:59)\n\tat io.appium.uiautomator2.server.AppiumServlet.handleRequest(AppiumServlet.java:267)\n\tat io.appium.uiautomator2.server.AppiumServlet.handleHttpRequest(AppiumServlet.java:261)\n\tat io.appium.uiautomator2.http.ServerHandler.channelRead(ServerHandler.java:77)\n\tat io.netty.channel.AbstractChannelHandlerContext.fireChannelRead(AbstractChannelHandlerContext.java:356)\n\tat io.netty.handler.codec.MessageToMessageDecoder.channelRead(MessageToMessageDecoder.java:107)\n\tat io.netty.channel.AbstractChannelHandlerContext.fireChannelRead(AbstractChannelHandlerContext.java:356)\n\tat io.netty.channel.CombinedChannelDuplexHandler$DelegatingChannelHandlerContext.fireChannelRead(CombinedChannelDuplexHandler.java:434)\n\tat io.netty.handler.codec.ByteToMessageDecoder.fireChannelRead(ByteToMessageDecoder.java:346)\n\tat io.netty.handler.codec.ByteToMessageDecoder.channelRead(ByteToMessageDecoder.java:318)\n\tat io.netty.channel.CombinedChannelDuplexHandler.channelRead(CombinedChannelDuplexHandler.java:249)\n\tat io.netty.channel.AbstractChannelHandlerContext.fireChannelRead(AbstractChannelHandlerContext.java:354)\n\tat io.netty.handler.timeout.IdleStateHandler.channelRead(IdleStateHandler.java:293)\n\tat io.netty.channel.AbstractChannelHandlerContext.fireChannelRead(AbstractChannelHandlerContext.java:354)\n\tat io.netty.channel.DefaultChannelPipeline$HeadContext.channelRead(DefaultChannelPipeline.java:1429)\n\tat io.netty.channel.DefaultChannelPipeline.fireChannelRead(DefaultChannelPipeline.java:918)\n\tat io.netty.channel.nio.AbstractNioByteChannel$NioByteUnsafe.read(AbstractNioByteChannel.java:168)\n\tat io.netty.channel.nio.AbstractNioChannel$AbstractNioUnsafe.handle(AbstractNioChannel.java:445)\n\tat io.netty.channel.nio.NioIoHandler$DefaultNioRegistration.handle(NioIoHandler.java:388)\n\tat io.netty.channel.nio.NioIoHandler.processSelectedKey(NioIoHandler.java:596)\n\tat io.netty.channel.nio.NioIoHandler.processSelectedKeysOptimized(NioIoHandler.java:571)\n\tat io.netty.channel.nio.NioIoHandler.processSelectedKeys(NioIoHandler.java:512)\n\tat io.netty.channel.nio.NioIoHandler.run(NioIoHandler.java:484)\n\tat io.netty.channel.SingleThreadIoEventLoop.runIo(SingleThreadIoEventLoop.java:225)\n\tat io.netty.channel.SingleThreadIoEventLoop.run(SingleThreadIoEventLoop.java:196)\n\tat io.netty.util.concurrent.SingleThreadEventExecutor$5.run(SingleThreadEventExecutor.java:1193)\n\tat io.netty.util.internal.ThreadExecutorMap$2.run(ThreadExecutorMap.java:74)\n\tat io.netty.util.concurrent.FastThreadLocalRunnable.run(FastThreadLocalRunnable.java:30)\n\tat java.lang.Thread.run(Thread.java:764)\n"}}
05-18 19:20:27.226   669  1271 D WindowManager: Input focus has changed to Window{954d80b u0 com.pax.samplesalea/com.pax.samplesalea.ResultActivity}
05-18 19:20:27.851   669  1264 D BroadcastQueue: Add broadcast <BroadcastRecord{1104b00 u0 com.pax.intent.action.TransactionResponse}> into [ordered | background], pending size 0
05-18 19:20:27.851   669  1264 D BroadcastQueue: Header is BroadcastRecord{1104b00 u0 com.pax.intent.action.TransactionResponse} now
05-18 19:20:27.857   669 16339 W ActivityManager: Duplicate finish request for ActivityRecord{153c24d u0 com.pax.mainapp/.ManagerActivity t316 f}
05-18 19:20:27.867   669 16339 D BroadcastQueue: Finished with ordered broadcast BroadcastRecord{1104b00 u0 com.pax.intent.action.TransactionResponse} receivers:(1) take 16ms in [background], remains 0
05-18 19:20:28.014   669   669 D BroadcastQueue: Add broadcast <BroadcastRecord{cca1f39 u0 com.pax.refresh.inputMedthod}> into [parallel | background], pending size 0
05-18 19:20:28.015   669   683 D BroadcastQueue: Done with parallel broadcast [background] [BroadcastRecord{cca1f39 u0 com.pax.refresh.inputMedthod}]
05-18 19:20:28.044   669   669 D BroadcastQueue: Add broadcast <BroadcastRecord{6a8d97e u0 com.pax.refresh.inputMedthod}> into [parallel | background], pending size 0
05-18 19:20:28.045   669   683 D BroadcastQueue: Done with parallel broadcast [background] [BroadcastRecord{6a8d97e u0 com.pax.refresh.inputMedthod}]
05-18 19:20:28.433  5093  5119 I appium  : AppiumResponse: {"sessionId":"e060cd36-560e-42c5-91e1-180205131cf7","value":{"ELEMENT":"00000000-0000-041f-ffff-ffff0000002c","element-6066-11e4-a52e-4f735466cecf":"00000000-0000-041f-ffff-ffff0000002c"}}
05-18 19:20:28.478  5093  5119 I appium  : AppiumResponse: {"sessionId":"e060cd36-560e-42c5-91e1-180205131cf7","value":"true"}
05-18 19:20:28.689  5093  5119 I appium  : AppiumResponse: {"sessionId":"e060cd36-560e-42c5-91e1-180205131cf7","value":{"ELEMENT":"00000000-0000-041f-ffff-ffff0000002c","element-6066-11e4-a52e-4f735466cecf":"00000000-0000-041f-ffff-ffff0000002c"}}
05-18 19:20:28.734  5093  5119 I appium  : AppiumResponse: {"sessionId":"e060cd36-560e-42c5-91e1-180205131cf7","value":"true"}
05-18 19:20:28.972  5093  5119 I appium  : AppiumResponse: {"sessionId":"e060cd36-560e-42c5-91e1-180205131cf7","value":{"ELEMENT":"00000000-0000-041f-ffff-ffff0000002c","element-6066-11e4-a52e-4f735466cecf":"00000000-0000-041f-ffff-ffff0000002c"}}
05-18 19:20:29.083  5093  5119 I appium  : AppiumResponse: {"sessionId":"e060cd36-560e-42c5-91e1-180205131cf7","value":null}
05-18 19:20:29.160   669 16339 D WindowManager: Input focus has changed to Window{e955101 u0 com.pax.samplesalea/com.pax.samplesalea.ResultActivity}
05-18 19:20:29.366  5093  5119 I appium  : AppiumResponse: {"sessionId":"e060cd36-560e-42c5-91e1-180205131cf7","value":{"ELEMENT":"00000000-0000-0420-ffff-ffff00000050","element-6066-11e4-a52e-4f735466cecf":"00000000-0000-0420-ffff-ffff00000050"}}
05-18 19:20:29.712  5093  5119 I appium  : AppiumResponse: {"sessionId":"e060cd36-560e-42c5-91e1-180205131cf7","value":"true"}
05-18 19:20:29.898  5093  5119 I appium  : AppiumResponse: {"sessionId":"e060cd36-560e-42c5-91e1-180205131cf7","value":{"ELEMENT":"00000000-0000-0420-ffff-ffff00000050","element-6066-11e4-a52e-4f735466cecf":"00000000-0000-0420-ffff-ffff00000050"}}
05-18 19:20:29.972  5093  5119 I appium  : AppiumResponse: {"sessionId":"e060cd36-560e-42c5-91e1-180205131cf7","value":null}
05-18 19:20:30.732  5093  5119 I appium  : AppiumResponse: {"sessionId":"e060cd36-560e-42c5-91e1-180205131cf7","value":{"ELEMENT":"00000000-0000-0420-ffff-ffff00000051","element-6066-11e4-a52e-4f735466cecf":"00000000-0000-0420-ffff-ffff00000051"}}
05-18 19:20:30.779  5093  5119 I appium  : AppiumResponse: {"sessionId":"e060cd36-560e-42c5-91e1-180205131cf7","value":"true"}
05-18 19:20:30.967  5093  5119 I appium  : AppiumResponse: {"sessionId":"e060cd36-560e-42c5-91e1-180205131cf7","value":{"ELEMENT":"00000000-0000-0420-ffff-ffff00000051","element-6066-11e4-a52e-4f735466cecf":"00000000-0000-0420-ffff-ffff00000051"}}
05-18 19:20:31.043   669  1264 I ActivityManager: START u0 {cmp=com.pax.samplesalea/.SaleActivity} from uid 10057, pid 5132
05-18 19:20:31.043   669  1264 W ActivityManager: startActivity ActivityRecord r=ActivityRecord{faf172c u0 com.pax.samplesalea/.SaleActivity t-1}
05-18 19:20:31.051   669  1264 I ActivityManager: ->startActivity for ActivityRecord{faf172c u0 com.pax.samplesalea/.SaleActivity t315} result:0
05-18 19:20:31.053  5093  5119 I appium  : AppiumResponse: {"sessionId":"e060cd36-560e-42c5-91e1-180205131cf7","value":null}
05-18 19:20:31.956   669  4769 D WindowManager: Input focus has changed to Window{21c9a56 u0 com.pax.samplesalea/com.pax.samplesalea.SaleActivity}
05-18 19:20:32.447  5093  5119 I appium  : AppiumResponse: {"sessionId":"e060cd36-560e-42c5-91e1-180205131cf7","value":{"error":"no such element","message":"An element could not be located on the page using the given search parameters","stacktrace":"io.appium.uiautomator2.common.exceptions.ElementNotFoundException: An element could not be located on the page using the given search parameters\n\tat io.appium.uiautomator2.utils.ElementLocationHelpers.findElement(ElementLocationHelpers.java:153)\n\tat io.appium.uiautomator2.handler.FindElement.safeHandle(FindElement.java:60)\n\tat io.appium.uiautomator2.handler.request.SafeRequestHandler.handle(SafeRequestHandler.java:59)\n\tat io.appium.uiautomator2.server.AppiumServlet.handleRequest(AppiumServlet.java:267)\n\tat io.appium.uiautomator2.server.AppiumServlet.handleHttpRequest(AppiumServlet.java:261)\n\tat io.appium.uiautomator2.http.ServerHandler.channelRead(ServerHandler.java:77)\n\tat io.netty.channel.AbstractChannelHandlerContext.fireChannelRead(AbstractChannelHandlerContext.java:356)\n\tat io.netty.handler.codec.MessageToMessageDecoder.channelRead(MessageToMessageDecoder.java:107)\n\tat io.netty.channel.AbstractChannelHandlerContext.fireChannelRead(AbstractChannelHandlerContext.java:356)\n\tat io.netty.channel.CombinedChannelDuplexHandler$DelegatingChannelHandlerContext.fireChannelRead(CombinedChannelDuplexHandler.java:434)\n\tat io.netty.handler.codec.ByteToMessageDecoder.fireChannelRead(ByteToMessageDecoder.java:346)\n\tat io.netty.handler.codec.ByteToMessageDecoder.channelRead(ByteToMessageDecoder.java:318)\n\tat io.netty.channel.CombinedChannelDuplexHandler.channelRead(CombinedChannelDuplexHandler.java:249)\n\tat io.netty.channel.AbstractChannelHandlerContext.fireChannelRead(AbstractChannelHandlerContext.java:354)\n\tat io.netty.handler.timeout.IdleStateHandler.channelRead(IdleStateHandler.java:293)\n\tat io.netty.channel.AbstractChannelHandlerContext.fireChannelRead(AbstractChannelHandlerContext.java:354)\n\tat io.netty.channel.DefaultChannelPipeline$HeadContext.channelRead(DefaultChannelPipeline.java:1429)\n\tat io.netty.channel.DefaultChannelPipeline.fireChannelRead(DefaultChannelPipeline.java:918)\n\tat io.netty.channel.nio.AbstractNioByteChannel$NioByteUnsafe.read(AbstractNioByteChannel.java:168)\n\tat io.netty.channel.nio.AbstractNioChannel$AbstractNioUnsafe.handle(AbstractNioChannel.java:445)\n\tat io.netty.channel.nio.NioIoHandler$DefaultNioRegistration.handle(NioIoHandler.java:388)\n\tat io.netty.channel.nio.NioIoHandler.processSelectedKey(NioIoHandler.java:596)\n\tat io.netty.channel.nio.NioIoHandler.processSelectedKeysOptimized(NioIoHandler.java:571)\n\tat io.netty.channel.nio.NioIoHandler.processSelectedKeys(NioIoHandler.java:512)\n\tat io.netty.channel.nio.NioIoHandler.run(NioIoHandler.java:484)\n\tat io.netty.channel.SingleThreadIoEventLoop.runIo(SingleThreadIoEventLoop.java:225)\n\tat io.netty.channel.SingleThreadIoEventLoop.run(SingleThreadIoEventLoop.java:196)\n\tat io.netty.util.concurrent.SingleThreadEventExecutor$5.run(SingleThreadEventExecutor.java:1193)\n\tat io.netty.util.internal.ThreadExecutorMap$2.run(ThreadExecutorMap.java:74)\n\tat io.netty.util.concurrent.FastThreadLocalRunnable.run(FastThreadLocalRunnable.java:30)\n\tat java.lang.Thread.run(Thread.java:764)\n"}}
05-18 19:20:33.272  5093  5119 I appium  : AppiumResponse: {"sessionId":"e060cd36-560e-42c5-91e1-180205131cf7","value":{"error":"no such element","message":"An element could not be located on the page using the given search parameters","stacktrace":"io.appium.uiautomator2.common.exceptions.ElementNotFoundException: An element could not be located on the page using the given search parameters\n\tat io.appium.uiautomator2.utils.ElementLocationHelpers.findElement(ElementLocationHelpers.java:153)\n\tat io.appium.uiautomator2.handler.FindElement.safeHandle(FindElement.java:60)\n\tat io.appium.uiautomator2.handler.request.SafeRequestHandler.handle(SafeRequestHandler.java:59)\n\tat io.appium.uiautomator2.server.AppiumServlet.handleRequest(AppiumServlet.java:267)\n\tat io.appium.uiautomator2.server.AppiumServlet.handleHttpRequest(AppiumServlet.java:261)\n\tat io.appium.uiautomator2.http.ServerHandler.channelRead(ServerHandler.java:77)\n\tat io.netty.channel.AbstractChannelHandlerContext.fireChannelRead(AbstractChannelHandlerContext.java:356)\n\tat io.netty.handler.codec.MessageToMessageDecoder.channelRead(MessageToMessageDecoder.java:107)\n\tat io.netty.channel.AbstractChannelHandlerContext.fireChannelRead(AbstractChannelHandlerContext.java:356)\n\tat io.netty.channel.CombinedChannelDuplexHandler$DelegatingChannelHandlerContext.fireChannelRead(CombinedChannelDuplexHandler.java:434)\n\tat io.netty.handler.codec.ByteToMessageDecoder.fireChannelRead(ByteToMessageDecoder.java:346)\n\tat io.netty.handler.codec.ByteToMessageDecoder.channelRead(ByteToMessageDecoder.java:318)\n\tat io.netty.channel.CombinedChannelDuplexHandler.channelRead(CombinedChannelDuplexHandler.java:249)\n\tat io.netty.channel.AbstractChannelHandlerContext.fireChannelRead(AbstractChannelHandlerContext.java:354)\n\tat io.netty.handler.timeout.IdleStateHandler.channelRead(IdleStateHandler.java:293)\n\tat io.netty.channel.AbstractChannelHandlerContext.fireChannelRead(AbstractChannelHandlerContext.java:354)\n\tat io.netty.channel.DefaultChannelPipeline$HeadContext.channelRead(DefaultChannelPipeline.java:1429)\n\tat io.netty.channel.DefaultChannelPipeline.fireChannelRead(DefaultChannelPipeline.java:918)\n\tat io.netty.channel.nio.AbstractNioByteChannel$NioByteUnsafe.read(AbstractNioByteChannel.java:168)\n\tat io.netty.channel.nio.AbstractNioChannel$AbstractNioUnsafe.handle(AbstractNioChannel.java:445)\n\tat io.netty.channel.nio.NioIoHandler$DefaultNioRegistration.handle(NioIoHandler.java:388)\n\tat io.netty.channel.nio.NioIoHandler.processSelectedKey(NioIoHandler.java:596)\n\tat io.netty.channel.nio.NioIoHandler.processSelectedKeysOptimized(NioIoHandler.java:571)\n\tat io.netty.channel.nio.NioIoHandler.processSelectedKeys(NioIoHandler.java:512)\n\tat io.netty.channel.nio.NioIoHandler.run(NioIoHandler.java:484)\n\tat io.netty.channel.SingleThreadIoEventLoop.runIo(SingleThreadIoEventLoop.java:225)\n\tat io.netty.channel.SingleThreadIoEventLoop.run(SingleThreadIoEventLoop.java:196)\n\tat io.netty.util.concurrent.SingleThreadEventExecutor$5.run(SingleThreadEventExecutor.java:1193)\n\tat io.netty.util.internal.ThreadExecutorMap$2.run(ThreadExecutorMap.java:74)\n\tat io.netty.util.concurrent.FastThreadLocalRunnable.run(FastThreadLocalRunnable.java:30)\n\tat java.lang.Thread.run(Thread.java:764)\n"}}
05-18 19:20:34.027  5093  5119 I appium  : AppiumResponse: {"sessionId":"e060cd36-560e-42c5-91e1-180205131cf7","value":{"error":"no such element","message":"An element could not be located on the page using the given search parameters","stacktrace":"io.appium.uiautomator2.common.exceptions.ElementNotFoundException: An element could not be located on the page using the given search parameters\n\tat io.appium.uiautomator2.utils.ElementLocationHelpers.findElement(ElementLocationHelpers.java:153)\n\tat io.appium.uiautomator2.handler.FindElement.safeHandle(FindElement.java:60)\n\tat io.appium.uiautomator2.handler.request.SafeRequestHandler.handle(SafeRequestHandler.java:59)\n\tat io.appium.uiautomator2.server.AppiumServlet.handleRequest(AppiumServlet.java:267)\n\tat io.appium.uiautomator2.server.AppiumServlet.handleHttpRequest(AppiumServlet.java:261)\n\tat io.appium.uiautomator2.http.ServerHandler.channelRead(ServerHandler.java:77)\n\tat io.netty.channel.AbstractChannelHandlerContext.fireChannelRead(AbstractChannelHandlerContext.java:356)\n\tat io.netty.handler.codec.MessageToMessageDecoder.channelRead(MessageToMessageDecoder.java:107)\n\tat io.netty.channel.AbstractChannelHandlerContext.fireChannelRead(AbstractChannelHandlerContext.java:356)\n\tat io.netty.channel.CombinedChannelDuplexHandler$DelegatingChannelHandlerContext.fireChannelRead(CombinedChannelDuplexHandler.java:434)\n\tat io.netty.handler.codec.ByteToMessageDecoder.fireChannelRead(ByteToMessageDecoder.java:346)\n\tat io.netty.handler.codec.ByteToMessageDecoder.channelRead(ByteToMessageDecoder.java:318)\n\tat io.netty.channel.CombinedChannelDuplexHandler.channelRead(CombinedChannelDuplexHandler.java:249)\n\tat io.netty.channel.AbstractChannelHandlerContext.fireChannelRead(AbstractChannelHandlerContext.java:354)\n\tat io.netty.handler.timeout.IdleStateHandler.channelRead(IdleStateHandler.java:293)\n\tat io.netty.channel.AbstractChannelHandlerContext.fireChannelRead(AbstractChannelHandlerContext.java:354)\n\tat io.netty.channel.DefaultChannelPipeline$HeadContext.channelRead(DefaultChannelPipeline.java:1429)\n\tat io.netty.channel.DefaultChannelPipeline.fireChannelRead(DefaultChannelPipeline.java:918)\n\tat io.netty.channel.nio.AbstractNioByteChannel$NioByteUnsafe.read(AbstractNioByteChannel.java:168)\n\tat io.netty.channel.nio.AbstractNioChannel$AbstractNioUnsafe.handle(AbstractNioChannel.java:445)\n\tat io.netty.channel.nio.NioIoHandler$DefaultNioRegistration.handle(NioIoHandler.java:388)\n\tat io.netty.channel.nio.NioIoHandler.processSelectedKey(NioIoHandler.java:596)\n\tat io.netty.channel.nio.NioIoHandler.processSelectedKeysOptimized(NioIoHandler.java:571)\n\tat io.netty.channel.nio.NioIoHandler.processSelectedKeys(NioIoHandler.java:512)\n\tat io.netty.channel.nio.NioIoHandler.run(NioIoHandler.java:484)\n\tat io.netty.channel.SingleThreadIoEventLoop.runIo(SingleThreadIoEventLoop.java:225)\n\tat io.netty.channel.SingleThreadIoEventLoop.run(SingleThreadIoEventLoop.java:196)\n\tat io.netty.util.concurrent.SingleThreadEventExecutor$5.run(SingleThreadEventExecutor.java:1193)\n\tat io.netty.util.internal.ThreadExecutorMap$2.run(ThreadExecutorMap.java:74)\n\tat io.netty.util.concurrent.FastThreadLocalRunnable.run(FastThreadLocalRunnable.java:30)\n\tat java.lang.Thread.run(Thread.java:764)\n"}}
05-18 19:20:34.750  5093  5119 I appium  : AppiumResponse: {"sessionId":"e060cd36-560e-42c5-91e1-180205131cf7","value":{"error":"no such element","message":"An element could not be located on the page using the given search parameters","stacktrace":"io.appium.uiautomator2.common.exceptions.ElementNotFoundException: An element could not be located on the page using the given search parameters\n\tat io.appium.uiautomator2.utils.ElementLocationHelpers.findElement(ElementLocationHelpers.java:153)\n\tat io.appium.uiautomator2.handler.FindElement.safeHandle(FindElement.java:60)\n\tat io.appium.uiautomator2.handler.request.SafeRequestHandler.handle(SafeRequestHandler.java:59)\n\tat io.appium.uiautomator2.server.AppiumServlet.handleRequest(AppiumServlet.java:267)\n\tat io.appium.uiautomator2.server.AppiumServlet.handleHttpRequest(AppiumServlet.java:261)\n\tat io.appium.uiautomator2.http.ServerHandler.channelRead(ServerHandler.java:77)\n\tat io.netty.channel.AbstractChannelHandlerContext.fireChannelRead(AbstractChannelHandlerContext.java:356)\n\tat io.netty.handler.codec.MessageToMessageDecoder.channelRead(MessageToMessageDecoder.java:107)\n\tat io.netty.channel.AbstractChannelHandlerContext.fireChannelRead(AbstractChannelHandlerContext.java:356)\n\tat io.netty.channel.CombinedChannelDuplexHandler$DelegatingChannelHandlerContext.fireChannelRead(CombinedChannelDuplexHandler.java:434)\n\tat io.netty.handler.codec.ByteToMessageDecoder.fireChannelRead(ByteToMessageDecoder.java:346)\n\tat io.netty.handler.codec.ByteToMessageDecoder.channelRead(ByteToMessageDecoder.java:318)\n\tat io.netty.channel.CombinedChannelDuplexHandler.channelRead(CombinedChannelDuplexHandler.java:249)\n\tat io.netty.channel.AbstractChannelHandlerContext.fireChannelRead(AbstractChannelHandlerContext.java:354)\n\tat io.netty.handler.timeout.IdleStateHandler.channelRead(IdleStateHandler.java:293)\n\tat io.netty.channel.AbstractChannelHandlerContext.fireChannelRead(AbstractChannelHandlerContext.java:354)\n\tat io.netty.channel.DefaultChannelPipeline$HeadContext.channelRead(DefaultChannelPipeline.java:1429)\n\tat io.netty.channel.DefaultChannelPipeline.fireChannelRead(DefaultChannelPipeline.java:918)\n\tat io.netty.channel.nio.AbstractNioByteChannel$NioByteUnsafe.read(AbstractNioByteChannel.java:168)\n\tat io.netty.channel.nio.AbstractNioChannel$AbstractNioUnsafe.handle(AbstractNioChannel.java:445)\n\tat io.netty.channel.nio.NioIoHandler$DefaultNioRegistration.handle(NioIoHandler.java:388)\n\tat io.netty.channel.nio.NioIoHandler.processSelectedKey(NioIoHandler.java:596)\n\tat io.netty.channel.nio.NioIoHandler.processSelectedKeysOptimized(NioIoHandler.java:571)\n\tat io.netty.channel.nio.NioIoHandler.processSelectedKeys(NioIoHandler.java:512)\n\tat io.netty.channel.nio.NioIoHandler.run(NioIoHandler.java:484)\n\tat io.netty.channel.SingleThreadIoEventLoop.runIo(SingleThreadIoEventLoop.java:225)\n\tat io.netty.channel.SingleThreadIoEventLoop.run(SingleThreadIoEventLoop.java:196)\n\tat io.netty.util.concurrent.SingleThreadEventExecutor$5.run(SingleThreadEventExecutor.java:1193)\n\tat io.netty.util.internal.ThreadExecutorMap$2.run(ThreadExecutorMap.java:74)\n\tat io.netty.util.concurrent.FastThreadLocalRunnable.run(FastThreadLocalRunnable.java:30)\n\tat java.lang.Thread.run(Thread.java:764)\n"}}
05-18 19:20:34.774   296   444 D ENGPC   : parse_event: event { 'change', '/devices/virtual/xt_idletimer/timers', 'xt_idletimer', '' }
05-18 19:20:35.521  5093  5119 I appium  : AppiumResponse: {"sessionId":"e060cd36-560e-42c5-91e1-180205131cf7","value":{"error":"no such element","message":"An element could not be located on the page using the given search parameters","stacktrace":"io.appium.uiautomator2.common.exceptions.ElementNotFoundException: An element could not be located on the page using the given search parameters\n\tat io.appium.uiautomator2.utils.ElementLocationHelpers.findElement(ElementLocationHelpers.java:153)\n\tat io.appium.uiautomator2.handler.FindElement.safeHandle(FindElement.java:60)\n\tat io.appium.uiautomator2.handler.request.SafeRequestHandler.handle(SafeRequestHandler.java:59)\n\tat io.appium.uiautomator2.server.AppiumServlet.handleRequest(AppiumServlet.java:267)\n\tat io.appium.uiautomator2.server.AppiumServlet.handleHttpRequest(AppiumServlet.java:261)\n\tat io.appium.uiautomator2.http.ServerHandler.channelRead(ServerHandler.java:77)\n\tat io.netty.channel.AbstractChannelHandlerContext.fireChannelRead(AbstractChannelHandlerContext.java:356)\n\tat io.netty.handler.codec.MessageToMessageDecoder.channelRead(MessageToMessageDecoder.java:107)\n\tat io.netty.channel.AbstractChannelHandlerContext.fireChannelRead(AbstractChannelHandlerContext.java:356)\n\tat io.netty.channel.CombinedChannelDuplexHandler$DelegatingChannelHandlerContext.fireChannelRead(CombinedChannelDuplexHandler.java:434)\n\tat io.netty.handler.codec.ByteToMessageDecoder.fireChannelRead(ByteToMessageDecoder.java:346)\n\tat io.netty.handler.codec.ByteToMessageDecoder.channelRead(ByteToMessageDecoder.java:318)\n\tat io.netty.channel.CombinedChannelDuplexHandler.channelRead(CombinedChannelDuplexHandler.java:249)\n\tat io.netty.channel.AbstractChannelHandlerContext.fireChannelRead(AbstractChannelHandlerContext.java:354)\n\tat io.netty.handler.timeout.IdleStateHandler.channelRead(IdleStateHandler.java:293)\n\tat io.netty.channel.AbstractChannelHandlerContext.fireChannelRead(AbstractChannelHandlerContext.java:354)\n\tat io.netty.channel.DefaultChannelPipeline$HeadContext.channelRead(DefaultChannelPipeline.java:1429)\n\tat io.netty.channel.DefaultChannelPipeline.fireChannelRead(DefaultChannelPipeline.java:918)\n\tat io.netty.channel.nio.AbstractNioByteChannel$NioByteUnsafe.read(AbstractNioByteChannel.java:168)\n\tat io.netty.channel.nio.AbstractNioChannel$AbstractNioUnsafe.handle(AbstractNioChannel.java:445)\n\tat io.netty.channel.nio.NioIoHandler$DefaultNioRegistration.handle(NioIoHandler.java:388)\n\tat io.netty.channel.nio.NioIoHandler.processSelectedKey(NioIoHandler.java:596)\n\tat io.netty.channel.nio.NioIoHandler.processSelectedKeysOptimized(NioIoHandler.java:571)\n\tat io.netty.channel.nio.NioIoHandler.processSelectedKeys(NioIoHandler.java:512)\n\tat io.netty.channel.nio.NioIoHandler.run(NioIoHandler.java:484)\n\tat io.netty.channel.SingleThreadIoEventLoop.runIo(SingleThreadIoEventLoop.java:225)\n\tat io.netty.channel.SingleThreadIoEventLoop.run(SingleThreadIoEventLoop.java:196)\n\tat io.netty.util.concurrent.SingleThreadEventExecutor$5.run(SingleThreadEventExecutor.java:1193)\n\tat io.netty.util.internal.ThreadExecutorMap$2.run(ThreadExecutorMap.java:74)\n\tat io.netty.util.concurrent.FastThreadLocalRunnable.run(FastThreadLocalRunnable.java:30)\n\tat java.lang.Thread.run(Thread.java:764)\n"}}
05-18 19:20:36.240  5093  5119 I appium  : AppiumResponse: {"sessionId":"e060cd36-560e-42c5-91e1-180205131cf7","value":{"error":"no such element","message":"An element could not be located on the page using the given search parameters","stacktrace":"io.appium.uiautomator2.common.exceptions.ElementNotFoundException: An element could not be located on the page using the given search parameters\n\tat io.appium.uiautomator2.utils.ElementLocationHelpers.findElement(ElementLocationHelpers.java:153)\n\tat io.appium.uiautomator2.handler.FindElement.safeHandle(FindElement.java:60)\n\tat io.appium.uiautomator2.handler.request.SafeRequestHandler.handle(SafeRequestHandler.java:59)\n\tat io.appium.uiautomator2.server.AppiumServlet.handleRequest(AppiumServlet.java:267)\n\tat io.appium.uiautomator2.server.AppiumServlet.handleHttpRequest(AppiumServlet.java:261)\n\tat io.appium.uiautomator2.http.ServerHandler.channelRead(ServerHandler.java:77)\n\tat io.netty.channel.AbstractChannelHandlerContext.fireChannelRead(AbstractChannelHandlerContext.java:356)\n\tat io.netty.handler.codec.MessageToMessageDecoder.channelRead(MessageToMessageDecoder.java:107)\n\tat io.netty.channel.AbstractChannelHandlerContext.fireChannelRead(AbstractChannelHandlerContext.java:356)\n\tat io.netty.channel.CombinedChannelDuplexHandler$DelegatingChannelHandlerContext.fireChannelRead(CombinedChannelDuplexHandler.java:434)\n\tat io.netty.handler.codec.ByteToMessageDecoder.fireChannelRead(ByteToMessageDecoder.java:346)\n\tat io.netty.handler.codec.ByteToMessageDecoder.channelRead(ByteToMessageDecoder.java:318)\n\tat io.netty.channel.CombinedChannelDuplexHandler.channelRead(CombinedChannelDuplexHandler.java:249)\n\tat io.netty.channel.AbstractChannelHandlerContext.fireChannelRead(AbstractChannelHandlerContext.java:354)\n\tat io.netty.handler.timeout.IdleStateHandler.channelRead(IdleStateHandler.java:293)\n\tat io.netty.channel.AbstractChannelHandlerContext.fireChannelRead(AbstractChannelHandlerContext.java:354)\n\tat io.netty.channel.DefaultChannelPipeline$HeadContext.channelRead(DefaultChannelPipeline.java:1429)\n\tat io.netty.channel.DefaultChannelPipeline.fireChannelRead(DefaultChannelPipeline.java:918)\n\tat io.netty.channel.nio.AbstractNioByteChannel$NioByteUnsafe.read(AbstractNioByteChannel.java:168)\n\tat io.netty.channel.nio.AbstractNioChannel$AbstractNioUnsafe.handle(AbstractNioChannel.java:445)\n\tat io.netty.channel.nio.NioIoHandler$DefaultNioRegistration.handle(NioIoHandler.java:388)\n\tat io.netty.channel.nio.NioIoHandler.processSelectedKey(NioIoHandler.java:596)\n\tat io.netty.channel.nio.NioIoHandler.processSelectedKeysOptimized(NioIoHandler.java:571)\n\tat io.netty.channel.nio.NioIoHandler.processSelectedKeys(NioIoHandler.java:512)\n\tat io.netty.channel.nio.NioIoHandler.run(NioIoHandler.java:484)\n\tat io.netty.channel.SingleThreadIoEventLoop.runIo(SingleThreadIoEventLoop.java:225)\n\tat io.netty.channel.SingleThreadIoEventLoop.run(SingleThreadIoEventLoop.java:196)\n\tat io.netty.util.concurrent.SingleThreadEventExecutor$5.run(SingleThreadEventExecutor.java:1193)\n\tat io.netty.util.internal.ThreadExecutorMap$2.run(ThreadExecutorMap.java:74)\n\tat io.netty.util.concurrent.FastThreadLocalRunnable.run(FastThreadLocalRunnable.java:30)\n\tat java.lang.Thread.run(Thread.java:764)\n"}}
05-18 19:20:36.925   296   444 D ENGPC   : parse_event: event { 'change', '/devices/platform/battery/power_supply/battery', 'power_supply', '' }
05-18 19:20:36.955  5093  5119 I appium  : AppiumResponse: {"sessionId":"e060cd36-560e-42c5-91e1-180205131cf7","value":{"error":"no such element","message":"An element could not be located on the page using the given search parameters","stacktrace":"io.appium.uiautomator2.common.exceptions.ElementNotFoundException: An element could not be located on the page using the given search parameters\n\tat io.appium.uiautomator2.utils.ElementLocationHelpers.findElement(ElementLocationHelpers.java:153)\n\tat io.appium.uiautomator2.handler.FindElement.safeHandle(FindElement.java:60)\n\tat io.appium.uiautomator2.handler.request.SafeRequestHandler.handle(SafeRequestHandler.java:59)\n\tat io.appium.uiautomator2.server.AppiumServlet.handleRequest(AppiumServlet.java:267)\n\tat io.appium.uiautomator2.server.AppiumServlet.handleHttpRequest(AppiumServlet.java:261)\n\tat io.appium.uiautomator2.http.ServerHandler.channelRead(ServerHandler.java:77)\n\tat io.netty.channel.AbstractChannelHandlerContext.fireChannelRead(AbstractChannelHandlerContext.java:356)\n\tat io.netty.handler.codec.MessageToMessageDecoder.channelRead(MessageToMessageDecoder.java:107)\n\tat io.netty.channel.AbstractChannelHandlerContext.fireChannelRead(AbstractChannelHandlerContext.java:356)\n\tat io.netty.channel.CombinedChannelDuplexHandler$DelegatingChannelHandlerContext.fireChannelRead(CombinedChannelDuplexHandler.java:434)\n\tat io.netty.handler.codec.ByteToMessageDecoder.fireChannelRead(ByteToMessageDecoder.java:346)\n\tat io.netty.handler.codec.ByteToMessageDecoder.channelRead(ByteToMessageDecoder.java:318)\n\tat io.netty.channel.CombinedChannelDuplexHandler.channelRead(CombinedChannelDuplexHandler.java:249)\n\tat io.netty.channel.AbstractChannelHandlerContext.fireChannelRead(AbstractChannelHandlerContext.java:354)\n\tat io.netty.handler.timeout.IdleStateHandler.channelRead(IdleStateHandler.java:293)\n\tat io.netty.channel.AbstractChannelHandlerContext.fireChannelRead(AbstractChannelHandlerContext.java:354)\n\tat io.netty.channel.DefaultChannelPipeline$HeadContext.channelRead(DefaultChannelPipeline.java:1429)\n\tat io.netty.channel.DefaultChannelPipeline.fireChannelRead(DefaultChannelPipeline.java:918)\n\tat io.netty.channel.nio.AbstractNioByteChannel$NioByteUnsafe.read(AbstractNioByteChannel.java:168)\n\tat io.netty.channel.nio.AbstractNioChannel$AbstractNioUnsafe.handle(AbstractNioChannel.java:445)\n\tat io.netty.channel.nio.NioIoHandler$DefaultNioRegistration.handle(NioIoHandler.java:388)\n\tat io.netty.channel.nio.NioIoHandler.processSelectedKey(NioIoHandler.java:596)\n\tat io.netty.channel.nio.NioIoHandler.processSelectedKeysOptimized(NioIoHandler.java:571)\n\tat io.netty.channel.nio.NioIoHandler.processSelectedKeys(NioIoHandler.java:512)\n\tat io.netty.channel.nio.NioIoHandler.run(NioIoHandler.java:484)\n\tat io.netty.channel.SingleThreadIoEventLoop.runIo(SingleThreadIoEventLoop.java:225)\n\tat io.netty.channel.SingleThreadIoEventLoop.run(SingleThreadIoEventLoop.java:196)\n\tat io.netty.util.concurrent.SingleThreadEventExecutor$5.run(SingleThreadEventExecutor.java:1193)\n\tat io.netty.util.internal.ThreadExecutorMap$2.run(ThreadExecutorMap.java:74)\n\tat io.netty.util.concurrent.FastThreadLocalRunnable.run(FastThreadLocalRunnable.java:30)\n\tat java.lang.Thread.run(Thread.java:764)\n"}}
05-18 19:20:36.985   296   444 D ENGPC   : parse_event: event { 'change', '/devices/platform/battery/power_supply/battery', 'power_supply', '' }
05-18 19:20:37.689  5093  5119 I appium  : AppiumResponse: {"sessionId":"e060cd36-560e-42c5-91e1-180205131cf7","value":{"error":"no such element","message":"An element could not be located on the page using the given search parameters","stacktrace":"io.appium.uiautomator2.common.exceptions.ElementNotFoundException: An element could not be located on the page using the given search parameters\n\tat io.appium.uiautomator2.utils.ElementLocationHelpers.findElement(ElementLocationHelpers.java:153)\n\tat io.appium.uiautomator2.handler.FindElement.safeHandle(FindElement.java:60)\n\tat io.appium.uiautomator2.handler.request.SafeRequestHandler.handle(SafeRequestHandler.java:59)\n\tat io.appium.uiautomator2.server.AppiumServlet.handleRequest(AppiumServlet.java:267)\n\tat io.appium.uiautomator2.server.AppiumServlet.handleHttpRequest(AppiumServlet.java:261)\n\tat io.appium.uiautomator2.http.ServerHandler.channelRead(ServerHandler.java:77)\n\tat io.netty.channel.AbstractChannelHandlerContext.fireChannelRead(AbstractChannelHandlerContext.java:356)\n\tat io.netty.handler.codec.MessageToMessageDecoder.channelRead(MessageToMessageDecoder.java:107)\n\tat io.netty.channel.AbstractChannelHandlerContext.fireChannelRead(AbstractChannelHandlerContext.java:356)\n\tat io.netty.channel.CombinedChannelDuplexHandler$DelegatingChannelHandlerContext.fireChannelRead(CombinedChannelDuplexHandler.java:434)\n\tat io.netty.handler.codec.ByteToMessageDecoder.fireChannelRead(ByteToMessageDecoder.java:346)\n\tat io.netty.handler.codec.ByteToMessageDecoder.channelRead(ByteToMessageDecoder.java:318)\n\tat io.netty.channel.CombinedChannelDuplexHandler.channelRead(CombinedChannelDuplexHandler.java:249)\n\tat io.netty.channel.AbstractChannelHandlerContext.fireChannelRead(AbstractChannelHandlerContext.java:354)\n\tat io.netty.handler.timeout.IdleStateHandler.channelRead(IdleStateHandler.java:293)\n\tat io.netty.channel.AbstractChannelHandlerContext.fireChannelRead(AbstractChannelHandlerContext.java:354)\n\tat io.netty.channel.DefaultChannelPipeline$HeadContext.channelRead(DefaultChannelPipeline.java:1429)\n\tat io.netty.channel.DefaultChannelPipeline.fireChannelRead(DefaultChannelPipeline.java:918)\n\tat io.netty.channel.nio.AbstractNioByteChannel$NioByteUnsafe.read(AbstractNioByteChannel.java:168)\n\tat io.netty.channel.nio.AbstractNioChannel$AbstractNioUnsafe.handle(AbstractNioChannel.java:445)\n\tat io.netty.channel.nio.NioIoHandler$DefaultNioRegistration.handle(NioIoHandler.java:388)\n\tat io.netty.channel.nio.NioIoHandler.processSelectedKey(NioIoHandler.java:596)\n\tat io.netty.channel.nio.NioIoHandler.processSelectedKeysOptimized(NioIoHandler.java:571)\n\tat io.netty.channel.nio.NioIoHandler.processSelectedKeys(NioIoHandler.java:512)\n\tat io.netty.channel.nio.NioIoHandler.run(NioIoHandler.java:484)\n\tat io.netty.channel.SingleThreadIoEventLoop.runIo(SingleThreadIoEventLoop.java:225)\n\tat io.netty.channel.SingleThreadIoEventLoop.run(SingleThreadIoEventLoop.java:196)\n\tat io.netty.util.concurrent.SingleThreadEventExecutor$5.run(SingleThreadEventExecutor.java:1193)\n\tat io.netty.util.internal.ThreadExecutorMap$2.run(ThreadExecutorMap.java:74)\n\tat io.netty.util.concurrent.FastThreadLocalRunnable.run(FastThreadLocalRunnable.java:30)\n\tat java.lang.Thread.run(Thread.java:764)\n"}}
05-18 19:20:38.078   669   669 D BroadcastQueue: Add broadcast <BroadcastRecord{37c9e2e u0 com.pax.refresh.inputMedthod}> into [parallel | background], pending size 0
05-18 19:20:38.079   669   683 D BroadcastQueue: Done with parallel broadcast [background] [BroadcastRecord{37c9e2e u0 com.pax.refresh.inputMedthod}]
05-18 19:20:38.411  5093  5119 I appium  : AppiumResponse: {"sessionId":"e060cd36-560e-42c5-91e1-180205131cf7","value":{"error":"no such element","message":"An element could not be located on the page using the given search parameters","stacktrace":"io.appium.uiautomator2.common.exceptions.ElementNotFoundException: An element could not be located on the page using the given search parameters\n\tat io.appium.uiautomator2.utils.ElementLocationHelpers.findElement(ElementLocationHelpers.java:153)\n\tat io.appium.uiautomator2.handler.FindElement.safeHandle(FindElement.java:60)\n\tat io.appium.uiautomator2.handler.request.SafeRequestHandler.handle(SafeRequestHandler.java:59)\n\tat io.appium.uiautomator2.server.AppiumServlet.handleRequest(AppiumServlet.java:267)\n\tat io.appium.uiautomator2.server.AppiumServlet.handleHttpRequest(AppiumServlet.java:261)\n\tat io.appium.uiautomator2.http.ServerHandler.channelRead(ServerHandler.java:77)\n\tat io.netty.channel.AbstractChannelHandlerContext.fireChannelRead(AbstractChannelHandlerContext.java:356)\n\tat io.netty.handler.codec.MessageToMessageDecoder.channelRead(MessageToMessageDecoder.java:107)\n\tat io.netty.channel.AbstractChannelHandlerContext.fireChannelRead(AbstractChannelHandlerContext.java:356)\n\tat io.netty.channel.CombinedChannelDuplexHandler$DelegatingChannelHandlerContext.fireChannelRead(CombinedChannelDuplexHandler.java:434)\n\tat io.netty.handler.codec.ByteToMessageDecoder.fireChannelRead(ByteToMessageDecoder.java:346)\n\tat io.netty.handler.codec.ByteToMessageDecoder.channelRead(ByteToMessageDecoder.java:318)\n\tat io.netty.channel.CombinedChannelDuplexHandler.channelRead(CombinedChannelDuplexHandler.java:249)\n\tat io.netty.channel.AbstractChannelHandlerContext.fireChannelRead(AbstractChannelHandlerContext.java:354)\n\tat io.netty.handler.timeout.IdleStateHandler.channelRead(IdleStateHandler.java:293)\n\tat io.netty.channel.AbstractChannelHandlerContext.fireChannelRead(AbstractChannelHandlerContext.java:354)\n\tat io.netty.channel.DefaultChannelPipeline$HeadContext.channelRead(DefaultChannelPipeline.java:1429)\n\tat io.netty.channel.DefaultChannelPipeline.fireChannelRead(DefaultChannelPipeline.java:918)\n\tat io.netty.channel.nio.AbstractNioByteChannel$NioByteUnsafe.read(AbstractNioByteChannel.java:168)\n\tat io.netty.channel.nio.AbstractNioChannel$AbstractNioUnsafe.handle(AbstractNioChannel.java:445)\n\tat io.netty.channel.nio.NioIoHandler$DefaultNioRegistration.handle(NioIoHandler.java:388)\n\tat io.netty.channel.nio.NioIoHandler.processSelectedKey(NioIoHandler.java:596)\n\tat io.netty.channel.nio.NioIoHandler.processSelectedKeysOptimized(NioIoHandler.java:571)\n\tat io.netty.channel.nio.NioIoHandler.processSelectedKeys(NioIoHandler.java:512)\n\tat io.netty.channel.nio.NioIoHandler.run(NioIoHandler.java:484)\n\tat io.netty.channel.SingleThreadIoEventLoop.runIo(SingleThreadIoEventLoop.java:225)\n\tat io.netty.channel.SingleThreadIoEventLoop.run(SingleThreadIoEventLoop.java:196)\n\tat io.netty.util.concurrent.SingleThreadEventExecutor$5.run(SingleThreadEventExecutor.java:1193)\n\tat io.netty.util.internal.ThreadExecutorMap$2.run(ThreadExecutorMap.java:74)\n\tat io.netty.util.concurrent.FastThreadLocalRunnable.run(FastThreadLocalRunnable.java:30)\n\tat java.lang.Thread.run(Thread.java:764)\n"}}
05-18 19:20:39.117  5093  5119 I appium  : AppiumResponse: {"sessionId":"e060cd36-560e-42c5-91e1-180205131cf7","value":{"error":"no such element","message":"An element could not be located on the page using the given search parameters","stacktrace":"io.appium.uiautomator2.common.exceptions.ElementNotFoundException: An element could not be located on the page using the given search parameters\n\tat io.appium.uiautomator2.utils.ElementLocationHelpers.findElement(ElementLocationHelpers.java:153)\n\tat io.appium.uiautomator2.handler.FindElement.safeHandle(FindElement.java:60)\n\tat io.appium.uiautomator2.handler.request.SafeRequestHandler.handle(SafeRequestHandler.java:59)\n\tat io.appium.uiautomator2.server.AppiumServlet.handleRequest(AppiumServlet.java:267)\n\tat io.appium.uiautomator2.server.AppiumServlet.handleHttpRequest(AppiumServlet.java:261)\n\tat io.appium.uiautomator2.http.ServerHandler.channelRead(ServerHandler.java:77)\n\tat io.netty.channel.AbstractChannelHandlerContext.fireChannelRead(AbstractChannelHandlerContext.java:356)\n\tat io.netty.handler.codec.MessageToMessageDecoder.channelRead(MessageToMessageDecoder.java:107)\n\tat io.netty.channel.AbstractChannelHandlerContext.fireChannelRead(AbstractChannelHandlerContext.java:356)\n\tat io.netty.channel.CombinedChannelDuplexHandler$DelegatingChannelHandlerContext.fireChannelRead(CombinedChannelDuplexHandler.java:434)\n\tat io.netty.handler.codec.ByteToMessageDecoder.fireChannelRead(ByteToMessageDecoder.java:346)\n\tat io.netty.handler.codec.ByteToMessageDecoder.channelRead(ByteToMessageDecoder.java:318)\n\tat io.netty.channel.CombinedChannelDuplexHandler.channelRead(CombinedChannelDuplexHandler.java:249)\n\tat io.netty.channel.AbstractChannelHandlerContext.fireChannelRead(AbstractChannelHandlerContext.java:354)\n\tat io.netty.handler.timeout.IdleStateHandler.channelRead(IdleStateHandler.java:293)\n\tat io.netty.channel.AbstractChannelHandlerContext.fireChannelRead(AbstractChannelHandlerContext.java:354)\n\tat io.netty.channel.DefaultChannelPipeline$HeadContext.channelRead(DefaultChannelPipeline.java:1429)\n\tat io.netty.channel.DefaultChannelPipeline.fireChannelRead(DefaultChannelPipeline.java:918)\n\tat io.netty.channel.nio.AbstractNioByteChannel$NioByteUnsafe.read(AbstractNioByteChannel.java:168)\n\tat io.netty.channel.nio.AbstractNioChannel$AbstractNioUnsafe.handle(AbstractNioChannel.java:445)\n\tat io.netty.channel.nio.NioIoHandler$DefaultNioRegistration.handle(NioIoHandler.java:388)\n\tat io.netty.channel.nio.NioIoHandler.processSelectedKey(NioIoHandler.java:596)\n\tat io.netty.channel.nio.NioIoHandler.processSelectedKeysOptimized(NioIoHandler.java:571)\n\tat io.netty.channel.nio.NioIoHandler.processSelectedKeys(NioIoHandler.java:512)\n\tat io.netty.channel.nio.NioIoHandler.run(NioIoHandler.java:484)\n\tat io.netty.channel.SingleThreadIoEventLoop.runIo(SingleThreadIoEventLoop.java:225)\n\tat io.netty.channel.SingleThreadIoEventLoop.run(SingleThreadIoEventLoop.java:196)\n\tat io.netty.util.concurrent.SingleThreadEventExecutor$5.run(SingleThreadEventExecutor.java:1193)\n\tat io.netty.util.internal.ThreadExecutorMap$2.run(ThreadExecutorMap.java:74)\n\tat io.netty.util.concurrent.FastThreadLocalRunnable.run(FastThreadLocalRunnable.java:30)\n\tat java.lang.Thread.run(Thread.java:764)\n"}}
05-18 19:20:39.804  5093  5119 I appium  : AppiumResponse: {"sessionId":"e060cd36-560e-42c5-91e1-180205131cf7","value":{"error":"no such element","message":"An element could not be located on the page using the given search parameters","stacktrace":"io.appium.uiautomator2.common.exceptions.ElementNotFoundException: An element could not be located on the page using the given search parameters\n\tat io.appium.uiautomator2.utils.ElementLocationHelpers.findElement(ElementLocationHelpers.java:153)\n\tat io.appium.uiautomator2.handler.FindElement.safeHandle(FindElement.java:60)\n\tat io.appium.uiautomator2.handler.request.SafeRequestHandler.handle(SafeRequestHandler.java:59)\n\tat io.appium.uiautomator2.server.AppiumServlet.handleRequest(AppiumServlet.java:267)\n\tat io.appium.uiautomator2.server.AppiumServlet.handleHttpRequest(AppiumServlet.java:261)\n\tat io.appium.uiautomator2.http.ServerHandler.channelRead(ServerHandler.java:77)\n\tat io.netty.channel.AbstractChannelHandlerContext.fireChannelRead(AbstractChannelHandlerContext.java:356)\n\tat io.netty.handler.codec.MessageToMessageDecoder.channelRead(MessageToMessageDecoder.java:107)\n\tat io.netty.channel.AbstractChannelHandlerContext.fireChannelRead(AbstractChannelHandlerContext.java:356)\n\tat io.netty.channel.CombinedChannelDuplexHandler$DelegatingChannelHandlerContext.fireChannelRead(CombinedChannelDuplexHandler.java:434)\n\tat io.netty.handler.codec.ByteToMessageDecoder.fireChannelRead(ByteToMessageDecoder.java:346)\n\tat io.netty.handler.codec.ByteToMessageDecoder.channelRead(ByteToMessageDecoder.java:318)\n\tat io.netty.channel.CombinedChannelDuplexHandler.channelRead(CombinedChannelDuplexHandler.java:249)\n\tat io.netty.channel.AbstractChannelHandlerContext.fireChannelRead(AbstractChannelHandlerContext.java:354)\n\tat io.netty.handler.timeout.IdleStateHandler.channelRead(IdleStateHandler.java:293)\n\tat io.netty.channel.AbstractChannelHandlerContext.fireChannelRead(AbstractChannelHandlerContext.java:354)\n\tat io.netty.channel.DefaultChannelPipeline$HeadContext.channelRead(DefaultChannelPipeline.java:1429)\n\tat io.netty.channel.DefaultChannelPipeline.fireChannelRead(DefaultChannelPipeline.java:918)\n\tat io.netty.channel.nio.AbstractNioByteChannel$NioByteUnsafe.read(AbstractNioByteChannel.java:168)\n\tat io.netty.channel.nio.AbstractNioChannel$AbstractNioUnsafe.handle(AbstractNioChannel.java:445)\n\tat io.netty.channel.nio.NioIoHandler$DefaultNioRegistration.handle(NioIoHandler.java:388)\n\tat io.netty.channel.nio.NioIoHandler.processSelectedKey(NioIoHandler.java:596)\n\tat io.netty.channel.nio.NioIoHandler.processSelectedKeysOptimized(NioIoHandler.java:571)\n\tat io.netty.channel.nio.NioIoHandler.processSelectedKeys(NioIoHandler.java:512)\n\tat io.netty.channel.nio.NioIoHandler.run(NioIoHandler.java:484)\n\tat io.netty.channel.SingleThreadIoEventLoop.runIo(SingleThreadIoEventLoop.java:225)\n\tat io.netty.channel.SingleThreadIoEventLoop.run(SingleThreadIoEventLoop.java:196)\n\tat io.netty.util.concurrent.SingleThreadEventExecutor$5.run(SingleThreadEventExecutor.java:1193)\n\tat io.netty.util.internal.ThreadExecutorMap$2.run(ThreadExecutorMap.java:74)\n\tat io.netty.util.concurrent.FastThreadLocalRunnable.run(FastThreadLocalRunnable.java:30)\n\tat java.lang.Thread.run(Thread.java:764)\n"}}
05-18 19:20:40.488  5093  5119 I appium  : AppiumResponse: {"sessionId":"e060cd36-560e-42c5-91e1-180205131cf7","value":{"error":"no such element","message":"An element could not be located on the page using the given search parameters","stacktrace":"io.appium.uiautomator2.common.exceptions.ElementNotFoundException: An element could not be located on the page using the given search parameters\n\tat io.appium.uiautomator2.utils.ElementLocationHelpers.findElement(ElementLocationHelpers.java:153)\n\tat io.appium.uiautomator2.handler.FindElement.safeHandle(FindElement.java:60)\n\tat io.appium.uiautomator2.handler.request.SafeRequestHandler.handle(SafeRequestHandler.java:59)\n\tat io.appium.uiautomator2.server.AppiumServlet.handleRequest(AppiumServlet.java:267)\n\tat io.appium.uiautomator2.server.AppiumServlet.handleHttpRequest(AppiumServlet.java:261)\n\tat io.appium.uiautomator2.http.ServerHandler.channelRead(ServerHandler.java:77)\n\tat io.netty.channel.AbstractChannelHandlerContext.fireChannelRead(AbstractChannelHandlerContext.java:356)\n\tat io.netty.handler.codec.MessageToMessageDecoder.channelRead(MessageToMessageDecoder.java:107)\n\tat io.netty.channel.AbstractChannelHandlerContext.fireChannelRead(AbstractChannelHandlerContext.java:356)\n\tat io.netty.channel.CombinedChannelDuplexHandler$DelegatingChannelHandlerContext.fireChannelRead(CombinedChannelDuplexHandler.java:434)\n\tat io.netty.handler.codec.ByteToMessageDecoder.fireChannelRead(ByteToMessageDecoder.java:346)\n\tat io.netty.handler.codec.ByteToMessageDecoder.channelRead(ByteToMessageDecoder.java:318)\n\tat io.netty.channel.CombinedChannelDuplexHandler.channelRead(CombinedChannelDuplexHandler.java:249)\n\tat io.netty.channel.AbstractChannelHandlerContext.fireChannelRead(AbstractChannelHandlerContext.java:354)\n\tat io.netty.handler.timeout.IdleStateHandler.channelRead(IdleStateHandler.java:293)\n\tat io.netty.channel.AbstractChannelHandlerContext.fireChannelRead(AbstractChannelHandlerContext.java:354)\n\tat io.netty.channel.DefaultChannelPipeline$HeadContext.channelRead(DefaultChannelPipeline.java:1429)\n\tat io.netty.channel.DefaultChannelPipeline.fireChannelRead(DefaultChannelPipeline.java:918)\n\tat io.netty.channel.nio.AbstractNioByteChannel$NioByteUnsafe.read(AbstractNioByteChannel.java:168)\n\tat io.netty.channel.nio.AbstractNioChannel$AbstractNioUnsafe.handle(AbstractNioChannel.java:445)\n\tat io.netty.channel.nio.NioIoHandler$DefaultNioRegistration.handle(NioIoHandler.java:388)\n\tat io.netty.channel.nio.NioIoHandler.processSelectedKey(NioIoHandler.java:596)\n\tat io.netty.channel.nio.NioIoHandler.processSelectedKeysOptimized(NioIoHandler.java:571)\n\tat io.netty.channel.nio.NioIoHandler.processSelectedKeys(NioIoHandler.java:512)\n\tat io.netty.channel.nio.NioIoHandler.run(NioIoHandler.java:484)\n\tat io.netty.channel.SingleThreadIoEventLoop.runIo(SingleThreadIoEventLoop.java:225)\n\tat io.netty.channel.SingleThreadIoEventLoop.run(SingleThreadIoEventLoop.java:196)\n\tat io.netty.util.concurrent.SingleThreadEventExecutor$5.run(SingleThreadEventExecutor.java:1193)\n\tat io.netty.util.internal.ThreadExecutorMap$2.run(ThreadExecutorMap.java:74)\n\tat io.netty.util.concurrent.FastThreadLocalRunnable.run(FastThreadLocalRunnable.java:30)\n\tat java.lang.Thread.run(Thread.java:764)\n"}}
05-18 19:20:41.053   669  1025 V AlarmManager: set(PendingIntent{5d6d008: PendingIntentRecord{e0933a1 android broadcastIntent}}) : type=3 triggerAtTime=35529078 win=225000 tElapsed=35529078 maxElapsed=35754078 interval=0 flags=0x8
05-18 19:20:41.173  5093  5119 I appium  : AppiumResponse: {"sessionId":"e060cd36-560e-42c5-91e1-180205131cf7","value":{"error":"no such element","message":"An element could not be located on the page using the given search parameters","stacktrace":"io.appium.uiautomator2.common.exceptions.ElementNotFoundException: An element could not be located on the page using the given search parameters\n\tat io.appium.uiautomator2.utils.ElementLocationHelpers.findElement(ElementLocationHelpers.java:153)\n\tat io.appium.uiautomator2.handler.FindElement.safeHandle(FindElement.java:60)\n\tat io.appium.uiautomator2.handler.request.SafeRequestHandler.handle(SafeRequestHandler.java:59)\n\tat io.appium.uiautomator2.server.AppiumServlet.handleRequest(AppiumServlet.java:267)\n\tat io.appium.uiautomator2.server.AppiumServlet.handleHttpRequest(AppiumServlet.java:261)\n\tat io.appium.uiautomator2.http.ServerHandler.channelRead(ServerHandler.java:77)\n\tat io.netty.channel.AbstractChannelHandlerContext.fireChannelRead(AbstractChannelHandlerContext.java:356)\n\tat io.netty.handler.codec.MessageToMessageDecoder.channelRead(MessageToMessageDecoder.java:107)\n\tat io.netty.channel.AbstractChannelHandlerContext.fireChannelRead(AbstractChannelHandlerContext.java:356)\n\tat io.netty.channel.CombinedChannelDuplexHandler$DelegatingChannelHandlerContext.fireChannelRead(CombinedChannelDuplexHandler.java:434)\n\tat io.netty.handler.codec.ByteToMessageDecoder.fireChannelRead(ByteToMessageDecoder.java:346)\n\tat io.netty.handler.codec.ByteToMessageDecoder.channelRead(ByteToMessageDecoder.java:318)\n\tat io.netty.channel.CombinedChannelDuplexHandler.channelRead(CombinedChannelDuplexHandler.java:249)\n\tat io.netty.channel.AbstractChannelHandlerContext.fireChannelRead(AbstractChannelHandlerContext.java:354)\n\tat io.netty.handler.timeout.IdleStateHandler.channelRead(IdleStateHandler.java:293)\n\tat io.netty.channel.AbstractChannelHandlerContext.fireChannelRead(AbstractChannelHandlerContext.java:354)\n\tat io.netty.channel.DefaultChannelPipeline$HeadContext.channelRead(DefaultChannelPipeline.java:1429)\n\tat io.netty.channel.DefaultChannelPipeline.fireChannelRead(DefaultChannelPipeline.java:918)\n\tat io.netty.channel.nio.AbstractNioByteChannel$NioByteUnsafe.read(AbstractNioByteChannel.java:168)\n\tat io.netty.channel.nio.AbstractNioChannel$AbstractNioUnsafe.handle(AbstractNioChannel.java:445)\n\tat io.netty.channel.nio.NioIoHandler$DefaultNioRegistration.handle(NioIoHandler.java:388)\n\tat io.netty.channel.nio.NioIoHandler.processSelectedKey(NioIoHandler.java:596)\n\tat io.netty.channel.nio.NioIoHandler.processSelectedKeysOptimized(NioIoHandler.java:571)\n\tat io.netty.channel.nio.NioIoHandler.processSelectedKeys(NioIoHandler.java:512)\n\tat io.netty.channel.nio.NioIoHandler.run(NioIoHandler.java:484)\n\tat io.netty.channel.SingleThreadIoEventLoop.runIo(SingleThreadIoEventLoop.java:225)\n\tat io.netty.channel.SingleThreadIoEventLoop.run(SingleThreadIoEventLoop.java:196)\n\tat io.netty.util.concurrent.SingleThreadEventExecutor$5.run(SingleThreadEventExecutor.java:1193)\n\tat io.netty.util.internal.ThreadExecutorMap$2.run(ThreadExecutorMap.java:74)\n\tat io.netty.util.concurrent.FastThreadLocalRunnable.run(FastThreadLocalRunnable.java:30)\n\tat java.lang.Thread.run(Thread.java:764)\n"}}
05-18 19:20:41.552  5093  5119 I appium  : AppiumResponse: {"sessionId":"e060cd36-560e-42c5-91e1-180205131cf7","value":{"error":"no such element","message":"An element could not be located on the page using the given search parameters","stacktrace":"io.appium.uiautomator2.common.exceptions.ElementNotFoundException: An element could not be located on the page using the given search parameters\n\tat io.appium.uiautomator2.utils.ElementLocationHelpers.findElement(ElementLocationHelpers.java:153)\n\tat io.appium.uiautomator2.handler.FindElement.safeHandle(FindElement.java:60)\n\tat io.appium.uiautomator2.handler.request.SafeRequestHandler.handle(SafeRequestHandler.java:59)\n\tat io.appium.uiautomator2.server.AppiumServlet.handleRequest(AppiumServlet.java:267)\n\tat io.appium.uiautomator2.server.AppiumServlet.handleHttpRequest(AppiumServlet.java:261)\n\tat io.appium.uiautomator2.http.ServerHandler.channelRead(ServerHandler.java:77)\n\tat io.netty.channel.AbstractChannelHandlerContext.fireChannelRead(AbstractChannelHandlerContext.java:356)\n\tat io.netty.handler.codec.MessageToMessageDecoder.channelRead(MessageToMessageDecoder.java:107)\n\tat io.netty.channel.AbstractChannelHandlerContext.fireChannelRead(AbstractChannelHandlerContext.java:356)\n\tat io.netty.channel.CombinedChannelDuplexHandler$DelegatingChannelHandlerContext.fireChannelRead(CombinedChannelDuplexHandler.java:434)\n\tat io.netty.handler.codec.ByteToMessageDecoder.fireChannelRead(ByteToMessageDecoder.java:346)\n\tat io.netty.handler.codec.ByteToMessageDecoder.channelRead(ByteToMessageDecoder.java:318)\n\tat io.netty.channel.CombinedChannelDuplexHandler.channelRead(CombinedChannelDuplexHandler.java:249)\n\tat io.netty.channel.AbstractChannelHandlerContext.fireChannelRead(AbstractChannelHandlerContext.java:354)\n\tat io.netty.handler.timeout.IdleStateHandler.channelRead(IdleStateHandler.java:293)\n\tat io.netty.channel.AbstractChannelHandlerContext.fireChannelRead(AbstractChannelHandlerContext.java:354)\n\tat io.netty.channel.DefaultChannelPipeline$HeadContext.channelRead(DefaultChannelPipeline.java:1429)\n\tat io.netty.channel.DefaultChannelPipeline.fireChannelRead(DefaultChannelPipeline.java:918)\n\tat io.netty.channel.nio.AbstractNioByteChannel$NioByteUnsafe.read(AbstractNioByteChannel.java:168)\n\tat io.netty.channel.nio.AbstractNioChannel$AbstractNioUnsafe.handle(AbstractNioChannel.java:445)\n\tat io.netty.channel.nio.NioIoHandler$DefaultNioRegistration.handle(NioIoHandler.java:388)\n\tat io.netty.channel.nio.NioIoHandler.processSelectedKey(NioIoHandler.java:596)\n\tat io.netty.channel.nio.NioIoHandler.processSelectedKeysOptimized(NioIoHandler.java:571)\n\tat io.netty.channel.nio.NioIoHandler.processSelectedKeys(NioIoHandler.java:512)\n\tat io.netty.channel.nio.NioIoHandler.run(NioIoHandler.java:484)\n\tat io.netty.channel.SingleThreadIoEventLoop.runIo(SingleThreadIoEventLoop.java:225)\n\tat io.netty.channel.SingleThreadIoEventLoop.run(SingleThreadIoEventLoop.java:196)\n\tat io.netty.util.concurrent.SingleThreadEventExecutor$5.run(SingleThreadEventExecutor.java:1193)\n\tat io.netty.util.internal.ThreadExecutorMap$2.run(ThreadExecutorMap.java:74)\n\tat io.netty.util.concurrent.FastThreadLocalRunnable.run(FastThreadLocalRunnable.java:30)\n\tat java.lang.Thread.run(Thread.java:764)\n"}}
=== LAST SLIP JSON (picked for config update) ===
{"mercSlipName":"ORHAN ÜNAL","mercSlipAddr":"ORHAN ÜNAL\n\n\n","mercCity":"BATMAN","mercPhoneNo":"7987897897","acqName":"Test Bankası","date":"18.05.26","time":"19:20","mercId":"000000000000002","termId":"10005713","batchNo":7981,"tranCode":"M11","tranNo":2,"stanNo":40,"sn":"PAX900000007","modelNumber":"PAX/920PRO","appVer":"2.1.6_13","tranName":"T_SALE","pan":"4506 **** **** 9805","cardDescription":"VISA/Kredi/Yurt İçi","amount":"100,00  TL","freeFormat2":"TESTPUAN:    ","freeFormat4":"NİZE YANSITILACAKTIR.                   ","freeFormat5":"     (2.00 TL) KAZANDINIZ. *************","authCode":"616982","rrn":"613803121379","bankRefNo":"0000613803121379","acquirerId":1,"subInfo":"TUTAR KARŞILIĞI MAL VEYA HİZMET ALDIM","ownerInfo":"İŞYERİ NÜSHASI","warning":"BU BELGEYİ SAKLAYINIZ","sign":"IMZA"}
