05-18 14:03:49.856   881   881 I sysui_action: [289,ComponentInfo{com.pax.samplesalea/com.pax.samplesalea.SaleActivity}]
05-18 14:03:49.856   881   881 I sysui_multi_action: [757,289,758,4,806,ComponentInfo{com.pax.samplesalea/com.pax.samplesalea.SaleActivity}]
05-18 14:42:57.741   881   881 I sysui_action: [289,ComponentInfo{com.pax.samplesalea/com.pax.samplesalea.SaleActivity}]
05-18 14:42:57.741   881   881 I sysui_multi_action: [757,289,758,4,806,ComponentInfo{com.pax.samplesalea/com.pax.samplesalea.SaleActivity}]
05-18 14:58:19.182   881   881 I sysui_action: [289,ComponentInfo{com.pax.samplesalea/com.pax.samplesalea.SaleActivity}]
05-18 14:58:19.182   881   881 I sysui_multi_action: [757,289,758,4,806,ComponentInfo{com.pax.samplesalea/com.pax.samplesalea.SaleActivity}]
05-18 15:06:25.662   881   881 I sysui_action: [289,ComponentInfo{com.pax.samplesalea/com.pax.samplesalea.SaleActivity}]
05-18 15:06:25.662   881   881 I sysui_multi_action: [757,289,758,4,806,ComponentInfo{com.pax.samplesalea/com.pax.samplesalea.SaleActivity}]
05-18 15:06:26.200   458   458 I auditd  : type=1400 audit(0.0:51): avc: denied { read } for comm="Binder:458_2" name="exe" dev="proc" ino=94963 scontext=u:r:systoold:s0 tcontext=u:r:system_server:s0 tclass=lnk_file permissive=1
05-18 15:06:26.740   458   458 I auditd  : type=1400 audit(0.0:52): avc: denied { read } for comm="Binder:458_2" name="exe" dev="proc" ino=94963 scontext=u:r:systoold:s0 tcontext=u:r:system_server:s0 tclass=lnk_file permissive=1
05-18 15:06:36.240   486   486 I auditd  : type=1400 audit(0.0:53): avc: denied { write } for comm="libgps_daemon" name="property_service" dev="tmpfs" ino=5198 scontext=u:r:hal_gnss_ext_default:s0 tcontext=u:object_r:property_socket:s0 tclass=sock_file permissive=0
05-18 15:06:37.640   458   458 I auditd  : type=1400 audit(0.0:54): avc: denied { read } for comm="Binder:458_2" name="exe" dev="proc" ino=94963 scontext=u:r:systoold:s0 tcontext=u:r:system_server:s0 tclass=lnk_file permissive=1
05-18 15:06:41.730   458   458 I auditd  : type=1400 audit(0.0:55): avc: denied { read } for comm="Binder:458_2" name="exe" dev="proc" ino=94963 scontext=u:r:systoold:s0 tcontext=u:r:system_server:s0 tclass=lnk_file permissive=1
05-18 15:10:26.363   881   881 I sysui_action: [289,ComponentInfo{com.pax.samplesalea/com.pax.samplesalea.SaleActivity}]
05-18 15:10:26.363   881   881 I sysui_multi_action: [757,289,758,4,806,ComponentInfo{com.pax.samplesalea/com.pax.samplesalea.SaleActivity}]
05-18 15:15:41.525   881   881 I sysui_action: [289,ComponentInfo{com.pax.samplesalea/com.pax.samplesalea.SaleActivity}]
05-18 15:15:41.525   881   881 I sysui_multi_action: [757,289,758,4,806,ComponentInfo{com.pax.samplesalea/com.pax.samplesalea.SaleActivity}]
05-18 15:15:42.251   881   881 I sysui_action: [289,ComponentInfo{com.pax.mainapp/com.pax.mainapp.ManagerActivity}]
05-18 15:15:42.251   881   881 I sysui_multi_action: [757,289,758,4,806,ComponentInfo{com.pax.mainapp/com.pax.mainapp.ManagerActivity}]
05-18 15:15:54.911   458   458 I auditd  : type=1400 audit(0.0:56): avc: denied { read } for comm="systool_server" name="exe" dev="proc" ino=162532 scontext=u:r:systoold:s0 tcontext=u:r:system_server:s0 tclass=lnk_file permissive=1
05-18 16:00:33.701   881   881 I sysui_action: [318,ComponentInfo{com.android.settings/com.android.settings.Settings}]
05-18 16:00:33.701   881   881 I sysui_multi_action: [757,318,758,4,806,ComponentInfo{com.android.settings/com.android.settings.Settings}]
05-18 16:00:37.206   881   881 I sysui_action: [289,ComponentInfo{com.android.settings/com.android.settings.Settings}]
05-18 16:00:37.206   881   881 I sysui_multi_action: [757,289,758,4,806,ComponentInfo{com.android.settings/com.android.settings.Settings}]
05-18 16:04:02.131   458   458 I auditd  : type=1400 audit(0.0:57): avc: denied { read } for comm="systool_server" name="exe" dev="proc" ino=182666 scontext=u:r:systoold:s0 tcontext=u:r:system_server:s0 tclass=lnk_file permissive=1
05-18 16:10:38.981 20061 20061 I auditd  : type=1400 audit(0.0:58): avc: denied { getattr } for comm="ls" path="/productinfo" dev="mmcblk0p1" ino=2 scontext=u:r:shell:s0 tcontext=u:object_r:prod_file:s0 tclass=dir permissive=0
05-18 16:10:38.981 20061 20061 I auditd  : type=1400 audit(0.0:59): avc: denied { getattr } for comm="ls" path="/paxpersist" dev="mmcblk0p43" ino=2 scontext=u:r:shell:s0 tcontext=u:object_r:unlabeled:s0 tclass=dir permissive=0
05-18 16:10:38.981 20061 20061 I auditd  : type=1400 audit(0.0:60): avc: denied { getattr } for comm="ls" path="/pax" dev="mmcblk0p42" ino=2 scontext=u:r:shell:s0 tcontext=u:object_r:unlabeled:s0 tclass=dir permissive=0
05-18 16:10:38.981 20061 20061 I auditd  : type=1400 audit(0.0:61): avc: denied { getattr } for comm="ls" path="/datapersist" dev="mmcblk0p44" ino=2 scontext=u:r:shell:s0 tcontext=u:object_r:unlabeled:s0 tclass=dir permissive=0
05-18 16:10:38.981 20061 20061 I auditd  : type=1400 audit(0.0:62): avc: denied { getattr } for comm="ls" path="/ueventd.sl8541e_1h10_go.rc" dev="rootfs" ino=4746 scontext=u:r:shell:s0 tcontext=u:object_r:rootfs:s0 tclass=file permissive=0
05-18 16:10:38.981 20061 20061 I auditd  : type=1400 audit(0.0:63): avc: denied { getattr } for comm="ls" path="/ueventd.rc" dev="rootfs" ino=4745 scontext=u:r:shell:s0 tcontext=u:object_r:rootfs:s0 tclass=file permissive=0
05-18 16:10:38.981 20061 20061 I auditd  : type=1400 audit(0.0:64): avc: denied { getattr } for comm="ls" path="/init.zygote32.rc" dev="rootfs" ino=4723 scontext=u:r:shell:s0 tcontext=u:object_r:rootfs:s0 tclass=file permissive=0
05-18 16:10:38.981 20061 20061 I auditd  : type=1400 audit(0.0:65): avc: denied { getattr } for comm="ls" path="/init.usb.rc" dev="rootfs" ino=4722 scontext=u:r:shell:s0 tcontext=u:object_r:rootfs:s0 tclass=file permissive=0
05-18 16:10:38.981 20061 20061 I auditd  : type=1400 audit(0.0:66): avc: denied { getattr } for comm="ls" path="/init.usb.configfs.rc" dev="rootfs" ino=4721 scontext=u:r:shell:s0 tcontext=u:object_r:rootfs:s0 tclass=file permissive=0
05-18 16:10:38.981 20061 20061 I auditd  : type=1400 audit(0.0:67): avc: denied { getattr } for comm="ls" path="/init.storage.rc" dev="rootfs" ino=4720 scontext=u:r:shell:s0 tcontext=u:object_r:rootfs:s0 tclass=file permissive=0
05-18 16:10:38.981 20061 20061 I auditd  : type=1400 audit(0.0:68): avc: denied { getattr } for comm="ls" path="/init.sl8541e_1h10_go.usb.rc" dev="rootfs" ino=4719 scontext=u:r:shell:s0 tcontext=u:object_r:rootfs:s0 tclass=file permissive=0
05-18 16:10:38.981 20061 20061 I auditd  : type=1400 audit(0.0:69): avc: denied { getattr } for comm="ls" path="/init.sl8541e_1h10_go.rc" dev="rootfs" ino=4718 scontext=u:r:shell:s0 tcontext=u:object_r:rootfs:s0 tclass=file permissive=0
05-18 16:10:38.981 20061 20061 I auditd  : type=1400 audit(0.0:70): avc: denied { getattr } for comm="ls" path="/init.recovery.sl8541e_1h10_go.rc" dev="rootfs" ino=4717 scontext=u:r:shell:s0 tcontext=u:object_r:rootfs:s0 tclass=file permissive=0
05-18 16:10:38.981 20061 20061 I auditd  : type=1400 audit(0.0:71): avc: denied { getattr } for comm="ls" path="/init.rc" dev="rootfs" ino=4716 scontext=u:r:shell:s0 tcontext=u:object_r:rootfs:s0 tclass=file permissive=0
05-18 16:10:38.981 20061 20061 I auditd  : type=1400 audit(0.0:72): avc: denied { getattr } for comm="ls" path="/init.ram.rc" dev="rootfs" ino=4715 scontext=u:r:shell:s0 tcontext=u:object_r:rootfs:s0 tclass=file permissive=0
05-18 16:10:38.981 20061 20061 I auditd  : type=1400 audit(0.0:73): avc: denied { getattr } for comm="ls" path="/init.paxdroid.wifi.5g.rc" dev="rootfs" ino=4714 scontext=u:r:shell:s0 tcontext=u:object_r:rootfs:s0 tclass=file permissive=0
05-18 16:10:38.981 20061 20061 I auditd  : type=1400 audit(0.0:74): avc: denied { getattr } for comm="ls" path="/init.paxdroid.wifi.2g.rc" dev="rootfs" ino=4713 scontext=u:r:shell:s0 tcontext=u:object_r:rootfs:s0 tclass=file permissive=0
05-18 16:10:38.981 20061 20061 I auditd  : type=1400 audit(0.0:75): avc: denied { getattr } for comm="ls" path="/init.paxdroid.ram.rc" dev="rootfs" ino=4712 scontext=u:r:shell:s0 tcontext=u:object_r:rootfs:s0 tclass=file permissive=0
05-18 16:10:38.981 20061 20061 I auditd  : type=1400 audit(0.0:76): avc: denied { getattr } for comm="ls" path="/init.paxdroid.common.rc" dev="rootfs" ino=4711 scontext=u:r:shell:s0 tcontext=u:object_r:rootfs:s0 tclass=file permissive=0
05-18 16:10:38.981 20061 20061 I auditd  : type=1400 audit(0.0:77): avc: denied { getattr } for comm="ls" path="/init.paxdroid.X4.rc" dev="rootfs" ino=4710 scontext=u:r:shell:s0 tcontext=u:object_r:rootfs:s0 tclass=file permissive=0
05-18 16:10:38.981 20061 20061 I auditd  : type=1400 audit(0.0:78): avc: denied { getattr } for comm="ls" path="/init.paxdroid.T610A.rc" dev="rootfs" ino=4709 scontext=u:r:shell:s0 tcontext=u:object_r:rootfs:s0 tclass=file permissive=0
05-18 16:10:38.981 20061 20061 I auditd  : type=1400 audit(0.0:79): avc: denied { getattr } for comm="ls" path="/init.paxdroid.A920Pro.rc" dev="rootfs" ino=4708 scontext=u:r:shell:s0 tcontext=u:object_r:rootfs:s0 tclass=file permissive=0
05-18 16:10:38.981 20061 20061 I auditd  : type=1400 audit(0.0:80): avc: denied { getattr } for comm="ls" path="/init.paxdroid.A77.rc" dev="rootfs" ino=4707 scontext=u:r:shell:s0 tcontext=u:object_r:rootfs:s0 tclass=file permissive=0
05-18 16:10:38.981 20061 20061 I auditd  : type=1400 audit(0.0:81): avc: denied { getattr } for comm="ls" path="/init.paxdroid.A50.rc" dev="rootfs" ino=4706 scontext=u:r:shell:s0 tcontext=u:object_r:rootfs:s0 tclass=file permissive=0
05-18 16:10:38.981 20061 20061 I auditd  : type=1400 audit(0.0:82): avc: denied { getattr } for comm="ls" path="/init.paxdroid.A30.rc" dev="rootfs" ino=4705 scontext=u:r:shell:s0 tcontext=u:object_r:rootfs:s0 tclass=file permissive=0
05-18 16:10:38.981 20061 20061 I auditd  : type=1400 audit(0.0:83): avc: denied { getattr } for comm="ls" path="/init.pax.usb.rc" dev="rootfs" ino=4704 scontext=u:r:shell:s0 tcontext=u:object_r:rootfs:s0 tclass=file permissive=0
05-18 16:49:09.483   881   881 I sysui_action: [289,ComponentInfo{com.pax.samplesalea/com.pax.samplesalea.SaleActivity}]
05-18 16:49:09.483   881   881 I sysui_multi_action: [757,289,758,4,806,ComponentInfo{com.pax.samplesalea/com.pax.samplesalea.SaleActivity}]
05-18 17:07:16.219   881   881 I sysui_action: [289,ComponentInfo{com.pax.samplesalea/com.pax.samplesalea.SaleActivity}]
05-18 17:07:16.219   881   881 I sysui_multi_action: [757,289,758,4,806,ComponentInfo{com.pax.samplesalea/com.pax.samplesalea.SaleActivity}]
05-18 17:12:51.732   881   881 I sysui_action: [289,ComponentInfo{com.pax.samplesalea/com.pax.samplesalea.SaleActivity}]
05-18 17:12:51.732   881   881 I sysui_multi_action: [757,289,758,4,806,ComponentInfo{com.pax.samplesalea/com.pax.samplesalea.SaleActivity}]
05-18 17:13:55.885   881   881 I sysui_action: [289,ComponentInfo{com.pax.samplesalea/com.pax.samplesalea.SaleActivity}]
05-18 17:13:55.885   881   881 I sysui_multi_action: [757,289,758,4,806,ComponentInfo{com.pax.samplesalea/com.pax.samplesalea.SaleActivity}]
05-18 17:21:36.744   881   881 I sysui_action: [289,ComponentInfo{com.pax.samplesalea/com.pax.samplesalea.SaleActivity}]
05-18 17:21:36.744   881   881 I sysui_multi_action: [757,289,758,4,806,ComponentInfo{com.pax.samplesalea/com.pax.samplesalea.SaleActivity}]
05-18 17:28:37.001   881   881 I sysui_action: [289,ComponentInfo{com.pax.samplesalea/com.pax.samplesalea.SaleActivity}]
05-18 17:28:37.001   881   881 I sysui_multi_action: [757,289,758,4,806,ComponentInfo{com.pax.samplesalea/com.pax.samplesalea.SaleActivity}]
05-18 17:41:35.346   853   935 D RILJ    : [3846]< OPERATOR {TURKCELL, TURKCELL, 28601} [SUB0]
05-18 17:41:35.350   853   935 D RILJ    : [3847]< DATA_REGISTRATION_STATE {.regState = NOT_REG_MT_NOT_SEARCHING_OP_EM, .rat = 11, .reasonDataDenied = -1, .maxDataCalls = 3, .cellIdentity = {.cellInfoType = WCDMA, .cellIdentityGsm = [], .cellIdentityWcdma = [{.mcc = -1, .mnc = -1, .lac = 257, .cid = 157456452, .psc = -1, .uarfcn = -1}], .cellIdentityCdma = [], .cellIdentityLte = [], .cellIdentityTdscdma = []}} [SUB0]
05-18 17:41:35.351   853   935 D RILJ    : [3848]< VOICE_REGISTRATION_STATE {.regState = NOT_REG_MT_NOT_SEARCHING_OP_EM, .rat = 11, .cssSupported = false, .roamingIndicator = -1, .systemIsInPrl = 0, .defaultRoamingIndicator = 0, .reasonForDenial = 0, .cellIdentity = {.cellInfoType = WCDMA, .cellIdentityGsm = [], .cellIdentityWcdma = [{.mcc = -1, .mnc = -1, .lac = 60334, .cid = 157456452, .psc = -1, .uarfcn = -1}], .cellIdentityCdma = [], .cellIdentityLte = [], .cellIdentityTdscdma = []}} [SUB0]
05-18 17:41:35.352   853   935 D RILJ    : [3849]< QUERY_NETWORK_SELECTION_MODE {0} [SUB0]
05-18 17:41:35.352   853   935 D RILJ    : [3850]< OPERATOR {TURKCELL, TURKCELL, 28601} [SUB0]
05-18 17:41:35.353   853   935 D RILJ    : [3851]< DATA_REGISTRATION_STATE {.regState = NOT_REG_MT_NOT_SEARCHING_OP_EM, .rat = 11, .reasonDataDenied = -1, .maxDataCalls = 3, .cellIdentity = {.cellInfoType = WCDMA, .cellIdentityGsm = [], .cellIdentityWcdma = [{.mcc = -1, .mnc = -1, .lac = 257, .cid = 157456452, .psc = -1, .uarfcn = -1}], .cellIdentityCdma = [], .cellIdentityLte = [], .cellIdentityTdscdma = []}} [SUB0]
05-18 17:41:35.354   853   935 D RILJ    : [3852]< VOICE_REGISTRATION_STATE {.regState = NOT_REG_MT_NOT_SEARCHING_OP_EM, .rat = 11, .cssSupported = false, .roamingIndicator = -1, .systemIsInPrl = 0, .defaultRoamingIndicator = 0, .reasonForDenial = 0, .cellIdentity = {.cellInfoType = WCDMA, .cellIdentityGsm = [], .cellIdentityWcdma = [{.mcc = -1, .mnc = -1, .lac = 60334, .cid = 157456452, .psc = -1, .uarfcn = -1}], .cellIdentityCdma = [], .cellIdentityLte = [], .cellIdentityTdscdma = []}} [SUB0]
05-18 17:41:35.355   853   935 D RILJ    : [3853]< QUERY_NETWORK_SELECTION_MODE {0} [SUB0]
05-18 17:41:35.364   853   853 D SST     : Poll ServiceState done:  oldSS=[{mVoiceRegState=1(OUT_OF_SERVICE), mDataRegState=1(OUT_OF_SERVICE), mVoiceRoamingType=home, mDataRoamingType=home, mVoiceOperatorAlphaLong=TURKCELL, mVoiceOperatorAlphaShort=TURKCELL, mDataOperatorAlphaLong=TURKCELL, mDataOperatorAlphaShort=TURKCELL, isManualNetworkSelection=false(automatic), mRilVoiceRadioTechnology=11(HSPA), mRilDataRadioTechnology=11(HSPA), mCssIndicator=unsupported, mNetworkId=-1, mSystemId=-1, mCdmaRoamingIndicator=-1, mCdmaDefaultRoamingIndicator=-1, mIsEmergencyOnly=true, mIsDataRoamingFromRegistration=false, mIsUsingCarrierAggregation=false, mLteEarfcnRsrpBoost=0}] newSS=[{mVoiceRegState=1(OUT_OF_SERVICE), mDataRegState=1(OUT_OF_SERVICE), mVoiceRoamingType=home, mDataRoamingType=home, mVoiceOperatorAlphaLong=TURKCELL, mVoiceOperatorAlphaShort=TURKCELL, mDataOperatorAlphaLong=TURKCELL, mDataOperatorAlphaShort=TURKCELL, isManualNetworkSelection=false(automatic), mRilVoiceRadioTechnology=11(HSPA), mRilDataRadioTechnology=11(HSPA), mCssIndicator=unsupported, mNetworkId=-1, mSystemId=-1, mCdmaRoamingIndicator=-1, mCdmaDefaultRoamingIndicator=-1, mIsEmergencyOnly=true, mIsDataRoamingFromRegistration=false, mIsUsingCarrierAggregation=false, mLteEarfcnRsrpBoost=0}] oldMaxDataCalls=3 mNewMaxDataCalls=3 oldReasonDataDenied=-1 mNewReasonDataDenied=-1
05-18 17:42:12.675   881   881 I sysui_action: [289,ComponentInfo{com.pax.samplesalea/com.pax.samplesalea.SaleActivity}]
05-18 17:42:12.675   881   881 I sysui_multi_action: [757,289,758,4,806,ComponentInfo{com.pax.samplesalea/com.pax.samplesalea.SaleActivity}]
05-18 17:43:57.849   881   881 I sysui_action: [289,ComponentInfo{com.pax.samplesalea/com.pax.samplesalea.SaleActivity}]
05-18 17:43:57.849   881   881 I sysui_multi_action: [757,289,758,4,806,ComponentInfo{com.pax.samplesalea/com.pax.samplesalea.SaleActivity}]
05-18 17:47:23.427   881   881 I sysui_action: [289,ComponentInfo{com.pax.samplesalea/com.pax.samplesalea.SaleActivity}]
05-18 17:47:23.427   881   881 I sysui_multi_action: [757,289,758,4,806,ComponentInfo{com.pax.samplesalea/com.pax.samplesalea.SaleActivity}]
05-18 17:53:08.921   881   881 I sysui_action: [289,ComponentInfo{com.pax.samplesalea/com.pax.samplesalea.SaleActivity}]
05-18 17:53:08.922   881   881 I sysui_multi_action: [757,289,758,4,806,ComponentInfo{com.pax.samplesalea/com.pax.samplesalea.SaleActivity}]
05-18 17:55:42.705   881   881 I sysui_action: [289,ComponentInfo{com.pax.samplesalea/com.pax.samplesalea.SaleActivity}]
05-18 17:55:42.705   881   881 I sysui_multi_action: [757,289,758,4,806,ComponentInfo{com.pax.samplesalea/com.pax.samplesalea.SaleActivity}]
05-18 17:56:07.540   881   881 I sysui_action: [289,ComponentInfo{com.pax.samplesalea/com.pax.samplesalea.SaleActivity}]
05-18 17:56:07.540   881   881 I sysui_multi_action: [757,289,758,4,806,ComponentInfo{com.pax.samplesalea/com.pax.samplesalea.SaleActivity}]
05-18 17:57:28.037   881   881 I sysui_action: [289,ComponentInfo{com.pax.samplesalea/com.pax.samplesalea.SaleActivity}]
05-18 17:57:28.037   881   881 I sysui_multi_action: [757,289,758,4,806,ComponentInfo{com.pax.samplesalea/com.pax.samplesalea.SaleActivity}]
05-18 17:59:53.476   881   881 I sysui_action: [289,ComponentInfo{com.pax.samplesalea/com.pax.samplesalea.SaleActivity}]
05-18 17:59:53.476   881   881 I sysui_multi_action: [757,289,758,4,806,ComponentInfo{com.pax.samplesalea/com.pax.samplesalea.SaleActivity}]
05-18 18:01:24.352   881   881 I sysui_action: [289,ComponentInfo{com.pax.samplesalea/com.pax.samplesalea.SaleActivity}]
05-18 18:01:24.352   881   881 I sysui_multi_action: [757,289,758,4,806,ComponentInfo{com.pax.samplesalea/com.pax.samplesalea.SaleActivity}]
05-18 18:05:36.088   881   881 I sysui_action: [289,ComponentInfo{com.pax.samplesalea/com.pax.samplesalea.SaleActivity}]
05-18 18:05:36.088   881   881 I sysui_multi_action: [757,289,758,4,806,ComponentInfo{com.pax.samplesalea/com.pax.samplesalea.SaleActivity}]
05-18 18:18:24.290   853   935 D RILJ    : [3854]< OPERATOR {TURKCELL, TURKCELL, 28601} [SUB0]
05-18 18:18:24.293   853   935 D RILJ    : [3855]< DATA_REGISTRATION_STATE {.regState = NOT_REG_MT_NOT_SEARCHING_OP_EM, .rat = 11, .reasonDataDenied = -1, .maxDataCalls = 3, .cellIdentity = {.cellInfoType = WCDMA, .cellIdentityGsm = [], .cellIdentityWcdma = [{.mcc = -1, .mnc = -1, .lac = 257, .cid = 157421557, .psc = -1, .uarfcn = -1}], .cellIdentityCdma = [], .cellIdentityLte = [], .cellIdentityTdscdma = []}} [SUB0]
05-18 18:18:24.294   853   935 D RILJ    : [3856]< VOICE_REGISTRATION_STATE {.regState = NOT_REG_MT_NOT_SEARCHING_OP_EM, .rat = 11, .cssSupported = false, .roamingIndicator = -1, .systemIsInPrl = 0, .defaultRoamingIndicator = 0, .reasonForDenial = 0, .cellIdentity = {.cellInfoType = WCDMA, .cellIdentityGsm = [], .cellIdentityWcdma = [{.mcc = -1, .mnc = -1, .lac = 60334, .cid = 157421557, .psc = -1, .uarfcn = -1}], .cellIdentityCdma = [], .cellIdentityLte = [], .cellIdentityTdscdma = []}} [SUB0]
05-18 18:18:24.295   853   935 D RILJ    : [3857]< QUERY_NETWORK_SELECTION_MODE {0} [SUB0]
05-18 18:18:24.296   853   935 D RILJ    : [3858]< OPERATOR {TURKCELL, TURKCELL, 28601} [SUB0]
05-18 18:18:24.297   853   935 D RILJ    : [3859]< DATA_REGISTRATION_STATE {.regState = NOT_REG_MT_NOT_SEARCHING_OP_EM, .rat = 11, .reasonDataDenied = -1, .maxDataCalls = 3, .cellIdentity = {.cellInfoType = WCDMA, .cellIdentityGsm = [], .cellIdentityWcdma = [{.mcc = -1, .mnc = -1, .lac = 257, .cid = 157421557, .psc = -1, .uarfcn = -1}], .cellIdentityCdma = [], .cellIdentityLte = [], .cellIdentityTdscdma = []}} [SUB0]
05-18 18:18:24.298   853   935 D RILJ    : [3860]< VOICE_REGISTRATION_STATE {.regState = NOT_REG_MT_NOT_SEARCHING_OP_EM, .rat = 11, .cssSupported = false, .roamingIndicator = -1, .systemIsInPrl = 0, .defaultRoamingIndicator = 0, .reasonForDenial = 0, .cellIdentity = {.cellInfoType = WCDMA, .cellIdentityGsm = [], .cellIdentityWcdma = [{.mcc = -1, .mnc = -1, .lac = 60334, .cid = 157421557, .psc = -1, .uarfcn = -1}], .cellIdentityCdma = [], .cellIdentityLte = [], .cellIdentityTdscdma = []}} [SUB0]
05-18 18:18:24.299   853   935 D RILJ    : [3861]< QUERY_NETWORK_SELECTION_MODE {0} [SUB0]
05-18 18:18:24.308   853   853 D SST     : Poll ServiceState done:  oldSS=[{mVoiceRegState=1(OUT_OF_SERVICE), mDataRegState=1(OUT_OF_SERVICE), mVoiceRoamingType=home, mDataRoamingType=home, mVoiceOperatorAlphaLong=TURKCELL, mVoiceOperatorAlphaShort=TURKCELL, mDataOperatorAlphaLong=TURKCELL, mDataOperatorAlphaShort=TURKCELL, isManualNetworkSelection=false(automatic), mRilVoiceRadioTechnology=11(HSPA), mRilDataRadioTechnology=11(HSPA), mCssIndicator=unsupported, mNetworkId=-1, mSystemId=-1, mCdmaRoamingIndicator=-1, mCdmaDefaultRoamingIndicator=-1, mIsEmergencyOnly=true, mIsDataRoamingFromRegistration=false, mIsUsingCarrierAggregation=false, mLteEarfcnRsrpBoost=0}] newSS=[{mVoiceRegState=1(OUT_OF_SERVICE), mDataRegState=1(OUT_OF_SERVICE), mVoiceRoamingType=home, mDataRoamingType=home, mVoiceOperatorAlphaLong=TURKCELL, mVoiceOperatorAlphaShort=TURKCELL, mDataOperatorAlphaLong=TURKCELL, mDataOperatorAlphaShort=TURKCELL, isManualNetworkSelection=false(automatic), mRilVoiceRadioTechnology=11(HSPA), mRilDataRadioTechnology=11(HSPA), mCssIndicator=unsupported, mNetworkId=-1, mSystemId=-1, mCdmaRoamingIndicator=-1, mCdmaDefaultRoamingIndicator=-1, mIsEmergencyOnly=true, mIsDataRoamingFromRegistration=false, mIsUsingCarrierAggregation=false, mLteEarfcnRsrpBoost=0}] oldMaxDataCalls=3 mNewMaxDataCalls=3 oldReasonDataDenied=-1 mNewReasonDataDenied=-1
05-18 18:20:50.756   881   881 I sysui_action: [289,ComponentInfo{com.pax.samplesalea/com.pax.samplesalea.SaleActivity}]
05-18 18:20:50.756   881   881 I sysui_multi_action: [757,289,758,4,806,ComponentInfo{com.pax.samplesalea/com.pax.samplesalea.SaleActivity}]
05-18 18:27:40.056   853   935 D RILJ    : [3862]< OPERATOR {TURKCELL, TURKCELL, 28601} [SUB0]
05-18 18:27:40.059   853   935 D RILJ    : [3863]< DATA_REGISTRATION_STATE {.regState = NOT_REG_MT_NOT_SEARCHING_OP_EM, .rat = 11, .reasonDataDenied = -1, .maxDataCalls = 3, .cellIdentity = {.cellInfoType = WCDMA, .cellIdentityGsm = [], .cellIdentityWcdma = [{.mcc = -1, .mnc = -1, .lac = 257, .cid = 157436644, .psc = -1, .uarfcn = -1}], .cellIdentityCdma = [], .cellIdentityLte = [], .cellIdentityTdscdma = []}} [SUB0]
05-18 18:27:40.061   853   935 D RILJ    : [3864]< VOICE_REGISTRATION_STATE {.regState = NOT_REG_MT_NOT_SEARCHING_OP_EM, .rat = 11, .cssSupported = false, .roamingIndicator = -1, .systemIsInPrl = 0, .defaultRoamingIndicator = 0, .reasonForDenial = 0, .cellIdentity = {.cellInfoType = WCDMA, .cellIdentityGsm = [], .cellIdentityWcdma = [{.mcc = -1, .mnc = -1, .lac = 60334, .cid = 157436644, .psc = -1, .uarfcn = -1}], .cellIdentityCdma = [], .cellIdentityLte = [], .cellIdentityTdscdma = []}} [SUB0]
05-18 18:27:40.063   853   935 D RILJ    : [3865]< QUERY_NETWORK_SELECTION_MODE {0} [SUB0]
05-18 18:27:40.066   853   935 D RILJ    : [3866]< OPERATOR {TURKCELL, TURKCELL, 28601} [SUB0]
05-18 18:27:40.069   853   935 D RILJ    : [3867]< DATA_REGISTRATION_STATE {.regState = NOT_REG_MT_NOT_SEARCHING_OP_EM, .rat = 11, .reasonDataDenied = -1, .maxDataCalls = 3, .cellIdentity = {.cellInfoType = WCDMA, .cellIdentityGsm = [], .cellIdentityWcdma = [{.mcc = -1, .mnc = -1, .lac = 257, .cid = 157436644, .psc = -1, .uarfcn = -1}], .cellIdentityCdma = [], .cellIdentityLte = [], .cellIdentityTdscdma = []}} [SUB0]
05-18 18:27:40.070   853   935 D RILJ    : [3868]< VOICE_REGISTRATION_STATE {.regState = NOT_REG_MT_NOT_SEARCHING_OP_EM, .rat = 11, .cssSupported = false, .roamingIndicator = -1, .systemIsInPrl = 0, .defaultRoamingIndicator = 0, .reasonForDenial = 0, .cellIdentity = {.cellInfoType = WCDMA, .cellIdentityGsm = [], .cellIdentityWcdma = [{.mcc = -1, .mnc = -1, .lac = 60334, .cid = 157436644, .psc = -1, .uarfcn = -1}], .cellIdentityCdma = [], .cellIdentityLte = [], .cellIdentityTdscdma = []}} [SUB0]
05-18 18:27:40.070   853   935 D RILJ    : [3869]< QUERY_NETWORK_SELECTION_MODE {0} [SUB0]
05-18 18:27:40.072   853   853 D SST     : Poll ServiceState done:  oldSS=[{mVoiceRegState=1(OUT_OF_SERVICE), mDataRegState=1(OUT_OF_SERVICE), mVoiceRoamingType=home, mDataRoamingType=home, mVoiceOperatorAlphaLong=TURKCELL, mVoiceOperatorAlphaShort=TURKCELL, mDataOperatorAlphaLong=TURKCELL, mDataOperatorAlphaShort=TURKCELL, isManualNetworkSelection=false(automatic), mRilVoiceRadioTechnology=11(HSPA), mRilDataRadioTechnology=11(HSPA), mCssIndicator=unsupported, mNetworkId=-1, mSystemId=-1, mCdmaRoamingIndicator=-1, mCdmaDefaultRoamingIndicator=-1, mIsEmergencyOnly=true, mIsDataRoamingFromRegistration=false, mIsUsingCarrierAggregation=false, mLteEarfcnRsrpBoost=0}] newSS=[{mVoiceRegState=1(OUT_OF_SERVICE), mDataRegState=1(OUT_OF_SERVICE), mVoiceRoamingType=home, mDataRoamingType=home, mVoiceOperatorAlphaLong=TURKCELL, mVoiceOperatorAlphaShort=TURKCELL, mDataOperatorAlphaLong=TURKCELL, mDataOperatorAlphaShort=TURKCELL, isManualNetworkSelection=false(automatic), mRilVoiceRadioTechnology=11(HSPA), mRilDataRadioTechnology=11(HSPA), mCssIndicator=unsupported, mNetworkId=-1, mSystemId=-1, mCdmaRoamingIndicator=-1, mCdmaDefaultRoamingIndicator=-1, mIsEmergencyOnly=true, mIsDataRoamingFromRegistration=false, mIsUsingCarrierAggregation=false, mLteEarfcnRsrpBoost=0}] oldMaxDataCalls=3 mNewMaxDataCalls=3 oldReasonDataDenied=-1 mNewReasonDataDenied=-1
05-18 18:30:13.523   853   935 D RILJ    : [3882]< OPERATOR {TURKCELL, TURKCELL, 28601} [SUB0]
05-18 18:30:13.525   853   935 D RILJ    : [3883]< DATA_REGISTRATION_STATE {.regState = NOT_REG_MT_NOT_SEARCHING_OP_EM, .rat = 11, .reasonDataDenied = -1, .maxDataCalls = 3, .cellIdentity = {.cellInfoType = WCDMA, .cellIdentityGsm = [], .cellIdentityWcdma = [{.mcc = -1, .mnc = -1, .lac = 257, .cid = 157436644, .psc = -1, .uarfcn = -1}], .cellIdentityCdma = [], .cellIdentityLte = [], .cellIdentityTdscdma = []}} [SUB0]
05-18 18:30:13.527   853   935 D RILJ    : [3884]< VOICE_REGISTRATION_STATE {.regState = NOT_REG_MT_NOT_SEARCHING_OP_EM, .rat = 11, .cssSupported = false, .roamingIndicator = -1, .systemIsInPrl = 0, .defaultRoamingIndicator = 0, .reasonForDenial = 0, .cellIdentity = {.cellInfoType = WCDMA, .cellIdentityGsm = [], .cellIdentityWcdma = [{.mcc = -1, .mnc = -1, .lac = 60334, .cid = 157436644, .psc = -1, .uarfcn = -1}], .cellIdentityCdma = [], .cellIdentityLte = [], .cellIdentityTdscdma = []}} [SUB0]
05-18 18:30:13.529   853   935 D RILJ    : [3885]< QUERY_NETWORK_SELECTION_MODE {0} [SUB0]
05-18 18:30:13.531   853   935 D RilRequest: [3886]< OPERATOR error: com.android.internal.telephony.CommandException: RADIO_NOT_AVAILABLE ret={, , }
05-18 18:30:13.532   853   935 D RilRequest: [3887]< DATA_REGISTRATION_STATE error: com.android.internal.telephony.CommandException: RADIO_NOT_AVAILABLE ret={.regState = NOT_REG_MT_NOT_SEARCHING_OP, .rat = 0, .reasonDataDenied = 0, .maxDataCalls = 0, .cellIdentity = {.cellInfoType = NONE, .cellIdentityGsm = [], .cellIdentityWcdma = [], .cellIdentityCdma = [], .cellIdentityLte = [], .cellIdentityTdscdma = []}}
05-18 18:30:13.533   853   935 D RilRequest: [3888]< VOICE_REGISTRATION_STATE error: com.android.internal.telephony.CommandException: RADIO_NOT_AVAILABLE ret={.regState = NOT_REG_MT_NOT_SEARCHING_OP, .rat = 0, .cssSupported = false, .roamingIndicator = 0, .systemIsInPrl = 0, .defaultRoamingIndicator = 0, .reasonForDenial = 0, .cellIdentity = {.cellInfoType = NONE, .cellIdentityGsm = [], .cellIdentityWcdma = [], .cellIdentityCdma = [], .cellIdentityLte = [], .cellIdentityTdscdma = []}}
05-18 18:30:13.534   853   935 D RILJ    : [3889]< QUERY_NETWORK_SELECTION_MODE {0} [SUB1]
05-18 18:30:13.535   853   853 D SST     : Poll ServiceState done:  oldSS=[{mVoiceRegState=1(OUT_OF_SERVICE), mDataRegState=1(OUT_OF_SERVICE), mVoiceRoamingType=home, mDataRoamingType=home, mVoiceOperatorAlphaLong=TURKCELL, mVoiceOperatorAlphaShort=TURKCELL, mDataOperatorAlphaLong=TURKCELL, mDataOperatorAlphaShort=TURKCELL, isManualNetworkSelection=false(automatic), mRilVoiceRadioTechnology=11(HSPA), mRilDataRadioTechnology=11(HSPA), mCssIndicator=unsupported, mNetworkId=-1, mSystemId=-1, mCdmaRoamingIndicator=-1, mCdmaDefaultRoamingIndicator=-1, mIsEmergencyOnly=true, mIsDataRoamingFromRegistration=false, mIsUsingCarrierAggregation=false, mLteEarfcnRsrpBoost=0}] newSS=[{mVoiceRegState=1(OUT_OF_SERVICE), mDataRegState=1(OUT_OF_SERVICE), mVoiceRoamingType=home, mDataRoamingType=home, mVoiceOperatorAlphaLong=TURKCELL, mVoiceOperatorAlphaShort=TURKCELL, mDataOperatorAlphaLong=TURKCELL, mDataOperatorAlphaShort=TURKCELL, isManualNetworkSelection=false(automatic), mRilVoiceRadioTechnology=11(HSPA), mRilDataRadioTechnology=11(HSPA), mCssIndicator=unsupported, mNetworkId=-1, mSystemId=-1, mCdmaRoamingIndicator=-1, mCdmaDefaultRoamingIndicator=-1, mIsEmergencyOnly=true, mIsDataRoamingFromRegistration=false, mIsUsingCarrierAggregation=false, mLteEarfcnRsrpBoost=0}] oldMaxDataCalls=3 mNewMaxDataCalls=3 oldReasonDataDenied=-1 mNewReasonDataDenied=-1
05-18 18:30:59.471   853   935 D RILJ    : [3902]< OPERATOR {TURKCELL, TURKCELL, 28601} [SUB0]
05-18 18:30:59.477   853   935 D RILJ    : [3903]< DATA_REGISTRATION_STATE {.regState = NOT_REG_MT_NOT_SEARCHING_OP_EM, .rat = 11, .reasonDataDenied = -1, .maxDataCalls = 3, .cellIdentity = {.cellInfoType = WCDMA, .cellIdentityGsm = [], .cellIdentityWcdma = [{.mcc = -1, .mnc = -1, .lac = 257, .cid = 157436644, .psc = -1, .uarfcn = -1}], .cellIdentityCdma = [], .cellIdentityLte = [], .cellIdentityTdscdma = []}} [SUB0]
05-18 18:30:59.481   853   935 D RILJ    : [3904]< VOICE_REGISTRATION_STATE {.regState = NOT_REG_MT_NOT_SEARCHING_OP_EM, .rat = 11, .cssSupported = false, .roamingIndicator = -1, .systemIsInPrl = 0, .defaultRoamingIndicator = 0, .reasonForDenial = 0, .cellIdentity = {.cellInfoType = WCDMA, .cellIdentityGsm = [], .cellIdentityWcdma = [{.mcc = -1, .mnc = -1, .lac = 60334, .cid = 157436644, .psc = -1, .uarfcn = -1}], .cellIdentityCdma = [], .cellIdentityLte = [], .cellIdentityTdscdma = []}} [SUB0]
05-18 18:30:59.481   853   935 D RilRequest: [3906]< OPERATOR error: com.android.internal.telephony.CommandException: RADIO_NOT_AVAILABLE ret={, , }
05-18 18:30:59.482   853   935 D RILJ    : [3905]< QUERY_NETWORK_SELECTION_MODE {0} [SUB0]
05-18 18:30:59.489   853   853 D SST     : Poll ServiceState done:  oldSS=[{mVoiceRegState=1(OUT_OF_SERVICE), mDataRegState=1(OUT_OF_SERVICE), mVoiceRoamingType=home, mDataRoamingType=home, mVoiceOperatorAlphaLong=TURKCELL, mVoiceOperatorAlphaShort=TURKCELL, mDataOperatorAlphaLong=TURKCELL, mDataOperatorAlphaShort=TURKCELL, isManualNetworkSelection=false(automatic), mRilVoiceRadioTechnology=11(HSPA), mRilDataRadioTechnology=11(HSPA), mCssIndicator=unsupported, mNetworkId=-1, mSystemId=-1, mCdmaRoamingIndicator=-1, mCdmaDefaultRoamingIndicator=-1, mIsEmergencyOnly=true, mIsDataRoamingFromRegistration=false, mIsUsingCarrierAggregation=false, mLteEarfcnRsrpBoost=0}] newSS=[{mVoiceRegState=1(OUT_OF_SERVICE), mDataRegState=1(OUT_OF_SERVICE), mVoiceRoamingType=home, mDataRoamingType=home, mVoiceOperatorAlphaLong=TURKCELL, mVoiceOperatorAlphaShort=TURKCELL, mDataOperatorAlphaLong=TURKCELL, mDataOperatorAlphaShort=TURKCELL, isManualNetworkSelection=false(automatic), mRilVoiceRadioTechnology=11(HSPA), mRilDataRadioTechnology=11(HSPA), mCssIndicator=unsupported, mNetworkId=-1, mSystemId=-1, mCdmaRoamingIndicator=-1, mCdmaDefaultRoamingIndicator=-1, mIsEmergencyOnly=true, mIsDataRoamingFromRegistration=false, mIsUsingCarrierAggregation=false, mLteEarfcnRsrpBoost=0}] oldMaxDataCalls=3 mNewMaxDataCalls=3 oldReasonDataDenied=-1 mNewReasonDataDenied=-1
05-18 18:30:59.510   853   935 D RilRequest: [3907]< DATA_REGISTRATION_STATE error: com.android.internal.telephony.CommandException: RADIO_NOT_AVAILABLE ret={.regState = NOT_REG_MT_NOT_SEARCHING_OP, .rat = 0, .reasonDataDenied = 0, .maxDataCalls = 0, .cellIdentity = {.cellInfoType = NONE, .cellIdentityGsm = [], .cellIdentityWcdma = [], .cellIdentityCdma = [], .cellIdentityLte = [], .cellIdentityTdscdma = []}}
05-18 18:30:59.510   853   935 D RilRequest: [3908]< VOICE_REGISTRATION_STATE error: com.android.internal.telephony.CommandException: RADIO_NOT_AVAILABLE ret={.regState = NOT_REG_MT_NOT_SEARCHING_OP, .rat = 0, .cssSupported = false, .roamingIndicator = 0, .systemIsInPrl = 0, .defaultRoamingIndicator = 0, .reasonForDenial = 0, .cellIdentity = {.cellInfoType = NONE, .cellIdentityGsm = [], .cellIdentityWcdma = [], .cellIdentityCdma = [], .cellIdentityLte = [], .cellIdentityTdscdma = []}}
05-18 18:30:59.511   853   935 D RILJ    : [3909]< QUERY_NETWORK_SELECTION_MODE {0} [SUB1]
05-18 18:32:31.398   853   935 D RILJ    : [3922]< OPERATOR {TURKCELL, TURKCELL, 28601} [SUB0]
05-18 18:32:31.400   853   935 D RILJ    : [3923]< DATA_REGISTRATION_STATE {.regState = NOT_REG_MT_NOT_SEARCHING_OP_EM, .rat = 11, .reasonDataDenied = -1, .maxDataCalls = 3, .cellIdentity = {.cellInfoType = WCDMA, .cellIdentityGsm = [], .cellIdentityWcdma = [{.mcc = -1, .mnc = -1, .lac = 257, .cid = 157436644, .psc = -1, .uarfcn = -1}], .cellIdentityCdma = [], .cellIdentityLte = [], .cellIdentityTdscdma = []}} [SUB0]
05-18 18:32:31.401   853   935 D RILJ    : [3924]< VOICE_REGISTRATION_STATE {.regState = NOT_REG_MT_NOT_SEARCHING_OP_EM, .rat = 11, .cssSupported = false, .roamingIndicator = -1, .systemIsInPrl = 0, .defaultRoamingIndicator = 0, .reasonForDenial = 0, .cellIdentity = {.cellInfoType = WCDMA, .cellIdentityGsm = [], .cellIdentityWcdma = [{.mcc = -1, .mnc = -1, .lac = 60334, .cid = 157436644, .psc = -1, .uarfcn = -1}], .cellIdentityCdma = [], .cellIdentityLte = [], .cellIdentityTdscdma = []}} [SUB0]
05-18 18:32:31.402   853   935 D RilRequest: [3926]< OPERATOR error: com.android.internal.telephony.CommandException: RADIO_NOT_AVAILABLE ret={, , }
05-18 18:32:31.402   853   935 D RILJ    : [3925]< QUERY_NETWORK_SELECTION_MODE {0} [SUB0]
05-18 18:32:31.404   853   935 D RilRequest: [3927]< DATA_REGISTRATION_STATE error: com.android.internal.telephony.CommandException: RADIO_NOT_AVAILABLE ret={.regState = NOT_REG_MT_NOT_SEARCHING_OP, .rat = 0, .reasonDataDenied = 0, .maxDataCalls = 0, .cellIdentity = {.cellInfoType = NONE, .cellIdentityGsm = [], .cellIdentityWcdma = [], .cellIdentityCdma = [], .cellIdentityLte = [], .cellIdentityTdscdma = []}}
05-18 18:32:31.405   853   935 D RilRequest: [3928]< VOICE_REGISTRATION_STATE error: com.android.internal.telephony.CommandException: RADIO_NOT_AVAILABLE ret={.regState = NOT_REG_MT_NOT_SEARCHING_OP, .rat = 0, .cssSupported = false, .roamingIndicator = 0, .systemIsInPrl = 0, .defaultRoamingIndicator = 0, .reasonForDenial = 0, .cellIdentity = {.cellInfoType = NONE, .cellIdentityGsm = [], .cellIdentityWcdma = [], .cellIdentityCdma = [], .cellIdentityLte = [], .cellIdentityTdscdma = []}}
05-18 18:32:31.405   853   853 D SST     : Poll ServiceState done:  oldSS=[{mVoiceRegState=1(OUT_OF_SERVICE), mDataRegState=1(OUT_OF_SERVICE), mVoiceRoamingType=home, mDataRoamingType=home, mVoiceOperatorAlphaLong=TURKCELL, mVoiceOperatorAlphaShort=TURKCELL, mDataOperatorAlphaLong=TURKCELL, mDataOperatorAlphaShort=TURKCELL, isManualNetworkSelection=false(automatic), mRilVoiceRadioTechnology=11(HSPA), mRilDataRadioTechnology=11(HSPA), mCssIndicator=unsupported, mNetworkId=-1, mSystemId=-1, mCdmaRoamingIndicator=-1, mCdmaDefaultRoamingIndicator=-1, mIsEmergencyOnly=true, mIsDataRoamingFromRegistration=false, mIsUsingCarrierAggregation=false, mLteEarfcnRsrpBoost=0}] newSS=[{mVoiceRegState=1(OUT_OF_SERVICE), mDataRegState=1(OUT_OF_SERVICE), mVoiceRoamingType=home, mDataRoamingType=home, mVoiceOperatorAlphaLong=TURKCELL, mVoiceOperatorAlphaShort=TURKCELL, mDataOperatorAlphaLong=TURKCELL, mDataOperatorAlphaShort=TURKCELL, isManualNetworkSelection=false(automatic), mRilVoiceRadioTechnology=11(HSPA), mRilDataRadioTechnology=11(HSPA), mCssIndicator=unsupported, mNetworkId=-1, mSystemId=-1, mCdmaRoamingIndicator=-1, mCdmaDefaultRoamingIndicator=-1, mIsEmergencyOnly=true, mIsDataRoamingFromRegistration=false, mIsUsingCarrierAggregation=false, mLteEarfcnRsrpBoost=0}] oldMaxDataCalls=3 mNewMaxDataCalls=3 oldReasonDataDenied=-1 mNewReasonDataDenied=-1
05-18 18:32:31.405   853   935 D RILJ    : [3929]< QUERY_NETWORK_SELECTION_MODE {0} [SUB1]
05-18 18:33:17.356   853   935 D RILJ    : [3942]< OPERATOR {TURKCELL, TURKCELL, 28601} [SUB0]
05-18 18:33:17.358   853   935 D RILJ    : [3943]< DATA_REGISTRATION_STATE {.regState = NOT_REG_MT_NOT_SEARCHING_OP_EM, .rat = 11, .reasonDataDenied = -1, .maxDataCalls = 3, .cellIdentity = {.cellInfoType = WCDMA, .cellIdentityGsm = [], .cellIdentityWcdma = [{.mcc = -1, .mnc = -1, .lac = 257, .cid = 157436644, .psc = -1, .uarfcn = -1}], .cellIdentityCdma = [], .cellIdentityLte = [], .cellIdentityTdscdma = []}} [SUB0]
05-18 18:33:17.360   853   935 D RILJ    : [3944]< VOICE_REGISTRATION_STATE {.regState = NOT_REG_MT_NOT_SEARCHING_OP_EM, .rat = 11, .cssSupported = false, .roamingIndicator = -1, .systemIsInPrl = 0, .defaultRoamingIndicator = 0, .reasonForDenial = 0, .cellIdentity = {.cellInfoType = WCDMA, .cellIdentityGsm = [], .cellIdentityWcdma = [{.mcc = -1, .mnc = -1, .lac = 60334, .cid = 157436644, .psc = -1, .uarfcn = -1}], .cellIdentityCdma = [], .cellIdentityLte = [], .cellIdentityTdscdma = []}} [SUB0]
05-18 18:33:17.360   853   935 D RILJ    : [3945]< QUERY_NETWORK_SELECTION_MODE {0} [SUB0]
05-18 18:33:17.362   853   935 D RilRequest: [3946]< OPERATOR error: com.android.internal.telephony.CommandException: RADIO_NOT_AVAILABLE ret={, , }
05-18 18:33:17.363   853   935 D RilRequest: [3947]< DATA_REGISTRATION_STATE error: com.android.internal.telephony.CommandException: RADIO_NOT_AVAILABLE ret={.regState = NOT_REG_MT_NOT_SEARCHING_OP, .rat = 0, .reasonDataDenied = 0, .maxDataCalls = 0, .cellIdentity = {.cellInfoType = NONE, .cellIdentityGsm = [], .cellIdentityWcdma = [], .cellIdentityCdma = [], .cellIdentityLte = [], .cellIdentityTdscdma = []}}
05-18 18:33:17.364   853   935 D RilRequest: [3948]< VOICE_REGISTRATION_STATE error: com.android.internal.telephony.CommandException: RADIO_NOT_AVAILABLE ret={.regState = NOT_REG_MT_NOT_SEARCHING_OP, .rat = 0, .cssSupported = false, .roamingIndicator = 0, .systemIsInPrl = 0, .defaultRoamingIndicator = 0, .reasonForDenial = 0, .cellIdentity = {.cellInfoType = NONE, .cellIdentityGsm = [], .cellIdentityWcdma = [], .cellIdentityCdma = [], .cellIdentityLte = [], .cellIdentityTdscdma = []}}
05-18 18:33:17.365   853   935 D RILJ    : [3949]< QUERY_NETWORK_SELECTION_MODE {0} [SUB1]
05-18 18:33:17.366   853   853 D SST     : Poll ServiceState done:  oldSS=[{mVoiceRegState=1(OUT_OF_SERVICE), mDataRegState=1(OUT_OF_SERVICE), mVoiceRoamingType=home, mDataRoamingType=home, mVoiceOperatorAlphaLong=TURKCELL, mVoiceOperatorAlphaShort=TURKCELL, mDataOperatorAlphaLong=TURKCELL, mDataOperatorAlphaShort=TURKCELL, isManualNetworkSelection=false(automatic), mRilVoiceRadioTechnology=11(HSPA), mRilDataRadioTechnology=11(HSPA), mCssIndicator=unsupported, mNetworkId=-1, mSystemId=-1, mCdmaRoamingIndicator=-1, mCdmaDefaultRoamingIndicator=-1, mIsEmergencyOnly=true, mIsDataRoamingFromRegistration=false, mIsUsingCarrierAggregation=false, mLteEarfcnRsrpBoost=0}] newSS=[{mVoiceRegState=1(OUT_OF_SERVICE), mDataRegState=1(OUT_OF_SERVICE), mVoiceRoamingType=home, mDataRoamingType=home, mVoiceOperatorAlphaLong=TURKCELL, mVoiceOperatorAlphaShort=TURKCELL, mDataOperatorAlphaLong=TURKCELL, mDataOperatorAlphaShort=TURKCELL, isManualNetworkSelection=false(automatic), mRilVoiceRadioTechnology=11(HSPA), mRilDataRadioTechnology=11(HSPA), mCssIndicator=unsupported, mNetworkId=-1, mSystemId=-1, mCdmaRoamingIndicator=-1, mCdmaDefaultRoamingIndicator=-1, mIsEmergencyOnly=true, mIsDataRoamingFromRegistration=false, mIsUsingCarrierAggregation=false, mLteEarfcnRsrpBoost=0}] oldMaxDataCalls=3 mNewMaxDataCalls=3 oldReasonDataDenied=-1 mNewReasonDataDenied=-1
05-18 18:34:55.659   881   881 I sysui_action: [289,ComponentInfo{com.pax.samplesalea/com.pax.samplesalea.SaleActivity}]
05-18 18:34:55.659   881   881 I sysui_multi_action: [757,289,758,4,806,ComponentInfo{com.pax.samplesalea/com.pax.samplesalea.SaleActivity}]
05-18 18:41:58.663   881   881 I sysui_action: [289,ComponentInfo{com.pax.samplesalea/com.pax.samplesalea.SaleActivity}]
05-18 18:41:58.663   881   881 I sysui_multi_action: [757,289,758,4,806,ComponentInfo{com.pax.samplesalea/com.pax.samplesalea.SaleActivity}]
05-18 18:47:29.007   881   881 I sysui_action: [289,ComponentInfo{com.pax.samplesalea/com.pax.samplesalea.SaleActivity}]
05-18 18:47:29.007   881   881 I sysui_multi_action: [757,289,758,4,806,ComponentInfo{com.pax.samplesalea/com.pax.samplesalea.SaleActivity}]
05-18 18:56:45.044   881   881 I sysui_action: [289,ComponentInfo{com.pax.samplesalea/com.pax.samplesalea.SaleActivity}]
05-18 18:56:45.044   881   881 I sysui_multi_action: [757,289,758,4,806,ComponentInfo{com.pax.samplesalea/com.pax.samplesalea.SaleActivity}]
05-18 19:06:31.006   881   881 I sysui_action: [289,ComponentInfo{com.pax.samplesalea/com.pax.samplesalea.SaleActivity}]
05-18 19:06:31.006   881   881 I sysui_multi_action: [757,289,758,4,806,ComponentInfo{com.pax.samplesalea/com.pax.samplesalea.SaleActivity}]
05-18 19:12:35.899   881   881 I sysui_action: [289,ComponentInfo{com.pax.samplesalea/com.pax.samplesalea.SaleActivity}]
05-18 19:12:35.899   881   881 I sysui_multi_action: [757,289,758,4,806,ComponentInfo{com.pax.samplesalea/com.pax.samplesalea.SaleActivity}]
05-18 19:12:57.915   881   881 I sysui_action: [289,ComponentInfo{com.pax.samplesalea/com.pax.samplesalea.SaleActivity}]
05-18 19:12:57.915   881   881 I sysui_multi_action: [757,289,758,4,806,ComponentInfo{com.pax.samplesalea/com.pax.samplesalea.SaleActivity}]
05-18 19:13:31.500   881   881 I sysui_action: [289,ComponentInfo{com.pax.samplesalea/com.pax.samplesalea.SaleActivity}]
05-18 19:13:31.500   881   881 I sysui_multi_action: [757,289,758,4,806,ComponentInfo{com.pax.samplesalea/com.pax.samplesalea.SaleActivity}]
05-18 19:17:27.276   881   881 I sysui_action: [318,ComponentInfo{com.pax.samplesalea/com.pax.samplesalea.SaleActivity}]
05-18 19:17:27.277   881   881 I sysui_multi_action: [757,318,758,4,806,ComponentInfo{com.pax.samplesalea/com.pax.samplesalea.SaleActivity}]
05-18 19:17:29.610   881   881 I sysui_action: [289,ComponentInfo{com.pax.samplesalea/com.pax.samplesalea.SaleActivity}]
05-18 19:17:29.610   881   881 I sysui_multi_action: [757,289,758,4,806,ComponentInfo{com.pax.samplesalea/com.pax.samplesalea.SaleActivity}]
05-18 19:18:58.998   881   881 I sysui_action: [289,ComponentInfo{com.pax.samplesalea/com.pax.samplesalea.SaleActivity}]
05-18 19:18:58.998   881   881 I sysui_multi_action: [757,289,758,4,806,ComponentInfo{com.pax.samplesalea/com.pax.samplesalea.SaleActivity}]
05-18 19:19:31.320   881   881 I sysui_action: [289,ComponentInfo{com.pax.samplesalea/com.pax.samplesalea.SaleActivity}]
05-18 19:19:31.320   881   881 I sysui_multi_action: [757,289,758,4,806,ComponentInfo{com.pax.samplesalea/com.pax.samplesalea.SaleActivity}]
05-18 19:21:36.863   296   444 D ENGPC   : parse_event: event { 'change', '/devices/platform/battery/power_supply/battery', 'power_supply', '' }
05-18 19:21:36.865   296   444 D ENGPC   : parse_event: event { 'change', '/devices/platform/battery/power_supply/battery', 'power_supply', '' }
05-18 19:21:36.869   669   669 D BroadcastQueue: Add broadcast <BroadcastRecord{c01f0d3 u-1 android.intent.action.BATTERY_CHANGED}> into [parallel | background], pending size 0
05-18 19:21:36.873   669   683 D BroadcastQueue: Done with parallel broadcast [background] [BroadcastRecord{c01f0d3 u-1 android.intent.action.BATTERY_CHANGED}]
05-18 19:21:37.526  5093  5119 I appium  : AppiumResponse: {"sessionId":"e060cd36-560e-42c5-91e1-180205131cf7","value":{"ELEMENT":"00000000-0000-042d-ffff-ffff000000b6","element-6066-11e4-a52e-4f735466cecf":"00000000-0000-042d-ffff-ffff000000b6"}}
05-18 19:21:37.566  5093  5119 I appium  : AppiumResponse: {"sessionId":"e060cd36-560e-42c5-91e1-180205131cf7","value":"true"}
05-18 19:21:37.622  5093  5119 I appium  : AppiumResponse: {"sessionId":"e060cd36-560e-42c5-91e1-180205131cf7","value":{"ELEMENT":"00000000-0000-042d-ffff-ffff000000b6","element-6066-11e4-a52e-4f735466cecf":"00000000-0000-042d-ffff-ffff000000b6"}}
05-18 19:21:37.710  5093  5119 I appium  : AppiumResponse: {"sessionId":"e060cd36-560e-42c5-91e1-180205131cf7","value":null}
05-18 19:21:37.728   669  1271 I ActivityManager: START u0 {cmp=com.pax.samplesalea/.RefundActivity (has extras)} from uid 10057, pid 5132
05-18 19:21:37.728   669  1271 W ActivityManager: startActivity ActivityRecord r=ActivityRecord{a660410 u0 com.pax.samplesalea/.RefundActivity t-1}
05-18 19:21:37.736   669  1271 I ActivityManager: ->startActivity for ActivityRecord{a660410 u0 com.pax.samplesalea/.RefundActivity t315} result:0
05-18 19:21:38.056   669  1271 D WindowManager: Input focus has changed to Window{72e0ec5 u0 com.pax.samplesalea/com.pax.samplesalea.RefundActivity}
05-18 19:21:38.071  5093  5119 I appium  : AppiumResponse: {"sessionId":"e060cd36-560e-42c5-91e1-180205131cf7","value":{"error":"no such element","message":"An element could not be located on the page using the given search parameters","stacktrace":"io.appium.uiautomator2.common.exceptions.ElementNotFoundException: An element could not be located on the page using the given search parameters\n\tat io.appium.uiautomator2.utils.ElementLocationHelpers.findElement(ElementLocationHelpers.java:153)\n\tat io.appium.uiautomator2.handler.FindElement.safeHandle(FindElement.java:60)\n\tat io.appium.uiautomator2.handler.request.SafeRequestHandler.handle(SafeRequestHandler.java:59)\n\tat io.appium.uiautomator2.server.AppiumServlet.handleRequest(AppiumServlet.java:267)\n\tat io.appium.uiautomator2.server.AppiumServlet.handleHttpRequest(AppiumServlet.java:261)\n\tat io.appium.uiautomator2.http.ServerHandler.channelRead(ServerHandler.java:77)\n\tat io.netty.channel.AbstractChannelHandlerContext.fireChannelRead(AbstractChannelHandlerContext.java:356)\n\tat io.netty.handler.codec.MessageToMessageDecoder.channelRead(MessageToMessageDecoder.java:107)\n\tat io.netty.channel.AbstractChannelHandlerContext.fireChannelRead(AbstractChannelHandlerContext.java:356)\n\tat io.netty.channel.CombinedChannelDuplexHandler$DelegatingChannelHandlerContext.fireChannelRead(CombinedChannelDuplexHandler.java:434)\n\tat io.netty.handler.codec.ByteToMessageDecoder.fireChannelRead(ByteToMessageDecoder.java:346)\n\tat io.netty.handler.codec.ByteToMessageDecoder.channelRead(ByteToMessageDecoder.java:318)\n\tat io.netty.channel.CombinedChannelDuplexHandler.channelRead(CombinedChannelDuplexHandler.java:249)\n\tat io.netty.channel.AbstractChannelHandlerContext.fireChannelRead(AbstractChannelHandlerContext.java:354)\n\tat io.netty.handler.timeout.IdleStateHandler.channelRead(IdleStateHandler.java:293)\n\tat io.netty.channel.AbstractChannelHandlerContext.fireChannelRead(AbstractChannelHandlerContext.java:354)\n\tat io.netty.channel.DefaultChannelPipeline$HeadContext.channelRead(DefaultChannelPipeline.java:1429)\n\tat io.netty.channel.DefaultChannelPipeline.fireChannelRead(DefaultChannelPipeline.java:918)\n\tat io.netty.channel.nio.AbstractNioByteChannel$NioByteUnsafe.read(AbstractNioByteChannel.java:168)\n\tat io.netty.channel.nio.AbstractNioChannel$AbstractNioUnsafe.handle(AbstractNioChannel.java:445)\n\tat io.netty.channel.nio.NioIoHandler$DefaultNioRegistration.handle(NioIoHandler.java:388)\n\tat io.netty.channel.nio.NioIoHandler.processSelectedKey(NioIoHandler.java:596)\n\tat io.netty.channel.nio.NioIoHandler.processSelectedKeysOptimized(NioIoHandler.java:571)\n\tat io.netty.channel.nio.NioIoHandler.processSelectedKeys(NioIoHandler.java:512)\n\tat io.netty.channel.nio.NioIoHandler.run(NioIoHandler.java:484)\n\tat io.netty.channel.SingleThreadIoEventLoop.runIo(SingleThreadIoEventLoop.java:225)\n\tat io.netty.channel.SingleThreadIoEventLoop.run(SingleThreadIoEventLoop.java:196)\n\tat io.netty.util.concurrent.SingleThreadEventExecutor$5.run(SingleThreadEventExecutor.java:1193)\n\tat io.netty.util.internal.ThreadExecutorMap$2.run(ThreadExecutorMap.java:74)\n\tat io.netty.util.concurrent.FastThreadLocalRunnable.run(FastThreadLocalRunnable.java:30)\n\tat java.lang.Thread.run(Thread.java:764)\n"}}
05-18 19:21:38.907  5093  5119 I appium  : AppiumResponse: {"sessionId":"e060cd36-560e-42c5-91e1-180205131cf7","value":{"ELEMENT":"00000000-0000-042e-ffff-ffff000000d6","element-6066-11e4-a52e-4f735466cecf":"00000000-0000-042e-ffff-ffff000000d6"}}
05-18 19:21:38.941  5093  5119 I appium  : AppiumResponse: {"sessionId":"e060cd36-560e-42c5-91e1-180205131cf7","value":"true"}
05-18 19:21:39.050  5093  5119 I appium  : AppiumResponse: {"sessionId":"e060cd36-560e-42c5-91e1-180205131cf7","value":{"ELEMENT":"00000000-0000-042e-ffff-ffff000000d6","element-6066-11e4-a52e-4f735466cecf":"00000000-0000-042e-ffff-ffff000000d6"}}
05-18 19:21:39.117  5093  5119 I appium  : AppiumResponse: {"sessionId":"e060cd36-560e-42c5-91e1-180205131cf7","value":null}
05-18 19:21:39.887  5093  5119 I appium  : AppiumResponse: {"sessionId":"e060cd36-560e-42c5-91e1-180205131cf7","value":{"ELEMENT":"00000000-0000-042e-ffff-ffff000000d6","element-6066-11e4-a52e-4f735466cecf":"00000000-0000-042e-ffff-ffff000000d6"}}
05-18 19:21:40.500  5093  5119 I appium  : AppiumResponse: {"sessionId":"e060cd36-560e-42c5-91e1-180205131cf7","value":null}
05-18 19:21:41.037  5093  5119 I appium  : AppiumResponse: {"sessionId":"e060cd36-560e-42c5-91e1-180205131cf7","value":{"ELEMENT":"00000000-0000-042e-ffff-ffff000000c9","element-6066-11e4-a52e-4f735466cecf":"00000000-0000-042e-ffff-ffff000000c9"}}
05-18 19:21:41.085  5093  5119 I appium  : AppiumResponse: {"sessionId":"e060cd36-560e-42c5-91e1-180205131cf7","value":"true"}
05-18 19:21:41.147  5093  5119 I appium  : AppiumResponse: {"sessionId":"e060cd36-560e-42c5-91e1-180205131cf7","value":{"ELEMENT":"00000000-0000-042e-ffff-ffff000000c9","element-6066-11e4-a52e-4f735466cecf":"00000000-0000-042e-ffff-ffff000000c9"}}
05-18 19:21:41.224  5093  5119 I appium  : AppiumResponse: {"sessionId":"e060cd36-560e-42c5-91e1-180205131cf7","value":null}
05-18 19:21:41.765  5093  5119 I appium  : AppiumResponse: {"sessionId":"e060cd36-560e-42c5-91e1-180205131cf7","value":{"ELEMENT":"00000000-0000-042e-ffff-ffff000000c9","element-6066-11e4-a52e-4f735466cecf":"00000000-0000-042e-ffff-ffff000000c9"}}
05-18 19:21:42.381  5093  5119 I appium  : AppiumResponse: {"sessionId":"e060cd36-560e-42c5-91e1-180205131cf7","value":null}
05-18 19:21:42.917  5093  5119 I appium  : AppiumResponse: {"sessionId":"e060cd36-560e-42c5-91e1-180205131cf7","value":{"ELEMENT":"00000000-0000-042e-ffff-ffff000000d5","element-6066-11e4-a52e-4f735466cecf":"00000000-0000-042e-ffff-ffff000000d5"}}
05-18 19:21:42.960  5093  5119 I appium  : AppiumResponse: {"sessionId":"e060cd36-560e-42c5-91e1-180205131cf7","value":"true"}
05-18 19:21:43.023  5093  5119 I appium  : AppiumResponse: {"sessionId":"e060cd36-560e-42c5-91e1-180205131cf7","value":{"ELEMENT":"00000000-0000-042e-ffff-ffff000000d5","element-6066-11e4-a52e-4f735466cecf":"00000000-0000-042e-ffff-ffff000000d5"}}
05-18 19:21:43.098  5093  5119 I appium  : AppiumResponse: {"sessionId":"e060cd36-560e-42c5-91e1-180205131cf7","value":null}
05-18 19:21:43.637  5093  5119 I appium  : AppiumResponse: {"sessionId":"e060cd36-560e-42c5-91e1-180205131cf7","value":{"ELEMENT":"00000000-0000-042e-ffff-ffff000000d5","element-6066-11e4-a52e-4f735466cecf":"00000000-0000-042e-ffff-ffff000000d5"}}
05-18 19:21:44.260  5093  5119 I appium  : AppiumResponse: {"sessionId":"e060cd36-560e-42c5-91e1-180205131cf7","value":null}
05-18 19:21:45.547  5777  5777 I Input   : injectKeyEvent: KeyEvent { action=ACTION_DOWN, keyCode=KEYCODE_ESCAPE, scanCode=0, metaState=0, flags=0x0, repeatCount=0, eventTime=35293573, downTime=35293573, deviceId=-1, source=0x101 }
05-18 19:21:45.558   669   803 D WindowManager: Unhandled key: win=Window{72e0ec5 u0 com.pax.samplesalea/com.pax.samplesalea.RefundActivity}, action=0, flags=0, keyCode=111, scanCode=0, metaState=0, repeatCount=0, policyFlags=1795162112
05-18 19:21:45.560   669   803 D WindowManager: Performing fallback: KeyEvent { action=ACTION_DOWN, keyCode=KEYCODE_BACK, scanCode=0, metaState=0, flags=0x400, repeatCount=0, eventTime=35293573, downTime=35293573, deviceId=-1, source=0x101 }
05-18 19:21:45.563  5777  5777 I Input   : injectKeyEvent: KeyEvent { action=ACTION_UP, keyCode=KEYCODE_ESCAPE, scanCode=0, metaState=0, flags=0x0, repeatCount=0, eventTime=35293573, downTime=35293573, deviceId=-1, source=0x101 }
05-18 19:21:45.566   669   803 D WindowManager: Unhandled key: win=Window{72e0ec5 u0 com.pax.samplesalea/com.pax.samplesalea.RefundActivity}, action=1, flags=0, keyCode=111, scanCode=0, metaState=0, repeatCount=0, policyFlags=1795162112
05-18 19:21:45.567   669   803 D WindowManager: Performing fallback: KeyEvent { action=ACTION_UP, keyCode=KEYCODE_BACK, scanCode=0, metaState=0, flags=0x400, repeatCount=0, eventTime=35293573, downTime=35293573, deviceId=-1, source=0x101 }
05-18 19:21:46.225  5093  5119 I appium  : AppiumResponse: {"sessionId":"e060cd36-560e-42c5-91e1-180205131cf7","value":{"ELEMENT":"00000000-0000-042e-ffff-ffff000000d7","element-6066-11e4-a52e-4f735466cecf":"00000000-0000-042e-ffff-ffff000000d7"}}
05-18 19:21:46.287  5093  5119 I appium  : AppiumResponse: {"sessionId":"e060cd36-560e-42c5-91e1-180205131cf7","value":"true"}
05-18 19:21:46.354  5093  5119 I appium  : AppiumResponse: {"sessionId":"e060cd36-560e-42c5-91e1-180205131cf7","value":{"ELEMENT":"00000000-0000-042e-ffff-ffff000000d7","element-6066-11e4-a52e-4f735466cecf":"00000000-0000-042e-ffff-ffff000000d7"}}
05-18 19:21:46.431  5093  5119 I appium  : AppiumResponse: {"sessionId":"e060cd36-560e-42c5-91e1-180205131cf7","value":null}
05-18 19:21:46.484   669 16339 D BroadcastQueue: Add broadcast <BroadcastRecord{4c4ca70 u0 com.pax.intent.action.TransactionRequest}> into [ordered | background], pending size 0
05-18 19:21:46.484   669 16339 D BroadcastQueue: Header is BroadcastRecord{4c4ca70 u0 com.pax.intent.action.TransactionRequest} now
05-18 19:21:46.494   669  1271 I ActivityManager: START u0 {flg=0x10008000 pkg=com.pax.samplesalea cmp=com.pax.mainapp/.ManagerActivity (has extras)} from uid 10050, pid 2154
05-18 19:21:46.494   669  1271 W ActivityManager: startActivity ActivityRecord r=ActivityRecord{1881e9 u0 com.pax.mainapp/.ManagerActivity t-1}
05-18 19:21:46.508   669  1271 I ActivityManager: ->startActivity for ActivityRecord{1881e9 u0 com.pax.mainapp/.ManagerActivity t318} result:0
05-18 19:21:46.517   669  1271 D BroadcastQueue: Finished with ordered broadcast BroadcastRecord{4c4ca70 u0 com.pax.intent.action.TransactionRequest} receivers:(1) take 33ms in [background], remains 0
05-18 19:21:46.589  1203  1441 W ContextImpl: Implicit intents with startService are not safe: Intent { act=com.pax.daemon.debug_status_icon } android.content.ContextWrapper.startService:662 com.pax.daemon.observer.ServerService.checkDebugStatus:1201 com.pax.daemon.observer.ServerService.-wrap1:0 
05-18 19:21:46.673   669   851 D BroadcastQueue: Add broadcast <BroadcastRecord{8836264 u0 android.intent.action.PACKAGE_RESTARTED}> into [parallel | background], pending size 0
05-18 19:21:46.677   669  7378 W ActivityManager: Spurious death for ProcessRecord{75ae470 0:com.pax.ipp.neptune/u0a39}, curProc for 4424: null
05-18 19:21:46.690   669   683 D BroadcastQueue: Done with parallel broadcast [background] [BroadcastRecord{8836264 u0 android.intent.action.PACKAGE_RESTARTED}]
05-18 19:21:46.874   669  1419 D WindowManager: Input focus has changed to Window{2fe2893 u0 com.pax.mainapp/com.pax.mainapp.ManagerActivity}
05-18 19:21:47.058   669   669 D BroadcastQueue: Add broadcast <BroadcastRecord{c3ad6da u0 com.pax.refresh.inputMedthod}> into [parallel | background], pending size 0
05-18 19:21:47.058   669   683 D BroadcastQueue: Done with parallel broadcast [background] [BroadcastRecord{c3ad6da u0 com.pax.refresh.inputMedthod}]
05-18 19:21:47.308  5184  5769 D TransactionReceiver: Received: {"eventData":{"amount":"10000","bankRefNo":"0000613803121379","installmentCount":0,"slipInfo":{"detail":-1,"needPrint":false,"printType":0},"tranNo":40,"tranType":2,"transactionId":"96abf50a-6512-4bf4-94d9-23eee1f57e49","vuk507Info":false},"eventResponse":{"binLength":0},"menuEvent":{"eventData":{},"eventResponse":{},"baseResponse":{},"eventHeader":{"version":"1.0"}},"settlementEvent":{"eventResponse":{},"baseResponse":{},"eventHeader":{"version":"1.0"}},"baseResponse":{},"eventHeader":{"command":"is","type":"vertical","version":"1.0"}}
05-18 19:21:47.447   669  1419 D BroadcastQueue: Add broadcast <BroadcastRecord{920170b u0 com.pax.intent.action.TransactionUpdateRequest}> into [ordered | background], pending size 0
05-18 19:21:47.447   669  1419 D BroadcastQueue: Header is BroadcastRecord{920170b u0 com.pax.intent.action.TransactionUpdateRequest} now
05-18 19:21:47.558  5132  5132 D TransactionReceiver: intent.action TRANSACTION_UPDATE_REQUEST event: {"eventData":{"amount":"10000","bankRefNo":"0000613803121379","installmentCount":0,"slipInfo":{"detail":-1,"needPrint":false,"printType":0},"tranNo":40,"tranType":2,"transactionId":"96abf50a-6512-4bf4-94d9-23eee1f57e49","vuk507Info":false},"eventResponse":{"binLength":0},"menuEvent":{"eventData":{},"eventResponse":{},"baseResponse":{},"eventHeader":{"version":"1.0"}},"settlementEvent":{"eventResponse":{},"baseResponse":{},"eventHeader":{"version":"1.0"}},"baseResponse":{},"eventHeader":{"command":"do","type":"vertical","version":"1.0"}}
05-18 19:21:47.578  5132  5132 D candidateList: [{"appPackage":"com.pax.techpos"}]
05-18 19:21:47.618   669  4769 D BroadcastQueue: Finished with ordered broadcast BroadcastRecord{920170b u0 com.pax.intent.action.TransactionUpdateRequest} receivers:(1) take 171ms in [background], remains 0
05-18 19:21:47.645   669  1264 I ActivityManager: START u0 {flg=0x10010000 cmp=com.pax.mainapp/.StarterActivity (has extras)} from uid 10050, pid 2154
05-18 19:21:47.646   669  1264 W ActivityManager: startActivity ActivityRecord r=ActivityRecord{bff86a6 u0 com.pax.mainapp/.StarterActivity t-1}
05-18 19:21:47.660   669  1264 I ActivityManager: ->startActivity for ActivityRecord{bff86a6 u0 com.pax.mainapp/.StarterActivity t318} result:0
05-18 19:21:47.741   669  4769 I ActivityManager: START u0 {act=com.pax.intent.action.EVENT flg=0x10020 cmp=com.pax.techpos/.StarterActivity (has extras)} from uid 10050, pid 2154
05-18 19:21:47.742   669  4769 W ActivityManager: startActivity ActivityRecord r=ActivityRecord{20d6732 u0 com.pax.techpos/.StarterActivity t-1}
05-18 19:21:47.755   669  4769 I ActivityManager: ->startActivity for ActivityRecord{20d6732 u0 com.pax.techpos/.StarterActivity t318} result:0
05-18 19:21:48.313   669  4769 I ActivityManager: START u0 {act=com.pax.techpos.USER_ACTION cmp=com.pax.techpos/.MainActivity (has extras)} from uid 10055, pid 5184
05-18 19:21:48.313   669  4769 W ActivityManager: startActivity ActivityRecord r=ActivityRecord{6a6c47e u0 com.pax.techpos/.MainActivity t-1}
05-18 19:21:48.323   669  4769 I ActivityManager: ->startActivity for ActivityRecord{6a6c47e u0 com.pax.techpos/.MainActivity t318} result:0
05-18 19:21:48.594  1203  1441 W ContextImpl: Implicit intents with startService are not safe: Intent { act=com.pax.daemon.debug_status_icon } android.content.ContextWrapper.startService:662 com.pax.daemon.observer.ServerService.checkDebugStatus:1201 com.pax.daemon.observer.ServerService.-wrap1:0 
05-18 19:21:48.663  5093  5119 I appium  : AppiumResponse: {"sessionId":"e060cd36-560e-42c5-91e1-180205131cf7","value":[]}
05-18 19:21:48.929   669  4769 D WindowManager: Input focus has changed to Window{7e8d8fb u0 com.pax.techpos/com.pax.techpos.MainActivity}
05-18 19:21:49.326   669  1419 I ActivityManager: START u0 {cmp=com.pax.techpos/com.pax.easypos.display.ActivitySwipeCard (has extras)} from uid 10055, pid 5184
05-18 19:21:49.327   669  1419 W ActivityManager: startActivity ActivityRecord r=ActivityRecord{8ce556 u0 com.pax.techpos/com.pax.easypos.display.ActivitySwipeCard t-1}
05-18 19:21:49.339   669  1419 I ActivityManager: ->startActivity for ActivityRecord{8ce556 u0 com.pax.techpos/com.pax.easypos.display.ActivitySwipeCard t318} result:0
05-18 19:21:49.852  5093  5119 I appium  : AppiumResponse: {"sessionId":"e060cd36-560e-42c5-91e1-180205131cf7","value":[]}
05-18 19:21:49.891   669  1419 D WindowManager: Input focus has changed to Window{cd36c73 u0 com.pax.techpos/com.pax.easypos.display.ActivitySwipeCard}
05-18 19:21:50.313   296   444 D ENGPC   : parse_event: event { 'change', '/devices/platform/battery/power_supply/battery', 'power_supply', '' }
05-18 19:21:50.318   669   669 D BroadcastQueue: Add broadcast <BroadcastRecord{c96bfa9 u-1 android.intent.action.BATTERY_CHANGED}> into [parallel | background], pending size 0
05-18 19:21:50.320   669   683 D BroadcastQueue: Done with parallel broadcast [background] [BroadcastRecord{c96bfa9 u-1 android.intent.action.BATTERY_CHANGED}]
05-18 19:21:50.968  5093  5119 I appium  : AppiumResponse: {"sessionId":"e060cd36-560e-42c5-91e1-180205131cf7","value":[]}
05-18 19:21:51.539  5093  5119 I appium  : AppiumResponse: {"sessionId":"e060cd36-560e-42c5-91e1-180205131cf7","value":[]}
05-18 19:21:51.923   296   444 D ENGPC   : parse_event: event { 'change', '/devices/platform/battery/power_supply/battery', 'power_supply', '' }
05-18 19:21:51.984   296   444 D ENGPC   : parse_event: event { 'change', '/devices/platform/battery/power_supply/battery', 'power_supply', '' }
05-18 19:21:52.106  5093  5119 I appium  : AppiumResponse: {"sessionId":"e060cd36-560e-42c5-91e1-180205131cf7","value":[]}
05-18 19:21:52.680  5093  5119 I appium  : AppiumResponse: {"sessionId":"e060cd36-560e-42c5-91e1-180205131cf7","value":[]}
05-18 19:21:53.254  5093  5119 I appium  : AppiumResponse: {"sessionId":"e060cd36-560e-42c5-91e1-180205131cf7","value":[]}
05-18 19:21:53.829  5093  5119 I appium  : AppiumResponse: {"sessionId":"e060cd36-560e-42c5-91e1-180205131cf7","value":[]}
05-18 19:21:54.383  5093  5119 I appium  : AppiumResponse: {"sessionId":"e060cd36-560e-42c5-91e1-180205131cf7","value":[]}
05-18 19:21:54.925  5093  5119 I appium  : AppiumResponse: {"sessionId":"e060cd36-560e-42c5-91e1-180205131cf7","value":[]}
05-18 19:21:55.488  5093  5119 I appium  : AppiumResponse: {"sessionId":"e060cd36-560e-42c5-91e1-180205131cf7","value":[]}
05-18 19:21:56.064  5093  5119 I appium  : AppiumResponse: {"sessionId":"e060cd36-560e-42c5-91e1-180205131cf7","value":[]}
05-18 19:21:56.453   669  1025 V AlarmManager: set(PendingIntent{5d6d008: PendingIntentRecord{e0933a1 android broadcastIntent}}) : type=3 triggerAtTime=35604480 win=225000 tElapsed=35604480 maxElapsed=35829480 interval=0 flags=0x8
05-18 19:21:56.633  5093  5119 I appium  : AppiumResponse: {"sessionId":"e060cd36-560e-42c5-91e1-180205131cf7","value":[]}
05-18 19:21:57.206  5093  5119 I appium  : AppiumResponse: {"sessionId":"e060cd36-560e-42c5-91e1-180205131cf7","value":[]}
05-18 19:21:57.769  5093  5119 I appium  : AppiumResponse: {"sessionId":"e060cd36-560e-42c5-91e1-180205131cf7","value":[]}
05-18 19:21:58.334  5093  5119 I appium  : AppiumResponse: {"sessionId":"e060cd36-560e-42c5-91e1-180205131cf7","value":[]}
05-18 19:21:58.657  5093  5119 I appium  : AppiumResponse: {"sessionId":"e060cd36-560e-42c5-91e1-180205131cf7","value":[]}
05-18 19:21:59.261  5093  5119 I appium  : AppiumResponse: {"sessionId":"e060cd36-560e-42c5-91e1-180205131cf7","value":{"ELEMENT":"00000000-0000-0433-ffff-ffff000000ca","element-6066-11e4-a52e-4f735466cecf":"00000000-0000-0433-ffff-ffff000000ca"}}
05-18 19:21:59.320  5093  5119 I appium  : AppiumResponse: {"sessionId":"e060cd36-560e-42c5-91e1-180205131cf7","value":null}
05-18 19:21:59.389  5093  5119 I appium  : AppiumResponse: {"sessionId":"e060cd36-560e-42c5-91e1-180205131cf7","value":{"error":"no such element","message":"An element could not be located on the page using the given search parameters","stacktrace":"io.appium.uiautomator2.common.exceptions.ElementNotFoundException: An element could not be located on the page using the given search parameters\n\tat io.appium.uiautomator2.handler.FindElement.safeHandle(FindElement.java:63)\n\tat io.appium.uiautomator2.handler.request.SafeRequestHandler.handle(SafeRequestHandler.java:59)\n\tat io.appium.uiautomator2.server.AppiumServlet.handleRequest(AppiumServlet.java:267)\n\tat io.appium.uiautomator2.server.AppiumServlet.handleHttpRequest(AppiumServlet.java:261)\n\tat io.appium.uiautomator2.http.ServerHandler.channelRead(ServerHandler.java:77)\n\tat io.netty.channel.AbstractChannelHandlerContext.fireChannelRead(AbstractChannelHandlerContext.java:356)\n\tat io.netty.handler.codec.MessageToMessageDecoder.channelRead(MessageToMessageDecoder.java:107)\n\tat io.netty.channel.AbstractChannelHandlerContext.fireChannelRead(AbstractChannelHandlerContext.java:356)\n\tat io.netty.channel.CombinedChannelDuplexHandler$DelegatingChannelHandlerContext.fireChannelRead(CombinedChannelDuplexHandler.java:434)\n\tat io.netty.handler.codec.ByteToMessageDecoder.fireChannelRead(ByteToMessageDecoder.java:346)\n\tat io.netty.handler.codec.ByteToMessageDecoder.channelRead(ByteToMessageDecoder.java:318)\n\tat io.netty.channel.CombinedChannelDuplexHandler.channelRead(CombinedChannelDuplexHandler.java:249)\n\tat io.netty.channel.AbstractChannelHandlerContext.fireChannelRead(AbstractChannelHandlerContext.java:354)\n\tat io.netty.handler.timeout.IdleStateHandler.channelRead(IdleStateHandler.java:293)\n\tat io.netty.channel.AbstractChannelHandlerContext.fireChannelRead(AbstractChannelHandlerContext.java:354)\n\tat io.netty.channel.DefaultChannelPipeline$HeadContext.channelRead(DefaultChannelPipeline.java:1429)\n\tat io.netty.channel.DefaultChannelPipeline.fireChannelRead(DefaultChannelPipeline.java:918)\n\tat io.netty.channel.nio.AbstractNioByteChannel$NioByteUnsafe.read(AbstractNioByteChannel.java:168)\n\tat io.netty.channel.nio.AbstractNioChannel$AbstractNioUnsafe.handle(AbstractNioChannel.java:445)\n\tat io.netty.channel.nio.NioIoHandler$DefaultNioRegistration.handle(NioIoHandler.java:388)\n\tat io.netty.channel.nio.NioIoHandler.processSelectedKey(NioIoHandler.java:596)\n\tat io.netty.channel.nio.NioIoHandler.processSelectedKeysOptimized(NioIoHandler.java:571)\n\tat io.netty.channel.nio.NioIoHandler.processSelectedKeys(NioIoHandler.java:512)\n\tat io.netty.channel.nio.NioIoHandler.run(NioIoHandler.java:484)\n\tat io.netty.channel.SingleThreadIoEventLoop.runIo(SingleThreadIoEventLoop.java:225)\n\tat io.netty.channel.SingleThreadIoEventLoop.run(SingleThreadIoEventLoop.java:196)\n\tat io.netty.util.concurrent.SingleThreadEventExecutor$5.run(SingleThreadEventExecutor.java:1193)\n\tat io.netty.util.internal.ThreadExecutorMap$2.run(ThreadExecutorMap.java:74)\n\tat io.netty.util.concurrent.FastThreadLocalRunnable.run(FastThreadLocalRunnable.java:30)\n\tat java.lang.Thread.run(Thread.java:764)\n"}}
05-18 19:21:59.550   669  1419 I ActivityManager: START u0 {cmp=com.pax.techpos/com.pax.easypos.display.ActivityPosPed (has extras)} from uid 10055, pid 5184
05-18 19:21:59.551   669  1419 W ActivityManager: startActivity ActivityRecord r=ActivityRecord{7dec65c u0 com.pax.techpos/com.pax.easypos.display.ActivityPosPed t-1}
05-18 19:21:59.566   669  1419 I ActivityManager: ->startActivity for ActivityRecord{7dec65c u0 com.pax.techpos/com.pax.easypos.display.ActivityPosPed t318} result:0
05-18 19:21:59.998   669   800 V AlarmManager: sending alarm Alarm{9f86692 type 3 when 35308025 android}
05-18 19:21:59.999   669   800 D BroadcastQueue: Add broadcast <BroadcastRecord{4f05863 u-1 android.intent.action.TIME_TICK}> into [ordered | foreground], pending size 0
05-18 19:21:59.999   669   800 D BroadcastQueue: Header is BroadcastRecord{4f05863 u-1 android.intent.action.TIME_TICK} now
05-18 19:22:00.000   669   669 V AlarmManager: set(PendingIntent{92f1e8d: PendingIntentRecord{26d2842 android broadcastIntent}}) : type=3 triggerAtTime=35368027 win=0 tElapsed=35368027 maxElapsed=35368027 interval=0 flags=0x1
05-18 19:22:00.038   669  1419 D BroadcastQueue: Finished with ordered broadcast BroadcastRecord{4f05863 u-1 android.intent.action.TIME_TICK} receivers:(10) take 39ms in [foreground], remains 0
05-18 19:22:00.122   669  1419 D WindowManager: Input focus has changed to Window{10b84f4 u0 com.pax.techpos/com.pax.easypos.display.ActivityPosPed}
05-18 19:22:00.202  5093  5119 I appium  : AppiumResponse: {"sessionId":"e060cd36-560e-42c5-91e1-180205131cf7","value":{"error":"no such element","message":"An element could not be located on the page using the given search parameters","stacktrace":"io.appium.uiautomator2.common.exceptions.ElementNotFoundException: An element could not be located on the page using the given search parameters\n\tat io.appium.uiautomator2.handler.FindElement.safeHandle(FindElement.java:63)\n\tat io.appium.uiautomator2.handler.request.SafeRequestHandler.handle(SafeRequestHandler.java:59)\n\tat io.appium.uiautomator2.server.AppiumServlet.handleRequest(AppiumServlet.java:267)\n\tat io.appium.uiautomator2.server.AppiumServlet.handleHttpRequest(AppiumServlet.java:261)\n\tat io.appium.uiautomator2.http.ServerHandler.channelRead(ServerHandler.java:77)\n\tat io.netty.channel.AbstractChannelHandlerContext.fireChannelRead(AbstractChannelHandlerContext.java:356)\n\tat io.netty.handler.codec.MessageToMessageDecoder.channelRead(MessageToMessageDecoder.java:107)\n\tat io.netty.channel.AbstractChannelHandlerContext.fireChannelRead(AbstractChannelHandlerContext.java:356)\n\tat io.netty.channel.CombinedChannelDuplexHandler$DelegatingChannelHandlerContext.fireChannelRead(CombinedChannelDuplexHandler.java:434)\n\tat io.netty.handler.codec.ByteToMessageDecoder.fireChannelRead(ByteToMessageDecoder.java:346)\n\tat io.netty.handler.codec.ByteToMessageDecoder.channelRead(ByteToMessageDecoder.java:318)\n\tat io.netty.channel.CombinedChannelDuplexHandler.channelRead(CombinedChannelDuplexHandler.java:249)\n\tat io.netty.channel.AbstractChannelHandlerContext.fireChannelRead(AbstractChannelHandlerContext.java:354)\n\tat io.netty.handler.timeout.IdleStateHandler.channelRead(IdleStateHandler.java:293)\n\tat io.netty.channel.AbstractChannelHandlerContext.fireChannelRead(AbstractChannelHandlerContext.java:354)\n\tat io.netty.channel.DefaultChannelPipeline$HeadContext.channelRead(DefaultChannelPipeline.java:1429)\n\tat io.netty.channel.DefaultChannelPipeline.fireChannelRead(DefaultChannelPipeline.java:918)\n\tat io.netty.channel.nio.AbstractNioByteChannel$NioByteUnsafe.read(AbstractNioByteChannel.java:168)\n\tat io.netty.channel.nio.AbstractNioChannel$AbstractNioUnsafe.handle(AbstractNioChannel.java:445)\n\tat io.netty.channel.nio.NioIoHandler$DefaultNioRegistration.handle(NioIoHandler.java:388)\n\tat io.netty.channel.nio.NioIoHandler.processSelectedKey(NioIoHandler.java:596)\n\tat io.netty.channel.nio.NioIoHandler.processSelectedKeysOptimized(NioIoHandler.java:571)\n\tat io.netty.channel.nio.NioIoHandler.processSelectedKeys(NioIoHandler.java:512)\n\tat io.netty.channel.nio.NioIoHandler.run(NioIoHandler.java:484)\n\tat io.netty.channel.SingleThreadIoEventLoop.runIo(SingleThreadIoEventLoop.java:225)\n\tat io.netty.channel.SingleThreadIoEventLoop.run(SingleThreadIoEventLoop.java:196)\n\tat io.netty.util.concurrent.SingleThreadEventExecutor$5.run(SingleThreadEventExecutor.java:1193)\n\tat io.netty.util.internal.ThreadExecutorMap$2.run(ThreadExecutorMap.java:74)\n\tat io.netty.util.concurrent.FastThreadLocalRunnable.run(FastThreadLocalRunnable.java:30)\n\tat java.lang.Thread.run(Thread.java:764)\n"}}
05-18 19:22:00.953  5093  5119 I appium  : AppiumResponse: {"sessionId":"e060cd36-560e-42c5-91e1-180205131cf7","value":{"ELEMENT":"00000000-0000-0434-ffff-ffff000000d2","element-6066-11e4-a52e-4f735466cecf":"00000000-0000-0434-ffff-ffff000000d2"}}
05-18 19:22:01.034  5093  5119 I appium  : AppiumResponse: {"sessionId":"e060cd36-560e-42c5-91e1-180205131cf7","value":null}
05-18 19:22:01.643  5093  5119 I appium  : AppiumResponse: {"sessionId":"e060cd36-560e-42c5-91e1-180205131cf7","value":{"ELEMENT":"00000000-0000-0434-ffff-ffff000000f0","element-6066-11e4-a52e-4f735466cecf":"00000000-0000-0434-ffff-ffff000000f0"}}
05-18 19:22:01.674  5093  5119 I appium  : AppiumResponse: {"sessionId":"e060cd36-560e-42c5-91e1-180205131cf7","value":"true"}
05-18 19:22:01.807  5093  5119 I appium  : AppiumResponse: {"sessionId":"e060cd36-560e-42c5-91e1-180205131cf7","value":{"ELEMENT":"00000000-0000-0434-ffff-ffff000000f0","element-6066-11e4-a52e-4f735466cecf":"00000000-0000-0434-ffff-ffff000000f0"}}
05-18 19:22:01.871  5093  5119 I appium  : AppiumResponse: {"sessionId":"e060cd36-560e-42c5-91e1-180205131cf7","value":null}
05-18 19:22:02.087   669  1264 I ActivityManager: START u0 {cmp=com.pax.techpos/com.pax.easypos.display.ActivityPosPed (has extras)} from uid 10055, pid 5184
05-18 19:22:02.088   669  1264 W ActivityManager: startActivity ActivityRecord r=ActivityRecord{28617bf u0 com.pax.techpos/com.pax.easypos.display.ActivityPosPed t-1}
05-18 19:22:02.099   669  1264 I ActivityManager: ->startActivity for ActivityRecord{28617bf u0 com.pax.techpos/com.pax.easypos.display.ActivityPosPed t318} result:0
05-18 19:22:02.629   669  1419 D WindowManager: Input focus has changed to Window{ff93fb7 u0 com.pax.techpos/com.pax.easypos.display.ActivityPosPed}
05-18 19:22:06.934   296   444 D ENGPC   : parse_event: event { 'change', '/devices/platform/battery/power_supply/battery', 'power_supply', '' }
05-18 19:22:06.994   296   444 D ENGPC   : parse_event: event { 'change', '/devices/platform/battery/power_supply/battery', 'power_supply', '' }
05-18 19:22:09.941  5093  5119 I appium  : AppiumResponse: {"sessionId":"e060cd36-560e-42c5-91e1-180205131cf7","value":{"ELEMENT":"00000000-0000-0435-ffff-ffff000000f8","element-6066-11e4-a52e-4f735466cecf":"00000000-0000-0435-ffff-ffff000000f8"}}
05-18 19:22:10.518  5093  5119 I appium  : AppiumResponse: {"sessionId":"e060cd36-560e-42c5-91e1-180205131cf7","value":null}
05-18 19:22:11.124  5093  5119 I appium  : AppiumResponse: {"sessionId":"e060cd36-560e-42c5-91e1-180205131cf7","value":{"ELEMENT":"00000000-0000-0435-ffff-ffff00000118","element-6066-11e4-a52e-4f735466cecf":"00000000-0000-0435-ffff-ffff00000118"}}
05-18 19:22:11.153  5093  5119 I appium  : AppiumResponse: {"sessionId":"e060cd36-560e-42c5-91e1-180205131cf7","value":"true"}
05-18 19:22:11.270  5093  5119 I appium  : AppiumResponse: {"sessionId":"e060cd36-560e-42c5-91e1-180205131cf7","value":{"ELEMENT":"00000000-0000-0435-ffff-ffff00000118","element-6066-11e4-a52e-4f735466cecf":"00000000-0000-0435-ffff-ffff00000118"}}
05-18 19:22:11.337  5093  5119 I appium  : AppiumResponse: {"sessionId":"e060cd36-560e-42c5-91e1-180205131cf7","value":null}
05-18 19:22:11.470   669  1264 I ActivityManager: START u0 {cmp=com.pax.techpos/com.pax.easypos.display.ActivityPosPed (has extras)} from uid 10055, pid 5184
05-18 19:22:11.471   669  1264 W ActivityManager: startActivity ActivityRecord r=ActivityRecord{6794689 u0 com.pax.techpos/com.pax.easypos.display.ActivityPosPed t-1}
05-18 19:22:11.487   669  1264 I ActivityManager: ->startActivity for ActivityRecord{6794689 u0 com.pax.techpos/com.pax.easypos.display.ActivityPosPed t318} result:0
05-18 19:22:11.888   669  4769 D WindowManager: Input focus has changed to Window{2763dc1 u0 com.pax.techpos/com.pax.easypos.display.ActivityPosPed}
05-18 19:22:19.423  5093  5119 I appium  : AppiumResponse: {"sessionId":"e060cd36-560e-42c5-91e1-180205131cf7","value":{"ELEMENT":"00000000-0000-0436-ffff-ffff0000011e","element-6066-11e4-a52e-4f735466cecf":"00000000-0000-0436-ffff-ffff0000011e"}}
05-18 19:22:20.110  5093  5119 I appium  : AppiumResponse: {"sessionId":"e060cd36-560e-42c5-91e1-180205131cf7","value":null}
05-18 19:22:20.731  5093  5119 I appium  : AppiumResponse: {"sessionId":"e060cd36-560e-42c5-91e1-180205131cf7","value":{"ELEMENT":"00000000-0000-0436-ffff-ffff0000013e","element-6066-11e4-a52e-4f735466cecf":"00000000-0000-0436-ffff-ffff0000013e"}}
05-18 19:22:20.760  5093  5119 I appium  : AppiumResponse: {"sessionId":"e060cd36-560e-42c5-91e1-180205131cf7","value":"true"}
05-18 19:22:20.898  5093  5119 I appium  : AppiumResponse: {"sessionId":"e060cd36-560e-42c5-91e1-180205131cf7","value":{"ELEMENT":"00000000-0000-0436-ffff-ffff0000013e","element-6066-11e4-a52e-4f735466cecf":"00000000-0000-0436-ffff-ffff0000013e"}}
05-18 19:22:20.934   296   444 D ENGPC   : parse_event: event { 'change', '/devices/platform/battery/power_supply/battery', 'power_supply', '' }
05-18 19:22:20.939   669   669 D BroadcastQueue: Add broadcast <BroadcastRecord{4f72ac0 u-1 android.intent.action.BATTERY_CHANGED}> into [parallel | background], pending size 0
05-18 19:22:20.942   669   683 D BroadcastQueue: Done with parallel broadcast [background] [BroadcastRecord{4f72ac0 u-1 android.intent.action.BATTERY_CHANGED}]
05-18 19:22:20.963  5093  5119 I appium  : AppiumResponse: {"sessionId":"e060cd36-560e-42c5-91e1-180205131cf7","value":null}
05-18 19:22:21.460   669  4769 D WindowManager: Input focus has changed to Window{a741f3e u0 com.pax.techpos/com.pax.easypos.display.ActivityPosPed}
05-18 19:22:21.923   296   444 D ENGPC   : parse_event: event { 'change', '/devices/platform/battery/power_supply/battery', 'power_supply', '' }
05-18 19:22:21.927   669   669 D BroadcastQueue: Add broadcast <BroadcastRecord{355c6b5 u-1 android.intent.action.BATTERY_CHANGED}> into [parallel | background], pending size 0
05-18 19:22:21.933   669   683 D BroadcastQueue: Done with parallel broadcast [background] [BroadcastRecord{355c6b5 u-1 android.intent.action.BATTERY_CHANGED}]
05-18 19:22:21.983   296   444 D ENGPC   : parse_event: event { 'change', '/devices/platform/battery/power_supply/battery', 'power_supply', '' }
05-18 19:22:22.224   296   444 D ENGPC   : parse_event: event { 'change', '/devices/virtual/xt_idletimer/timers', 'xt_idletimer', '' }
05-18 19:22:23.348   669  4769 D WindowManager: Input focus has changed to Window{41d78bb u0 com.pax.techpos/com.pax.easypos.display.ActivityPosPed}
05-18 19:22:24.870   669  4769 D WindowManager: Input focus has changed to Window{2763dc1 u0 com.pax.techpos/com.pax.easypos.display.ActivityPosPed}
05-18 19:22:26.061  5184  5872 I MainActivity: slipLines[[{"st":0},{"f":"N","p":"C","l":42,"t1":"                ORHAN ÜNAL                "},{"f":"N","p":"C","l":42,"t1":"                ORHAN ÜNAL                "},{"f":"N","p":"C","l":42,"t1":"                  BATMAN                  "},{"f":"N","p":"C","l":42,"t1":"                7987897897                "},{"f":"N","p":"C","l":42,"t1":"               Test Bankası               "},{"f":"N","p":"C","l":42,"t1":"TARİH:18.05.26                 SAAT:19:21 "},{"f":"N","p":"C","l":42,"t1":"İŞYERİ: 000000000000002      POS:10005713 "},{"f":"N","p":"C","l":42,"t1":"BATCH NO:007982                       M11 "},{"f":"N","p":"C","l":42,"t1":"İŞLEM NO:000001               STAN:000042 "},{"f":"N","p":"C","l":42,"t1":"SN:PAX900000007 PAX/920PRO                "},{"f":"N","p":"C","l":1,"t1":"\n"},{"f":"B","p":"C","l":26,"t1":"      EŞLENİKLİ İADE      "},{"f":"N","p":"C","l":42,"t1":"           **** **** **** 9805            "},{"f":"N","p":"C","l":42,"t1":"           VISA/Kredi/Yurt İçi            "},{"f":"B","p":"C","l":26,"t1":"       İŞLEM TUTARI       "},{"f":"B","p":"C","l":26,"t1":"        100,00  TL        "},{"f":"N","p":"C","l":42,"t1":"              TESTPUAN:                   "},{"f":"N","p":"C","l":42,"t1":" 2,00TL 1 AY ERTELENMİŞTİR.      ALIŞVERİ "},{"f":"N","p":"C","l":42,"t1":" Ş TUTARINIZ 30/01/2022  TARİHİNDE EKSTRE "},{"f":"N","p":"C","l":42,"t1":" NİZE YANSITILACAKTIR.                    "},{"f":"N","p":"C","l":42,"t1":"          BU ÜYE İŞYERİNDEN YAPTIĞINIZ    "},{"f":"N","p":"C","l":42,"t1":"  İŞLEM SONUCUNDA EKSTRA 2 TEST PUAN      "},{"f":"N","p":"C","l":42,"t1":"      (2.00 TL) KAZANDINIZ. ************* "},{"f":"N","p":"C","l":42,"t1":"ONAY KODU:220405         RRN:613803121420 "},{"f":"N","p":"C","l":42,"t1":"     BANKA REFERANS:0000613803121420      "},{"f":"N","p":"C","l":42,"t1":"             ACQUIRER ID:0001             "},{"f":"N","p":"C","l":42,"t1":"  TUTAR KARŞILIĞI İŞLEM İADE EDİLMİŞTİR   "},{"f":"N","p":"C","l":1,"t1":"\n"},{"f":"N","p":"C","l":42,"t1":"             MÜŞTERİ NÜSHASI              "},{"f":"N","p":"C","l":42,"t1":"          BU BELGEYİ SAKLAYINIZ           "},{"f":"N","p":"C","l":1,"t1":"\n"},{"f":"N","p":"C","l":1,"t1":"\n"},{"f":"N","p":"C","l":1,"t1":"\n"},{"f":"N","p":"C","l":2,"t1":"\n\n"},{"f":"N","p":"C","l":1,"t1":" "}], [{"st":1},{"f":"N","p":"C","l":42,"t1":"                ORHAN ÜNAL                "},{"f":"N","p":"C","l":42,"t1":"                7987897897                "},{"f":"N","p":"C","l":42,"t1":"               Test Bankası               "},{"f":"N","p":"C","l":42,"t1":"TARİH:18.05.26                 SAAT:19:21 "},{"f":"N","p":"C","l":42,"t1":"İŞYERİ: 000000000000002      POS:10005713 "},{"f":"N","p":"C","l":42,"t1":"BATCH NO:007982                       M11 "},{"f":"N","p":"C","l":42,"t1":"İŞLEM NO:000001               STAN:000042 "},{"f":"N","p":"C","l":42,"t1":"SN:PAX900000007 PAX/920PRO   VER:2.1.6_13 "},{"f":"N","p":"C","l":1,"t1":"\n"},{"f":"B","p":"C","l":26,"t1":"      EŞLENİKLİ İADE      "},{"f":"N","p":"C","l":42,"t1":"           4506 **** **** 9805            "},{"f":"N","p":"C","l":42,"t1":"           VISA/Kredi/Yurt İçi            "},{"f":"B","p":"C","l":26,"t1":"       İŞLEM TUTARI       "},{"f":"B","p":"C","l":26,"t1":"        100,00  TL        "},{"f":"N","p":"C","l":42,"t1":"ONAY KODU:220405         RRN:613803121420 "},{"f":"N","p":"C","l":42,"t1":"     BANKA REFERANS:0000613803121420      "},{"f":"N","p":"C","l":42,"t1":"             ACQUIRER ID:0001             "},{"f":"N","p":"C","l":42,"t1":"  TUTAR KARŞILIĞI İŞLEM İADE EDİLMİŞTİR   "},{"f":"N","p":"C","l":1,"t1":"\n"},{"f":"N","p":"C","l":1,"t1":"\n"},{"f":"B","p":"C","l":26,"t1":"     ----------------     "},{"f":"B","p":"C","l":26,"t1":"           IMZA           "},{"f":"N","p":"C","l":42,"t1":"              İŞYERİ NÜSHASI              "},{"f":"N","p":"C","l":42,"t1":"          BU BELGEYİ SAKLAYINIZ           "},{"f":"N","p":"C","l":1,"t1":"\n"},{"f":"N","p":"C","l":1
05-18 19:22:26.138  5184  5872 I MainActivity: {"mercSlipName":"ORHAN ÜNAL","mercSlipAddr":"ORHAN ÜNAL\n\n\n","mercCity":"BATMAN","mercPhoneNo":"7987897897","acqName":"Test Bankası","date":"18.05.26","time":"19:21","mercId":"000000000000002","termId":"10005713","batchNo":7982,"tranCode":"M11","tranNo":1,"stanNo":42,"sn":"PAX900000007","modelNumber":"PAX/920PRO","appVer":"2.1.6_13","tranName":"T_REFUNDCONTROLED","pan":"4506 **** **** 9805","cardDescription":"VISA/Kredi/Yurt İçi","amount":"100,00  TL","freeFormat2":"TESTPUAN:    ","freeFormat4":"NİZE YANSITILACAKTIR.                   ","freeFormat5":"     (2.00 TL) KAZANDINIZ. *************","authCode":"220405","rrn":"613803121420","bankRefNo":"0000613803121420","acquirerId":1,"subInfo":"TUTAR KARŞILIĞI İŞLEM İADE EDİLMİŞTİR","ownerInfo":"İŞYERİ NÜSHASI","warning":"BU BELGEYİ SAKLAYINIZ","sign":"IMZA"}
05-18 19:22:26.144  5184  5872 D TechposHeader: {"bankVersion":"2106","idleVersion":"2.1.6_13","serialNumber":"PAX900000007","terminalId":"10005713"}
05-18 19:22:26.231   669  7378 D WindowManager: Input focus has changed to Window{7e8d8fb u0 com.pax.techpos/com.pax.techpos.MainActivity}
05-18 19:22:26.888   669  1289 D BroadcastQueue: Add broadcast <BroadcastRecord{8702f1c u0 com.pax.intent.action.TransactionResponse}> into [ordered | background], pending size 0
05-18 19:22:26.888   669  1289 D BroadcastQueue: Header is BroadcastRecord{8702f1c u0 com.pax.intent.action.TransactionResponse} now
05-18 19:22:26.904   669  1289 I ActivityManager: START u0 {flg=0x20000000 cmp=com.pax.mainapp/.ManagerActivity (has extras)} from uid 10050, pid 2154
05-18 19:22:26.905   669  1289 W ActivityManager: startActivity ActivityRecord r=ActivityRecord{1c6c725 u0 com.pax.mainapp/.ManagerActivity t-1}
05-18 19:22:26.916   669  1289 I ActivityManager: ->startActivity for ActivityRecord{1c6c725 u0 com.pax.mainapp/.ManagerActivity t318} result:2
05-18 19:22:26.917   669  7378 W ActivityManager: Duplicate finish request for ActivityRecord{bff86a6 u0 com.pax.mainapp/.StarterActivity t318 f}
05-18 19:22:26.992   669  7378 D BroadcastQueue: Add broadcast <BroadcastRecord{fdf2108 u0 com.pax.intent.action.TransactionResponse}> into [ordered | background], pending size 1
05-18 19:22:26.992   669  7378 D BroadcastQueue: Header is BroadcastRecord{8702f1c u0 com.pax.intent.action.TransactionResponse} now
05-18 19:22:27.057   669  1289 I WindowManager: Failed to capture screenshot of Token{381890f ActivityRecord{1881e9 u0 com.pax.mainapp/.ManagerActivity t318 f}} appWin=Window{2fe2893 u0 com.pax.mainapp/com.pax.mainapp.ManagerActivity} drawState=1
05-18 19:22:27.136   669  1289 I ActivityManager: START u0 {flg=0x10000000 cmp=com.pax.samplesalea/.ResultActivity (has extras)} from uid 10057, pid 5132
05-18 19:22:27.137   669  1289 W ActivityManager: startActivity ActivityRecord r=ActivityRecord{cf06287 u0 com.pax.samplesalea/.ResultActivity t-1}
05-18 19:22:27.146   669  1289 I ActivityManager: ->startActivity for ActivityRecord{cf06287 u0 com.pax.samplesalea/.ResultActivity t315} result:0
05-18 19:22:27.146   669   669 D BroadcastQueue: Add broadcast <BroadcastRecord{527b5dd u0 com.pax.refresh.inputMedthod}> into [parallel | background], pending size 0
05-18 19:22:27.147   669   683 D BroadcastQueue: Done with parallel broadcast [background] [BroadcastRecord{527b5dd u0 com.pax.refresh.inputMedthod}]
05-18 19:22:27.147   669  1289 D BroadcastQueue: Finished with ordered broadcast BroadcastRecord{8702f1c u0 com.pax.intent.action.TransactionResponse} receivers:(1) take 258ms in [background], remains 1
05-18 19:22:27.228   669  1289 D BroadcastQueue: Finished with ordered broadcast BroadcastRecord{fdf2108 u0 com.pax.intent.action.TransactionResponse} receivers:(1) take 81ms in [background], remains 0
05-18 19:22:27.506   669  4769 D WindowManager: Input focus has changed to Window{a6ed2d9 u0 com.pax.samplesalea/com.pax.samplesalea.ResultActivity}
05-18 19:22:29.385  5093  5119 I appium  : AppiumResponse: {"sessionId":"e060cd36-560e-42c5-91e1-180205131cf7","value":{"ELEMENT":"00000000-0000-0439-ffff-ffff000000d9","element-6066-11e4-a52e-4f735466cecf":"00000000-0000-0439-ffff-ffff000000d9"}}
05-18 19:22:29.452  5093  5119 I appium  : AppiumResponse: {"sessionId":"e060cd36-560e-42c5-91e1-180205131cf7","value":"true"}
05-18 19:22:29.597  5093  5119 I appium  : AppiumResponse: {"sessionId":"e060cd36-560e-42c5-91e1-180205131cf7","value":{"ELEMENT":"00000000-0000-0439-ffff-ffff000000d9","element-6066-11e4-a52e-4f735466cecf":"00000000-0000-0439-ffff-ffff000000d9"}}
05-18 19:22:29.624  5093  5119 I appium  : AppiumResponse: {"sessionId":"e060cd36-560e-42c5-91e1-180205131cf7","value":"true"}
05-18 19:22:29.720  5093  5119 I appium  : AppiumResponse: {"sessionId":"e060cd36-560e-42c5-91e1-180205131cf7","value":{"ELEMENT":"00000000-0000-0439-ffff-ffff000000d9","element-6066-11e4-a52e-4f735466cecf":"00000000-0000-0439-ffff-ffff000000d9"}}
05-18 19:22:29.811   669  7378 D WindowManager: Input focus has changed to Window{5791b7f u0 com.pax.samplesalea/com.pax.samplesalea.ResultActivity}
05-18 19:22:30.338  5093  5119 I appium  : AppiumResponse: {"sessionId":"e060cd36-560e-42c5-91e1-180205131cf7","value":null}
05-18 19:22:30.453  5093  5119 I appium  : AppiumResponse: {"sessionId":"e060cd36-560e-42c5-91e1-180205131cf7","value":{"ELEMENT":"00000000-0000-043a-ffff-ffff000000da","element-6066-11e4-a52e-4f735466cecf":"00000000-0000-043a-ffff-ffff000000da"}}
05-18 19:22:30.489  5093  5119 I appium  : AppiumResponse: {"sessionId":"e060cd36-560e-42c5-91e1-180205131cf7","value":"true"}
05-18 19:22:30.583  5093  5119 I appium  : AppiumResponse: {"sessionId":"e060cd36-560e-42c5-91e1-180205131cf7","value":{"ELEMENT":"00000000-0000-043a-ffff-ffff000000da","element-6066-11e4-a52e-4f735466cecf":"00000000-0000-043a-ffff-ffff000000da"}}
05-18 19:22:30.650  5093  5119 I appium  : AppiumResponse: {"sessionId":"e060cd36-560e-42c5-91e1-180205131cf7","value":null}
05-18 19:22:31.336  5093  5119 I appium  : AppiumResponse: {"sessionId":"e060cd36-560e-42c5-91e1-180205131cf7","value":{"ELEMENT":"00000000-0000-043a-ffff-ffff00000100","element-6066-11e4-a52e-4f735466cecf":"00000000-0000-043a-ffff-ffff00000100"}}
05-18 19:22:31.364  5093  5119 I appium  : AppiumResponse: {"sessionId":"e060cd36-560e-42c5-91e1-180205131cf7","value":"true"}
05-18 19:22:31.464  5093  5119 I appium  : AppiumResponse: {"sessionId":"e060cd36-560e-42c5-91e1-180205131cf7","value":{"ELEMENT":"00000000-0000-043a-ffff-ffff00000100","element-6066-11e4-a52e-4f735466cecf":"00000000-0000-043a-ffff-ffff00000100"}}
05-18 19:22:31.522   669  7378 I ActivityManager: START u0 {cmp=com.pax.samplesalea/.SaleActivity} from uid 10057, pid 5132
05-18 19:22:31.522   669  7378 W ActivityManager: startActivity ActivityRecord r=ActivityRecord{b20dc38 u0 com.pax.samplesalea/.SaleActivity t-1}
05-18 19:22:31.528  5093  5119 I appium  : AppiumResponse: {"sessionId":"e060cd36-560e-42c5-91e1-180205131cf7","value":null}
05-18 19:22:31.529   669  7378 I ActivityManager: ->startActivity for ActivityRecord{b20dc38 u0 com.pax.samplesalea/.SaleActivity t315} result:0
05-18 19:22:32.055   669  7378 D WindowManager: Input focus has changed to Window{80c5702 u0 com.pax.samplesalea/com.pax.samplesalea.SaleActivity}
05-18 19:22:32.414  5093  5119 I appium  : AppiumResponse: {"sessionId":"e060cd36-560e-42c5-91e1-180205131cf7","value":{"error":"no such element","message":"An element could not be located on the page using the given search parameters","stacktrace":"io.appium.uiautomator2.common.exceptions.ElementNotFoundException: An element could not be located on the page using the given search parameters\n\tat io.appium.uiautomator2.utils.ElementLocationHelpers.findElement(ElementLocationHelpers.java:153)\n\tat io.appium.uiautomator2.handler.FindElement.safeHandle(FindElement.java:60)\n\tat io.appium.uiautomator2.handler.request.SafeRequestHandler.handle(SafeRequestHandler.java:59)\n\tat io.appium.uiautomator2.server.AppiumServlet.handleRequest(AppiumServlet.java:267)\n\tat io.appium.uiautomator2.server.AppiumServlet.handleHttpRequest(AppiumServlet.java:261)\n\tat io.appium.uiautomator2.http.ServerHandler.channelRead(ServerHandler.java:77)\n\tat io.netty.channel.AbstractChannelHandlerContext.fireChannelRead(AbstractChannelHandlerContext.java:356)\n\tat io.netty.handler.codec.MessageToMessageDecoder.channelRead(MessageToMessageDecoder.java:107)\n\tat io.netty.channel.AbstractChannelHandlerContext.fireChannelRead(AbstractChannelHandlerContext.java:356)\n\tat io.netty.channel.CombinedChannelDuplexHandler$DelegatingChannelHandlerContext.fireChannelRead(CombinedChannelDuplexHandler.java:434)\n\tat io.netty.handler.codec.ByteToMessageDecoder.fireChannelRead(ByteToMessageDecoder.java:346)\n\tat io.netty.handler.codec.ByteToMessageDecoder.channelRead(ByteToMessageDecoder.java:318)\n\tat io.netty.channel.CombinedChannelDuplexHandler.channelRead(CombinedChannelDuplexHandler.java:249)\n\tat io.netty.channel.AbstractChannelHandlerContext.fireChannelRead(AbstractChannelHandlerContext.java:354)\n\tat io.netty.handler.timeout.IdleStateHandler.channelRead(IdleStateHandler.java:293)\n\tat io.netty.channel.AbstractChannelHandlerContext.fireChannelRead(AbstractChannelHandlerContext.java:354)\n\tat io.netty.channel.DefaultChannelPipeline$HeadContext.channelRead(DefaultChannelPipeline.java:1429)\n\tat io.netty.channel.DefaultChannelPipeline.fireChannelRead(DefaultChannelPipeline.java:918)\n\tat io.netty.channel.nio.AbstractNioByteChannel$NioByteUnsafe.read(AbstractNioByteChannel.java:168)\n\tat io.netty.channel.nio.AbstractNioChannel$AbstractNioUnsafe.handle(AbstractNioChannel.java:445)\n\tat io.netty.channel.nio.NioIoHandler$DefaultNioRegistration.handle(NioIoHandler.java:388)\n\tat io.netty.channel.nio.NioIoHandler.processSelectedKey(NioIoHandler.java:596)\n\tat io.netty.channel.nio.NioIoHandler.processSelectedKeysOptimized(NioIoHandler.java:571)\n\tat io.netty.channel.nio.NioIoHandler.processSelectedKeys(NioIoHandler.java:512)\n\tat io.netty.channel.nio.NioIoHandler.run(NioIoHandler.java:484)\n\tat io.netty.channel.SingleThreadIoEventLoop.runIo(SingleThreadIoEventLoop.java:225)\n\tat io.netty.channel.SingleThreadIoEventLoop.run(SingleThreadIoEventLoop.java:196)\n\tat io.netty.util.concurrent.SingleThreadEventExecutor$5.run(SingleThreadEventExecutor.java:1193)\n\tat io.netty.util.internal.ThreadExecutorMap$2.run(ThreadExecutorMap.java:74)\n\tat io.netty.util.concurrent.FastThreadLocalRunnable.run(FastThreadLocalRunnable.java:30)\n\tat java.lang.Thread.run(Thread.java:764)\n"}}
05-18 19:22:33.095  5093  5119 I appium  : AppiumResponse: {"sessionId":"e060cd36-560e-42c5-91e1-180205131cf7","value":{"error":"no such element","message":"An element could not be located on the page using the given search parameters","stacktrace":"io.appium.uiautomator2.common.exceptions.ElementNotFoundException: An element could not be located on the page using the given search parameters\n\tat io.appium.uiautomator2.utils.ElementLocationHelpers.findElement(ElementLocationHelpers.java:153)\n\tat io.appium.uiautomator2.handler.FindElement.safeHandle(FindElement.java:60)\n\tat io.appium.uiautomator2.handler.request.SafeRequestHandler.handle(SafeRequestHandler.java:59)\n\tat io.appium.uiautomator2.server.AppiumServlet.handleRequest(AppiumServlet.java:267)\n\tat io.appium.uiautomator2.server.AppiumServlet.handleHttpRequest(AppiumServlet.java:261)\n\tat io.appium.uiautomator2.http.ServerHandler.channelRead(ServerHandler.java:77)\n\tat io.netty.channel.AbstractChannelHandlerContext.fireChannelRead(AbstractChannelHandlerContext.java:356)\n\tat io.netty.handler.codec.MessageToMessageDecoder.channelRead(MessageToMessageDecoder.java:107)\n\tat io.netty.channel.AbstractChannelHandlerContext.fireChannelRead(AbstractChannelHandlerContext.java:356)\n\tat io.netty.channel.CombinedChannelDuplexHandler$DelegatingChannelHandlerContext.fireChannelRead(CombinedChannelDuplexHandler.java:434)\n\tat io.netty.handler.codec.ByteToMessageDecoder.fireChannelRead(ByteToMessageDecoder.java:346)\n\tat io.netty.handler.codec.ByteToMessageDecoder.channelRead(ByteToMessageDecoder.java:318)\n\tat io.netty.channel.CombinedChannelDuplexHandler.channelRead(CombinedChannelDuplexHandler.java:249)\n\tat io.netty.channel.AbstractChannelHandlerContext.fireChannelRead(AbstractChannelHandlerContext.java:354)\n\tat io.netty.handler.timeout.IdleStateHandler.channelRead(IdleStateHandler.java:293)\n\tat io.netty.channel.AbstractChannelHandlerContext.fireChannelRead(AbstractChannelHandlerContext.java:354)\n\tat io.netty.channel.DefaultChannelPipeline$HeadContext.channelRead(DefaultChannelPipeline.java:1429)\n\tat io.netty.channel.DefaultChannelPipeline.fireChannelRead(DefaultChannelPipeline.java:918)\n\tat io.netty.channel.nio.AbstractNioByteChannel$NioByteUnsafe.read(AbstractNioByteChannel.java:168)\n\tat io.netty.channel.nio.AbstractNioChannel$AbstractNioUnsafe.handle(AbstractNioChannel.java:445)\n\tat io.netty.channel.nio.NioIoHandler$DefaultNioRegistration.handle(NioIoHandler.java:388)\n\tat io.netty.channel.nio.NioIoHandler.processSelectedKey(NioIoHandler.java:596)\n\tat io.netty.channel.nio.NioIoHandler.processSelectedKeysOptimized(NioIoHandler.java:571)\n\tat io.netty.channel.nio.NioIoHandler.processSelectedKeys(NioIoHandler.java:512)\n\tat io.netty.channel.nio.NioIoHandler.run(NioIoHandler.java:484)\n\tat io.netty.channel.SingleThreadIoEventLoop.runIo(SingleThreadIoEventLoop.java:225)\n\tat io.netty.channel.SingleThreadIoEventLoop.run(SingleThreadIoEventLoop.java:196)\n\tat io.netty.util.concurrent.SingleThreadEventExecutor$5.run(SingleThreadEventExecutor.java:1193)\n\tat io.netty.util.internal.ThreadExecutorMap$2.run(ThreadExecutorMap.java:74)\n\tat io.netty.util.concurrent.FastThreadLocalRunnable.run(FastThreadLocalRunnable.java:30)\n\tat java.lang.Thread.run(Thread.java:764)\n"}}
05-18 19:22:33.768  5093  5119 I appium  : AppiumResponse: {"sessionId":"e060cd36-560e-42c5-91e1-180205131cf7","value":{"error":"no such element","message":"An element could not be located on the page using the given search parameters","stacktrace":"io.appium.uiautomator2.common.exceptions.ElementNotFoundException: An element could not be located on the page using the given search parameters\n\tat io.appium.uiautomator2.utils.ElementLocationHelpers.findElement(ElementLocationHelpers.java:153)\n\tat io.appium.uiautomator2.handler.FindElement.safeHandle(FindElement.java:60)\n\tat io.appium.uiautomator2.handler.request.SafeRequestHandler.handle(SafeRequestHandler.java:59)\n\tat io.appium.uiautomator2.server.AppiumServlet.handleRequest(AppiumServlet.java:267)\n\tat io.appium.uiautomator2.server.AppiumServlet.handleHttpRequest(AppiumServlet.java:261)\n\tat io.appium.uiautomator2.http.ServerHandler.channelRead(ServerHandler.java:77)\n\tat io.netty.channel.AbstractChannelHandlerContext.fireChannelRead(AbstractChannelHandlerContext.java:356)\n\tat io.netty.handler.codec.MessageToMessageDecoder.channelRead(MessageToMessageDecoder.java:107)\n\tat io.netty.channel.AbstractChannelHandlerContext.fireChannelRead(AbstractChannelHandlerContext.java:356)\n\tat io.netty.channel.CombinedChannelDuplexHandler$DelegatingChannelHandlerContext.fireChannelRead(CombinedChannelDuplexHandler.java:434)\n\tat io.netty.handler.codec.ByteToMessageDecoder.fireChannelRead(ByteToMessageDecoder.java:346)\n\tat io.netty.handler.codec.ByteToMessageDecoder.channelRead(ByteToMessageDecoder.java:318)\n\tat io.netty.channel.CombinedChannelDuplexHandler.channelRead(CombinedChannelDuplexHandler.java:249)\n\tat io.netty.channel.AbstractChannelHandlerContext.fireChannelRead(AbstractChannelHandlerContext.java:354)\n\tat io.netty.handler.timeout.IdleStateHandler.channelRead(IdleStateHandler.java:293)\n\tat io.netty.channel.AbstractChannelHandlerContext.fireChannelRead(AbstractChannelHandlerContext.java:354)\n\tat io.netty.channel.DefaultChannelPipeline$HeadContext.channelRead(DefaultChannelPipeline.java:1429)\n\tat io.netty.channel.DefaultChannelPipeline.fireChannelRead(DefaultChannelPipeline.java:918)\n\tat io.netty.channel.nio.AbstractNioByteChannel$NioByteUnsafe.read(AbstractNioByteChannel.java:168)\n\tat io.netty.channel.nio.AbstractNioChannel$AbstractNioUnsafe.handle(AbstractNioChannel.java:445)\n\tat io.netty.channel.nio.NioIoHandler$DefaultNioRegistration.handle(NioIoHandler.java:388)\n\tat io.netty.channel.nio.NioIoHandler.processSelectedKey(NioIoHandler.java:596)\n\tat io.netty.channel.nio.NioIoHandler.processSelectedKeysOptimized(NioIoHandler.java:571)\n\tat io.netty.channel.nio.NioIoHandler.processSelectedKeys(NioIoHandler.java:512)\n\tat io.netty.channel.nio.NioIoHandler.run(NioIoHandler.java:484)\n\tat io.netty.channel.SingleThreadIoEventLoop.runIo(SingleThreadIoEventLoop.java:225)\n\tat io.netty.channel.SingleThreadIoEventLoop.run(SingleThreadIoEventLoop.java:196)\n\tat io.netty.util.concurrent.SingleThreadEventExecutor$5.run(SingleThreadEventExecutor.java:1193)\n\tat io.netty.util.internal.ThreadExecutorMap$2.run(ThreadExecutorMap.java:74)\n\tat io.netty.util.concurrent.FastThreadLocalRunnable.run(FastThreadLocalRunnable.java:30)\n\tat java.lang.Thread.run(Thread.java:764)\n"}}
05-18 19:22:34.408  5093  5119 I appium  : AppiumResponse: {"sessionId":"e060cd36-560e-42c5-91e1-180205131cf7","value":{"error":"no such element","message":"An element could not be located on the page using the given search parameters","stacktrace":"io.appium.uiautomator2.common.exceptions.ElementNotFoundException: An element could not be located on the page using the given search parameters\n\tat io.appium.uiautomator2.utils.ElementLocationHelpers.findElement(ElementLocationHelpers.java:153)\n\tat io.appium.uiautomator2.handler.FindElement.safeHandle(FindElement.java:60)\n\tat io.appium.uiautomator2.handler.request.SafeRequestHandler.handle(SafeRequestHandler.java:59)\n\tat io.appium.uiautomator2.server.AppiumServlet.handleRequest(AppiumServlet.java:267)\n\tat io.appium.uiautomator2.server.AppiumServlet.handleHttpRequest(AppiumServlet.java:261)\n\tat io.appium.uiautomator2.http.ServerHandler.channelRead(ServerHandler.java:77)\n\tat io.netty.channel.AbstractChannelHandlerContext.fireChannelRead(AbstractChannelHandlerContext.java:356)\n\tat io.netty.handler.codec.MessageToMessageDecoder.channelRead(MessageToMessageDecoder.java:107)\n\tat io.netty.channel.AbstractChannelHandlerContext.fireChannelRead(AbstractChannelHandlerContext.java:356)\n\tat io.netty.channel.CombinedChannelDuplexHandler$DelegatingChannelHandlerContext.fireChannelRead(CombinedChannelDuplexHandler.java:434)\n\tat io.netty.handler.codec.ByteToMessageDecoder.fireChannelRead(ByteToMessageDecoder.java:346)\n\tat io.netty.handler.codec.ByteToMessageDecoder.channelRead(ByteToMessageDecoder.java:318)\n\tat io.netty.channel.CombinedChannelDuplexHandler.channelRead(CombinedChannelDuplexHandler.java:249)\n\tat io.netty.channel.AbstractChannelHandlerContext.fireChannelRead(AbstractChannelHandlerContext.java:354)\n\tat io.netty.handler.timeout.IdleStateHandler.channelRead(IdleStateHandler.java:293)\n\tat io.netty.channel.AbstractChannelHandlerContext.fireChannelRead(AbstractChannelHandlerContext.java:354)\n\tat io.netty.channel.DefaultChannelPipeline$HeadContext.channelRead(DefaultChannelPipeline.java:1429)\n\tat io.netty.channel.DefaultChannelPipeline.fireChannelRead(DefaultChannelPipeline.java:918)\n\tat io.netty.channel.nio.AbstractNioByteChannel$NioByteUnsafe.read(AbstractNioByteChannel.java:168)\n\tat io.netty.channel.nio.AbstractNioChannel$AbstractNioUnsafe.handle(AbstractNioChannel.java:445)\n\tat io.netty.channel.nio.NioIoHandler$DefaultNioRegistration.handle(NioIoHandler.java:388)\n\tat io.netty.channel.nio.NioIoHandler.processSelectedKey(NioIoHandler.java:596)\n\tat io.netty.channel.nio.NioIoHandler.processSelectedKeysOptimized(NioIoHandler.java:571)\n\tat io.netty.channel.nio.NioIoHandler.processSelectedKeys(NioIoHandler.java:512)\n\tat io.netty.channel.nio.NioIoHandler.run(NioIoHandler.java:484)\n\tat io.netty.channel.SingleThreadIoEventLoop.runIo(SingleThreadIoEventLoop.java:225)\n\tat io.netty.channel.SingleThreadIoEventLoop.run(SingleThreadIoEventLoop.java:196)\n\tat io.netty.util.concurrent.SingleThreadEventExecutor$5.run(SingleThreadEventExecutor.java:1193)\n\tat io.netty.util.internal.ThreadExecutorMap$2.run(ThreadExecutorMap.java:74)\n\tat io.netty.util.concurrent.FastThreadLocalRunnable.run(FastThreadLocalRunnable.java:30)\n\tat java.lang.Thread.run(Thread.java:764)\n"}}
05-18 19:22:35.054  5093  5119 I appium  : AppiumResponse: {"sessionId":"e060cd36-560e-42c5-91e1-180205131cf7","value":{"error":"no such element","message":"An element could not be located on the page using the given search parameters","stacktrace":"io.appium.uiautomator2.common.exceptions.ElementNotFoundException: An element could not be located on the page using the given search parameters\n\tat io.appium.uiautomator2.utils.ElementLocationHelpers.findElement(ElementLocationHelpers.java:153)\n\tat io.appium.uiautomator2.handler.FindElement.safeHandle(FindElement.java:60)\n\tat io.appium.uiautomator2.handler.request.SafeRequestHandler.handle(SafeRequestHandler.java:59)\n\tat io.appium.uiautomator2.server.AppiumServlet.handleRequest(AppiumServlet.java:267)\n\tat io.appium.uiautomator2.server.AppiumServlet.handleHttpRequest(AppiumServlet.java:261)\n\tat io.appium.uiautomator2.http.ServerHandler.channelRead(ServerHandler.java:77)\n\tat io.netty.channel.AbstractChannelHandlerContext.fireChannelRead(AbstractChannelHandlerContext.java:356)\n\tat io.netty.handler.codec.MessageToMessageDecoder.channelRead(MessageToMessageDecoder.java:107)\n\tat io.netty.channel.AbstractChannelHandlerContext.fireChannelRead(AbstractChannelHandlerContext.java:356)\n\tat io.netty.channel.CombinedChannelDuplexHandler$DelegatingChannelHandlerContext.fireChannelRead(CombinedChannelDuplexHandler.java:434)\n\tat io.netty.handler.codec.ByteToMessageDecoder.fireChannelRead(ByteToMessageDecoder.java:346)\n\tat io.netty.handler.codec.ByteToMessageDecoder.channelRead(ByteToMessageDecoder.java:318)\n\tat io.netty.channel.CombinedChannelDuplexHandler.channelRead(CombinedChannelDuplexHandler.java:249)\n\tat io.netty.channel.AbstractChannelHandlerContext.fireChannelRead(AbstractChannelHandlerContext.java:354)\n\tat io.netty.handler.timeout.IdleStateHandler.channelRead(IdleStateHandler.java:293)\n\tat io.netty.channel.AbstractChannelHandlerContext.fireChannelRead(AbstractChannelHandlerContext.java:354)\n\tat io.netty.channel.DefaultChannelPipeline$HeadContext.channelRead(DefaultChannelPipeline.java:1429)\n\tat io.netty.channel.DefaultChannelPipeline.fireChannelRead(DefaultChannelPipeline.java:918)\n\tat io.netty.channel.nio.AbstractNioByteChannel$NioByteUnsafe.read(AbstractNioByteChannel.java:168)\n\tat io.netty.channel.nio.AbstractNioChannel$AbstractNioUnsafe.handle(AbstractNioChannel.java:445)\n\tat io.netty.channel.nio.NioIoHandler$DefaultNioRegistration.handle(NioIoHandler.java:388)\n\tat io.netty.channel.nio.NioIoHandler.processSelectedKey(NioIoHandler.java:596)\n\tat io.netty.channel.nio.NioIoHandler.processSelectedKeysOptimized(NioIoHandler.java:571)\n\tat io.netty.channel.nio.NioIoHandler.processSelectedKeys(NioIoHandler.java:512)\n\tat io.netty.channel.nio.NioIoHandler.run(NioIoHandler.java:484)\n\tat io.netty.channel.SingleThreadIoEventLoop.runIo(SingleThreadIoEventLoop.java:225)\n\tat io.netty.channel.SingleThreadIoEventLoop.run(SingleThreadIoEventLoop.java:196)\n\tat io.netty.util.concurrent.SingleThreadEventExecutor$5.run(SingleThreadEventExecutor.java:1193)\n\tat io.netty.util.internal.ThreadExecutorMap$2.run(ThreadExecutorMap.java:74)\n\tat io.netty.util.concurrent.FastThreadLocalRunnable.run(FastThreadLocalRunnable.java:30)\n\tat java.lang.Thread.run(Thread.java:764)\n"}}
05-18 19:22:35.696  5093  5119 I appium  : AppiumResponse: {"sessionId":"e060cd36-560e-42c5-91e1-180205131cf7","value":{"error":"no such element","message":"An element could not be located on the page using the given search parameters","stacktrace":"io.appium.uiautomator2.common.exceptions.ElementNotFoundException: An element could not be located on the page using the given search parameters\n\tat io.appium.uiautomator2.utils.ElementLocationHelpers.findElement(ElementLocationHelpers.java:153)\n\tat io.appium.uiautomator2.handler.FindElement.safeHandle(FindElement.java:60)\n\tat io.appium.uiautomator2.handler.request.SafeRequestHandler.handle(SafeRequestHandler.java:59)\n\tat io.appium.uiautomator2.server.AppiumServlet.handleRequest(AppiumServlet.java:267)\n\tat io.appium.uiautomator2.server.AppiumServlet.handleHttpRequest(AppiumServlet.java:261)\n\tat io.appium.uiautomator2.http.ServerHandler.channelRead(ServerHandler.java:77)\n\tat io.netty.channel.AbstractChannelHandlerContext.fireChannelRead(AbstractChannelHandlerContext.java:356)\n\tat io.netty.handler.codec.MessageToMessageDecoder.channelRead(MessageToMessageDecoder.java:107)\n\tat io.netty.channel.AbstractChannelHandlerContext.fireChannelRead(AbstractChannelHandlerContext.java:356)\n\tat io.netty.channel.CombinedChannelDuplexHandler$DelegatingChannelHandlerContext.fireChannelRead(CombinedChannelDuplexHandler.java:434)\n\tat io.netty.handler.codec.ByteToMessageDecoder.fireChannelRead(ByteToMessageDecoder.java:346)\n\tat io.netty.handler.codec.ByteToMessageDecoder.channelRead(ByteToMessageDecoder.java:318)\n\tat io.netty.channel.CombinedChannelDuplexHandler.channelRead(CombinedChannelDuplexHandler.java:249)\n\tat io.netty.channel.AbstractChannelHandlerContext.fireChannelRead(AbstractChannelHandlerContext.java:354)\n\tat io.netty.handler.timeout.IdleStateHandler.channelRead(IdleStateHandler.java:293)\n\tat io.netty.channel.AbstractChannelHandlerContext.fireChannelRead(AbstractChannelHandlerContext.java:354)\n\tat io.netty.channel.DefaultChannelPipeline$HeadContext.channelRead(DefaultChannelPipeline.java:1429)\n\tat io.netty.channel.DefaultChannelPipeline.fireChannelRead(DefaultChannelPipeline.java:918)\n\tat io.netty.channel.nio.AbstractNioByteChannel$NioByteUnsafe.read(AbstractNioByteChannel.java:168)\n\tat io.netty.channel.nio.AbstractNioChannel$AbstractNioUnsafe.handle(AbstractNioChannel.java:445)\n\tat io.netty.channel.nio.NioIoHandler$DefaultNioRegistration.handle(NioIoHandler.java:388)\n\tat io.netty.channel.nio.NioIoHandler.processSelectedKey(NioIoHandler.java:596)\n\tat io.netty.channel.nio.NioIoHandler.processSelectedKeysOptimized(NioIoHandler.java:571)\n\tat io.netty.channel.nio.NioIoHandler.processSelectedKeys(NioIoHandler.java:512)\n\tat io.netty.channel.nio.NioIoHandler.run(NioIoHandler.java:484)\n\tat io.netty.channel.SingleThreadIoEventLoop.runIo(SingleThreadIoEventLoop.java:225)\n\tat io.netty.channel.SingleThreadIoEventLoop.run(SingleThreadIoEventLoop.java:196)\n\tat io.netty.util.concurrent.SingleThreadEventExecutor$5.run(SingleThreadEventExecutor.java:1193)\n\tat io.netty.util.internal.ThreadExecutorMap$2.run(ThreadExecutorMap.java:74)\n\tat io.netty.util.concurrent.FastThreadLocalRunnable.run(FastThreadLocalRunnable.java:30)\n\tat java.lang.Thread.run(Thread.java:764)\n"}}
05-18 19:22:36.344  5093  5119 I appium  : AppiumResponse: {"sessionId":"e060cd36-560e-42c5-91e1-180205131cf7","value":{"error":"no such element","message":"An element could not be located on the page using the given search parameters","stacktrace":"io.appium.uiautomator2.common.exceptions.ElementNotFoundException: An element could not be located on the page using the given search parameters\n\tat io.appium.uiautomator2.utils.ElementLocationHelpers.findElement(ElementLocationHelpers.java:153)\n\tat io.appium.uiautomator2.handler.FindElement.safeHandle(FindElement.java:60)\n\tat io.appium.uiautomator2.handler.request.SafeRequestHandler.handle(SafeRequestHandler.java:59)\n\tat io.appium.uiautomator2.server.AppiumServlet.handleRequest(AppiumServlet.java:267)\n\tat io.appium.uiautomator2.server.AppiumServlet.handleHttpRequest(AppiumServlet.java:261)\n\tat io.appium.uiautomator2.http.ServerHandler.channelRead(ServerHandler.java:77)\n\tat io.netty.channel.AbstractChannelHandlerContext.fireChannelRead(AbstractChannelHandlerContext.java:356)\n\tat io.netty.handler.codec.MessageToMessageDecoder.channelRead(MessageToMessageDecoder.java:107)\n\tat io.netty.channel.AbstractChannelHandlerContext.fireChannelRead(AbstractChannelHandlerContext.java:356)\n\tat io.netty.channel.CombinedChannelDuplexHandler$DelegatingChannelHandlerContext.fireChannelRead(CombinedChannelDuplexHandler.java:434)\n\tat io.netty.handler.codec.ByteToMessageDecoder.fireChannelRead(ByteToMessageDecoder.java:346)\n\tat io.netty.handler.codec.ByteToMessageDecoder.channelRead(ByteToMessageDecoder.java:318)\n\tat io.netty.channel.CombinedChannelDuplexHandler.channelRead(CombinedChannelDuplexHandler.java:249)\n\tat io.netty.channel.AbstractChannelHandlerContext.fireChannelRead(AbstractChannelHandlerContext.java:354)\n\tat io.netty.handler.timeout.IdleStateHandler.channelRead(IdleStateHandler.java:293)\n\tat io.netty.channel.AbstractChannelHandlerContext.fireChannelRead(AbstractChannelHandlerContext.java:354)\n\tat io.netty.channel.DefaultChannelPipeline$HeadContext.channelRead(DefaultChannelPipeline.java:1429)\n\tat io.netty.channel.DefaultChannelPipeline.fireChannelRead(DefaultChannelPipeline.java:918)\n\tat io.netty.channel.nio.AbstractNioByteChannel$NioByteUnsafe.read(AbstractNioByteChannel.java:168)\n\tat io.netty.channel.nio.AbstractNioChannel$AbstractNioUnsafe.handle(AbstractNioChannel.java:445)\n\tat io.netty.channel.nio.NioIoHandler$DefaultNioRegistration.handle(NioIoHandler.java:388)\n\tat io.netty.channel.nio.NioIoHandler.processSelectedKey(NioIoHandler.java:596)\n\tat io.netty.channel.nio.NioIoHandler.processSelectedKeysOptimized(NioIoHandler.java:571)\n\tat io.netty.channel.nio.NioIoHandler.processSelectedKeys(NioIoHandler.java:512)\n\tat io.netty.channel.nio.NioIoHandler.run(NioIoHandler.java:484)\n\tat io.netty.channel.SingleThreadIoEventLoop.runIo(SingleThreadIoEventLoop.java:225)\n\tat io.netty.channel.SingleThreadIoEventLoop.run(SingleThreadIoEventLoop.java:196)\n\tat io.netty.util.concurrent.SingleThreadEventExecutor$5.run(SingleThreadEventExecutor.java:1193)\n\tat io.netty.util.internal.ThreadExecutorMap$2.run(ThreadExecutorMap.java:74)\n\tat io.netty.util.concurrent.FastThreadLocalRunnable.run(FastThreadLocalRunnable.java:30)\n\tat java.lang.Thread.run(Thread.java:764)\n"}}
05-18 19:22:36.934   296   444 D ENGPC   : parse_event: event { 'change', '/devices/platform/battery/power_supply/battery', 'power_supply', '' }
05-18 19:22:36.938   669   669 D BroadcastQueue: Add broadcast <BroadcastRecord{139c45a u-1 android.intent.action.BATTERY_CHANGED}> into [parallel | background], pending size 0
05-18 19:22:36.942   669   683 D BroadcastQueue: Done with parallel broadcast [background] [BroadcastRecord{139c45a u-1 android.intent.action.BATTERY_CHANGED}]
05-18 19:22:36.985  5093  5119 I appium  : AppiumResponse: {"sessionId":"e060cd36-560e-42c5-91e1-180205131cf7","value":{"error":"no such element","message":"An element could not be located on the page using the given search parameters","stacktrace":"io.appium.uiautomator2.common.exceptions.ElementNotFoundException: An element could not be located on the page using the given search parameters\n\tat io.appium.uiautomator2.utils.ElementLocationHelpers.findElement(ElementLocationHelpers.java:153)\n\tat io.appium.uiautomator2.handler.FindElement.safeHandle(FindElement.java:60)\n\tat io.appium.uiautomator2.handler.request.SafeRequestHandler.handle(SafeRequestHandler.java:59)\n\tat io.appium.uiautomator2.server.AppiumServlet.handleRequest(AppiumServlet.java:267)\n\tat io.appium.uiautomator2.server.AppiumServlet.handleHttpRequest(AppiumServlet.java:261)\n\tat io.appium.uiautomator2.http.ServerHandler.channelRead(ServerHandler.java:77)\n\tat io.netty.channel.AbstractChannelHandlerContext.fireChannelRead(AbstractChannelHandlerContext.java:356)\n\tat io.netty.handler.codec.MessageToMessageDecoder.channelRead(MessageToMessageDecoder.java:107)\n\tat io.netty.channel.AbstractChannelHandlerContext.fireChannelRead(AbstractChannelHandlerContext.java:356)\n\tat io.netty.channel.CombinedChannelDuplexHandler$DelegatingChannelHandlerContext.fireChannelRead(CombinedChannelDuplexHandler.java:434)\n\tat io.netty.handler.codec.ByteToMessageDecoder.fireChannelRead(ByteToMessageDecoder.java:346)\n\tat io.netty.handler.codec.ByteToMessageDecoder.channelRead(ByteToMessageDecoder.java:318)\n\tat io.netty.channel.CombinedChannelDuplexHandler.channelRead(CombinedChannelDuplexHandler.java:249)\n\tat io.netty.channel.AbstractChannelHandlerContext.fireChannelRead(AbstractChannelHandlerContext.java:354)\n\tat io.netty.handler.timeout.IdleStateHandler.channelRead(IdleStateHandler.java:293)\n\tat io.netty.channel.AbstractChannelHandlerContext.fireChannelRead(AbstractChannelHandlerContext.java:354)\n\tat io.netty.channel.DefaultChannelPipeline$HeadContext.channelRead(DefaultChannelPipeline.java:1429)\n\tat io.netty.channel.DefaultChannelPipeline.fireChannelRead(DefaultChannelPipeline.java:918)\n\tat io.netty.channel.nio.AbstractNioByteChannel$NioByteUnsafe.read(AbstractNioByteChannel.java:168)\n\tat io.netty.channel.nio.AbstractNioChannel$AbstractNioUnsafe.handle(AbstractNioChannel.java:445)\n\tat io.netty.channel.nio.NioIoHandler$DefaultNioRegistration.handle(NioIoHandler.java:388)\n\tat io.netty.channel.nio.NioIoHandler.processSelectedKey(NioIoHandler.java:596)\n\tat io.netty.channel.nio.NioIoHandler.processSelectedKeysOptimized(NioIoHandler.java:571)\n\tat io.netty.channel.nio.NioIoHandler.processSelectedKeys(NioIoHandler.java:512)\n\tat io.netty.channel.nio.NioIoHandler.run(NioIoHandler.java:484)\n\tat io.netty.channel.SingleThreadIoEventLoop.runIo(SingleThreadIoEventLoop.java:225)\n\tat io.netty.channel.SingleThreadIoEventLoop.run(SingleThreadIoEventLoop.java:196)\n\tat io.netty.util.concurrent.SingleThreadEventExecutor$5.run(SingleThreadEventExecutor.java:1193)\n\tat io.netty.util.internal.ThreadExecutorMap$2.run(ThreadExecutorMap.java:74)\n\tat io.netty.util.concurrent.FastThreadLocalRunnable.run(FastThreadLocalRunnable.java:30)\n\tat java.lang.Thread.run(Thread.java:764)\n"}}
05-18 19:22:36.994   296   444 D ENGPC   : parse_event: event { 'change', '/devices/platform/battery/power_supply/battery', 'power_supply', '' }
05-18 19:22:37.453   296   444 D ENGPC   : parse_event: event { 'change', '/devices/virtual/xt_idletimer/timers', 'xt_idletimer', '' }
05-18 19:22:37.638  5093  5119 I appium  : AppiumResponse: {"sessionId":"e060cd36-560e-42c5-91e1-180205131cf7","value":{"error":"no such element","message":"An element could not be located on the page using the given search parameters","stacktrace":"io.appium.uiautomator2.common.exceptions.ElementNotFoundException: An element could not be located on the page using the given search parameters\n\tat io.appium.uiautomator2.utils.ElementLocationHelpers.findElement(ElementLocationHelpers.java:153)\n\tat io.appium.uiautomator2.handler.FindElement.safeHandle(FindElement.java:60)\n\tat io.appium.uiautomator2.handler.request.SafeRequestHandler.handle(SafeRequestHandler.java:59)\n\tat io.appium.uiautomator2.server.AppiumServlet.handleRequest(AppiumServlet.java:267)\n\tat io.appium.uiautomator2.server.AppiumServlet.handleHttpRequest(AppiumServlet.java:261)\n\tat io.appium.uiautomator2.http.ServerHandler.channelRead(ServerHandler.java:77)\n\tat io.netty.channel.AbstractChannelHandlerContext.fireChannelRead(AbstractChannelHandlerContext.java:356)\n\tat io.netty.handler.codec.MessageToMessageDecoder.channelRead(MessageToMessageDecoder.java:107)\n\tat io.netty.channel.AbstractChannelHandlerContext.fireChannelRead(AbstractChannelHandlerContext.java:356)\n\tat io.netty.channel.CombinedChannelDuplexHandler$DelegatingChannelHandlerContext.fireChannelRead(CombinedChannelDuplexHandler.java:434)\n\tat io.netty.handler.codec.ByteToMessageDecoder.fireChannelRead(ByteToMessageDecoder.java:346)\n\tat io.netty.handler.codec.ByteToMessageDecoder.channelRead(ByteToMessageDecoder.java:318)\n\tat io.netty.channel.CombinedChannelDuplexHandler.channelRead(CombinedChannelDuplexHandler.java:249)\n\tat io.netty.channel.AbstractChannelHandlerContext.fireChannelRead(AbstractChannelHandlerContext.java:354)\n\tat io.netty.handler.timeout.IdleStateHandler.channelRead(IdleStateHandler.java:293)\n\tat io.netty.channel.AbstractChannelHandlerContext.fireChannelRead(AbstractChannelHandlerContext.java:354)\n\tat io.netty.channel.DefaultChannelPipeline$HeadContext.channelRead(DefaultChannelPipeline.java:1429)\n\tat io.netty.channel.DefaultChannelPipeline.fireChannelRead(DefaultChannelPipeline.java:918)\n\tat io.netty.channel.nio.AbstractNioByteChannel$NioByteUnsafe.read(AbstractNioByteChannel.java:168)\n\tat io.netty.channel.nio.AbstractNioChannel$AbstractNioUnsafe.handle(AbstractNioChannel.java:445)\n\tat io.netty.channel.nio.NioIoHandler$DefaultNioRegistration.handle(NioIoHandler.java:388)\n\tat io.netty.channel.nio.NioIoHandler.processSelectedKey(NioIoHandler.java:596)\n\tat io.netty.channel.nio.NioIoHandler.processSelectedKeysOptimized(NioIoHandler.java:571)\n\tat io.netty.channel.nio.NioIoHandler.processSelectedKeys(NioIoHandler.java:512)\n\tat io.netty.channel.nio.NioIoHandler.run(NioIoHandler.java:484)\n\tat io.netty.channel.SingleThreadIoEventLoop.runIo(SingleThreadIoEventLoop.java:225)\n\tat io.netty.channel.SingleThreadIoEventLoop.run(SingleThreadIoEventLoop.java:196)\n\tat io.netty.util.concurrent.SingleThreadEventExecutor$5.run(SingleThreadEventExecutor.java:1193)\n\tat io.netty.util.internal.ThreadExecutorMap$2.run(ThreadExecutorMap.java:74)\n\tat io.netty.util.concurrent.FastThreadLocalRunnable.run(FastThreadLocalRunnable.java:30)\n\tat java.lang.Thread.run(Thread.java:764)\n"}}
05-18 19:22:38.291  5093  5119 I appium  : AppiumResponse: {"sessionId":"e060cd36-560e-42c5-91e1-180205131cf7","value":{"error":"no such element","message":"An element could not be located on the page using the given search parameters","stacktrace":"io.appium.uiautomator2.common.exceptions.ElementNotFoundException: An element could not be located on the page using the given search parameters\n\tat io.appium.uiautomator2.utils.ElementLocationHelpers.findElement(ElementLocationHelpers.java:153)\n\tat io.appium.uiautomator2.handler.FindElement.safeHandle(FindElement.java:60)\n\tat io.appium.uiautomator2.handler.request.SafeRequestHandler.handle(SafeRequestHandler.java:59)\n\tat io.appium.uiautomator2.server.AppiumServlet.handleRequest(AppiumServlet.java:267)\n\tat io.appium.uiautomator2.server.AppiumServlet.handleHttpRequest(AppiumServlet.java:261)\n\tat io.appium.uiautomator2.http.ServerHandler.channelRead(ServerHandler.java:77)\n\tat io.netty.channel.AbstractChannelHandlerContext.fireChannelRead(AbstractChannelHandlerContext.java:356)\n\tat io.netty.handler.codec.MessageToMessageDecoder.channelRead(MessageToMessageDecoder.java:107)\n\tat io.netty.channel.AbstractChannelHandlerContext.fireChannelRead(AbstractChannelHandlerContext.java:356)\n\tat io.netty.channel.CombinedChannelDuplexHandler$DelegatingChannelHandlerContext.fireChannelRead(CombinedChannelDuplexHandler.java:434)\n\tat io.netty.handler.codec.ByteToMessageDecoder.fireChannelRead(ByteToMessageDecoder.java:346)\n\tat io.netty.handler.codec.ByteToMessageDecoder.channelRead(ByteToMessageDecoder.java:318)\n\tat io.netty.channel.CombinedChannelDuplexHandler.channelRead(CombinedChannelDuplexHandler.java:249)\n\tat io.netty.channel.AbstractChannelHandlerContext.fireChannelRead(AbstractChannelHandlerContext.java:354)\n\tat io.netty.handler.timeout.IdleStateHandler.channelRead(IdleStateHandler.java:293)\n\tat io.netty.channel.AbstractChannelHandlerContext.fireChannelRead(AbstractChannelHandlerContext.java:354)\n\tat io.netty.channel.DefaultChannelPipeline$HeadContext.channelRead(DefaultChannelPipeline.java:1429)\n\tat io.netty.channel.DefaultChannelPipeline.fireChannelRead(DefaultChannelPipeline.java:918)\n\tat io.netty.channel.nio.AbstractNioByteChannel$NioByteUnsafe.read(AbstractNioByteChannel.java:168)\n\tat io.netty.channel.nio.AbstractNioChannel$AbstractNioUnsafe.handle(AbstractNioChannel.java:445)\n\tat io.netty.channel.nio.NioIoHandler$DefaultNioRegistration.handle(NioIoHandler.java:388)\n\tat io.netty.channel.nio.NioIoHandler.processSelectedKey(NioIoHandler.java:596)\n\tat io.netty.channel.nio.NioIoHandler.processSelectedKeysOptimized(NioIoHandler.java:571)\n\tat io.netty.channel.nio.NioIoHandler.processSelectedKeys(NioIoHandler.java:512)\n\tat io.netty.channel.nio.NioIoHandler.run(NioIoHandler.java:484)\n\tat io.netty.channel.SingleThreadIoEventLoop.runIo(SingleThreadIoEventLoop.java:225)\n\tat io.netty.channel.SingleThreadIoEventLoop.run(SingleThreadIoEventLoop.java:196)\n\tat io.netty.util.concurrent.SingleThreadEventExecutor$5.run(SingleThreadEventExecutor.java:1193)\n\tat io.netty.util.internal.ThreadExecutorMap$2.run(ThreadExecutorMap.java:74)\n\tat io.netty.util.concurrent.FastThreadLocalRunnable.run(FastThreadLocalRunnable.java:30)\n\tat java.lang.Thread.run(Thread.java:764)\n"}}
05-18 19:22:38.929  5093  5119 I appium  : AppiumResponse: {"sessionId":"e060cd36-560e-42c5-91e1-180205131cf7","value":{"error":"no such element","message":"An element could not be located on the page using the given search parameters","stacktrace":"io.appium.uiautomator2.common.exceptions.ElementNotFoundException: An element could not be located on the page using the given search parameters\n\tat io.appium.uiautomator2.utils.ElementLocationHelpers.findElement(ElementLocationHelpers.java:153)\n\tat io.appium.uiautomator2.handler.FindElement.safeHandle(FindElement.java:60)\n\tat io.appium.uiautomator2.handler.request.SafeRequestHandler.handle(SafeRequestHandler.java:59)\n\tat io.appium.uiautomator2.server.AppiumServlet.handleRequest(AppiumServlet.java:267)\n\tat io.appium.uiautomator2.server.AppiumServlet.handleHttpRequest(AppiumServlet.java:261)\n\tat io.appium.uiautomator2.http.ServerHandler.channelRead(ServerHandler.java:77)\n\tat io.netty.channel.AbstractChannelHandlerContext.fireChannelRead(AbstractChannelHandlerContext.java:356)\n\tat io.netty.handler.codec.MessageToMessageDecoder.channelRead(MessageToMessageDecoder.java:107)\n\tat io.netty.channel.AbstractChannelHandlerContext.fireChannelRead(AbstractChannelHandlerContext.java:356)\n\tat io.netty.channel.CombinedChannelDuplexHandler$DelegatingChannelHandlerContext.fireChannelRead(CombinedChannelDuplexHandler.java:434)\n\tat io.netty.handler.codec.ByteToMessageDecoder.fireChannelRead(ByteToMessageDecoder.java:346)\n\tat io.netty.handler.codec.ByteToMessageDecoder.channelRead(ByteToMessageDecoder.java:318)\n\tat io.netty.channel.CombinedChannelDuplexHandler.channelRead(CombinedChannelDuplexHandler.java:249)\n\tat io.netty.channel.AbstractChannelHandlerContext.fireChannelRead(AbstractChannelHandlerContext.java:354)\n\tat io.netty.handler.timeout.IdleStateHandler.channelRead(IdleStateHandler.java:293)\n\tat io.netty.channel.AbstractChannelHandlerContext.fireChannelRead(AbstractChannelHandlerContext.java:354)\n\tat io.netty.channel.DefaultChannelPipeline$HeadContext.channelRead(DefaultChannelPipeline.java:1429)\n\tat io.netty.channel.DefaultChannelPipeline.fireChannelRead(DefaultChannelPipeline.java:918)\n\tat io.netty.channel.nio.AbstractNioByteChannel$NioByteUnsafe.read(AbstractNioByteChannel.java:168)\n\tat io.netty.channel.nio.AbstractNioChannel$AbstractNioUnsafe.handle(AbstractNioChannel.java:445)\n\tat io.netty.channel.nio.NioIoHandler$DefaultNioRegistration.handle(NioIoHandler.java:388)\n\tat io.netty.channel.nio.NioIoHandler.processSelectedKey(NioIoHandler.java:596)\n\tat io.netty.channel.nio.NioIoHandler.processSelectedKeysOptimized(NioIoHandler.java:571)\n\tat io.netty.channel.nio.NioIoHandler.processSelectedKeys(NioIoHandler.java:512)\n\tat io.netty.channel.nio.NioIoHandler.run(NioIoHandler.java:484)\n\tat io.netty.channel.SingleThreadIoEventLoop.runIo(SingleThreadIoEventLoop.java:225)\n\tat io.netty.channel.SingleThreadIoEventLoop.run(SingleThreadIoEventLoop.java:196)\n\tat io.netty.util.concurrent.SingleThreadEventExecutor$5.run(SingleThreadEventExecutor.java:1193)\n\tat io.netty.util.internal.ThreadExecutorMap$2.run(ThreadExecutorMap.java:74)\n\tat io.netty.util.concurrent.FastThreadLocalRunnable.run(FastThreadLocalRunnable.java:30)\n\tat java.lang.Thread.run(Thread.java:764)\n"}}
05-18 19:22:39.589  5093  5119 I appium  : AppiumResponse: {"sessionId":"e060cd36-560e-42c5-91e1-180205131cf7","value":{"error":"no such element","message":"An element could not be located on the page using the given search parameters","stacktrace":"io.appium.uiautomator2.common.exceptions.ElementNotFoundException: An element could not be located on the page using the given search parameters\n\tat io.appium.uiautomator2.utils.ElementLocationHelpers.findElement(ElementLocationHelpers.java:153)\n\tat io.appium.uiautomator2.handler.FindElement.safeHandle(FindElement.java:60)\n\tat io.appium.uiautomator2.handler.request.SafeRequestHandler.handle(SafeRequestHandler.java:59)\n\tat io.appium.uiautomator2.server.AppiumServlet.handleRequest(AppiumServlet.java:267)\n\tat io.appium.uiautomator2.server.AppiumServlet.handleHttpRequest(AppiumServlet.java:261)\n\tat io.appium.uiautomator2.http.ServerHandler.channelRead(ServerHandler.java:77)\n\tat io.netty.channel.AbstractChannelHandlerContext.fireChannelRead(AbstractChannelHandlerContext.java:356)\n\tat io.netty.handler.codec.MessageToMessageDecoder.channelRead(MessageToMessageDecoder.java:107)\n\tat io.netty.channel.AbstractChannelHandlerContext.fireChannelRead(AbstractChannelHandlerContext.java:356)\n\tat io.netty.channel.CombinedChannelDuplexHandler$DelegatingChannelHandlerContext.fireChannelRead(CombinedChannelDuplexHandler.java:434)\n\tat io.netty.handler.codec.ByteToMessageDecoder.fireChannelRead(ByteToMessageDecoder.java:346)\n\tat io.netty.handler.codec.ByteToMessageDecoder.channelRead(ByteToMessageDecoder.java:318)\n\tat io.netty.channel.CombinedChannelDuplexHandler.channelRead(CombinedChannelDuplexHandler.java:249)\n\tat io.netty.channel.AbstractChannelHandlerContext.fireChannelRead(AbstractChannelHandlerContext.java:354)\n\tat io.netty.handler.timeout.IdleStateHandler.channelRead(IdleStateHandler.java:293)\n\tat io.netty.channel.AbstractChannelHandlerContext.fireChannelRead(AbstractChannelHandlerContext.java:354)\n\tat io.netty.channel.DefaultChannelPipeline$HeadContext.channelRead(DefaultChannelPipeline.java:1429)\n\tat io.netty.channel.DefaultChannelPipeline.fireChannelRead(DefaultChannelPipeline.java:918)\n\tat io.netty.channel.nio.AbstractNioByteChannel$NioByteUnsafe.read(AbstractNioByteChannel.java:168)\n\tat io.netty.channel.nio.AbstractNioChannel$AbstractNioUnsafe.handle(AbstractNioChannel.java:445)\n\tat io.netty.channel.nio.NioIoHandler$DefaultNioRegistration.handle(NioIoHandler.java:388)\n\tat io.netty.channel.nio.NioIoHandler.processSelectedKey(NioIoHandler.java:596)\n\tat io.netty.channel.nio.NioIoHandler.processSelectedKeysOptimized(NioIoHandler.java:571)\n\tat io.netty.channel.nio.NioIoHandler.processSelectedKeys(NioIoHandler.java:512)\n\tat io.netty.channel.nio.NioIoHandler.run(NioIoHandler.java:484)\n\tat io.netty.channel.SingleThreadIoEventLoop.runIo(SingleThreadIoEventLoop.java:225)\n\tat io.netty.channel.SingleThreadIoEventLoop.run(SingleThreadIoEventLoop.java:196)\n\tat io.netty.util.concurrent.SingleThreadEventExecutor$5.run(SingleThreadEventExecutor.java:1193)\n\tat io.netty.util.internal.ThreadExecutorMap$2.run(ThreadExecutorMap.java:74)\n\tat io.netty.util.concurrent.FastThreadLocalRunnable.run(FastThreadLocalRunnable.java:30)\n\tat java.lang.Thread.run(Thread.java:764)\n"}}
05-18 19:22:40.229  5093  5119 I appium  : AppiumResponse: {"sessionId":"e060cd36-560e-42c5-91e1-180205131cf7","value":{"error":"no such element","message":"An element could not be located on the page using the given search parameters","stacktrace":"io.appium.uiautomator2.common.exceptions.ElementNotFoundException: An element could not be located on the page using the given search parameters\n\tat io.appium.uiautomator2.utils.ElementLocationHelpers.findElement(ElementLocationHelpers.java:153)\n\tat io.appium.uiautomator2.handler.FindElement.safeHandle(FindElement.java:60)\n\tat io.appium.uiautomator2.handler.request.SafeRequestHandler.handle(SafeRequestHandler.java:59)\n\tat io.appium.uiautomator2.server.AppiumServlet.handleRequest(AppiumServlet.java:267)\n\tat io.appium.uiautomator2.server.AppiumServlet.handleHttpRequest(AppiumServlet.java:261)\n\tat io.appium.uiautomator2.http.ServerHandler.channelRead(ServerHandler.java:77)\n\tat io.netty.channel.AbstractChannelHandlerContext.fireChannelRead(AbstractChannelHandlerContext.java:356)\n\tat io.netty.handler.codec.MessageToMessageDecoder.channelRead(MessageToMessageDecoder.java:107)\n\tat io.netty.channel.AbstractChannelHandlerContext.fireChannelRead(AbstractChannelHandlerContext.java:356)\n\tat io.netty.channel.CombinedChannelDuplexHandler$DelegatingChannelHandlerContext.fireChannelRead(CombinedChannelDuplexHandler.java:434)\n\tat io.netty.handler.codec.ByteToMessageDecoder.fireChannelRead(ByteToMessageDecoder.java:346)\n\tat io.netty.handler.codec.ByteToMessageDecoder.channelRead(ByteToMessageDecoder.java:318)\n\tat io.netty.channel.CombinedChannelDuplexHandler.channelRead(CombinedChannelDuplexHandler.java:249)\n\tat io.netty.channel.AbstractChannelHandlerContext.fireChannelRead(AbstractChannelHandlerContext.java:354)\n\tat io.netty.handler.timeout.IdleStateHandler.channelRead(IdleStateHandler.java:293)\n\tat io.netty.channel.AbstractChannelHandlerContext.fireChannelRead(AbstractChannelHandlerContext.java:354)\n\tat io.netty.channel.DefaultChannelPipeline$HeadContext.channelRead(DefaultChannelPipeline.java:1429)\n\tat io.netty.channel.DefaultChannelPipeline.fireChannelRead(DefaultChannelPipeline.java:918)\n\tat io.netty.channel.nio.AbstractNioByteChannel$NioByteUnsafe.read(AbstractNioByteChannel.java:168)\n\tat io.netty.channel.nio.AbstractNioChannel$AbstractNioUnsafe.handle(AbstractNioChannel.java:445)\n\tat io.netty.channel.nio.NioIoHandler$DefaultNioRegistration.handle(NioIoHandler.java:388)\n\tat io.netty.channel.nio.NioIoHandler.processSelectedKey(NioIoHandler.java:596)\n\tat io.netty.channel.nio.NioIoHandler.processSelectedKeysOptimized(NioIoHandler.java:571)\n\tat io.netty.channel.nio.NioIoHandler.processSelectedKeys(NioIoHandler.java:512)\n\tat io.netty.channel.nio.NioIoHandler.run(NioIoHandler.java:484)\n\tat io.netty.channel.SingleThreadIoEventLoop.runIo(SingleThreadIoEventLoop.java:225)\n\tat io.netty.channel.SingleThreadIoEventLoop.run(SingleThreadIoEventLoop.java:196)\n\tat io.netty.util.concurrent.SingleThreadEventExecutor$5.run(SingleThreadEventExecutor.java:1193)\n\tat io.netty.util.internal.ThreadExecutorMap$2.run(ThreadExecutorMap.java:74)\n\tat io.netty.util.concurrent.FastThreadLocalRunnable.run(FastThreadLocalRunnable.java:30)\n\tat java.lang.Thread.run(Thread.java:764)\n"}}
05-18 19:22:40.887  5093  5119 I appium  : AppiumResponse: {"sessionId":"e060cd36-560e-42c5-91e1-180205131cf7","value":{"error":"no such element","message":"An element could not be located on the page using the given search parameters","stacktrace":"io.appium.uiautomator2.common.exceptions.ElementNotFoundException: An element could not be located on the page using the given search parameters\n\tat io.appium.uiautomator2.utils.ElementLocationHelpers.findElement(ElementLocationHelpers.java:153)\n\tat io.appium.uiautomator2.handler.FindElement.safeHandle(FindElement.java:60)\n\tat io.appium.uiautomator2.handler.request.SafeRequestHandler.handle(SafeRequestHandler.java:59)\n\tat io.appium.uiautomator2.server.AppiumServlet.handleRequest(AppiumServlet.java:267)\n\tat io.appium.uiautomator2.server.AppiumServlet.handleHttpRequest(AppiumServlet.java:261)\n\tat io.appium.uiautomator2.http.ServerHandler.channelRead(ServerHandler.java:77)\n\tat io.netty.channel.AbstractChannelHandlerContext.fireChannelRead(AbstractChannelHandlerContext.java:356)\n\tat io.netty.handler.codec.MessageToMessageDecoder.channelRead(MessageToMessageDecoder.java:107)\n\tat io.netty.channel.AbstractChannelHandlerContext.fireChannelRead(AbstractChannelHandlerContext.java:356)\n\tat io.netty.channel.CombinedChannelDuplexHandler$DelegatingChannelHandlerContext.fireChannelRead(CombinedChannelDuplexHandler.java:434)\n\tat io.netty.handler.codec.ByteToMessageDecoder.fireChannelRead(ByteToMessageDecoder.java:346)\n\tat io.netty.handler.codec.ByteToMessageDecoder.channelRead(ByteToMessageDecoder.java:318)\n\tat io.netty.channel.CombinedChannelDuplexHandler.channelRead(CombinedChannelDuplexHandler.java:249)\n\tat io.netty.channel.AbstractChannelHandlerContext.fireChannelRead(AbstractChannelHandlerContext.java:354)\n\tat io.netty.handler.timeout.IdleStateHandler.channelRead(IdleStateHandler.java:293)\n\tat io.netty.channel.AbstractChannelHandlerContext.fireChannelRead(AbstractChannelHandlerContext.java:354)\n\tat io.netty.channel.DefaultChannelPipeline$HeadContext.channelRead(DefaultChannelPipeline.java:1429)\n\tat io.netty.channel.DefaultChannelPipeline.fireChannelRead(DefaultChannelPipeline.java:918)\n\tat io.netty.channel.nio.AbstractNioByteChannel$NioByteUnsafe.read(AbstractNioByteChannel.java:168)\n\tat io.netty.channel.nio.AbstractNioChannel$AbstractNioUnsafe.handle(AbstractNioChannel.java:445)\n\tat io.netty.channel.nio.NioIoHandler$DefaultNioRegistration.handle(NioIoHandler.java:388)\n\tat io.netty.channel.nio.NioIoHandler.processSelectedKey(NioIoHandler.java:596)\n\tat io.netty.channel.nio.NioIoHandler.processSelectedKeysOptimized(NioIoHandler.java:571)\n\tat io.netty.channel.nio.NioIoHandler.processSelectedKeys(NioIoHandler.java:512)\n\tat io.netty.channel.nio.NioIoHandler.run(NioIoHandler.java:484)\n\tat io.netty.channel.SingleThreadIoEventLoop.runIo(SingleThreadIoEventLoop.java:225)\n\tat io.netty.channel.SingleThreadIoEventLoop.run(SingleThreadIoEventLoop.java:196)\n\tat io.netty.util.concurrent.SingleThreadEventExecutor$5.run(SingleThreadEventExecutor.java:1193)\n\tat io.netty.util.internal.ThreadExecutorMap$2.run(ThreadExecutorMap.java:74)\n\tat io.netty.util.concurrent.FastThreadLocalRunnable.run(FastThreadLocalRunnable.java:30)\n\tat java.lang.Thread.run(Thread.java:764)\n"}}
05-18 19:22:41.524   669  1025 V AlarmManager: set(PendingIntent{5d6d008: PendingIntentRecord{e0933a1 android broadcastIntent}}) : type=3 triggerAtTime=35649551 win=225000 tElapsed=35649551 maxElapsed=35874551 interval=0 flags=0x8
05-18 19:22:41.527  5093  5119 I appium  : AppiumResponse: {"sessionId":"e060cd36-560e-42c5-91e1-180205131cf7","value":{"error":"no such element","message":"An element could not be located on the page using the given search parameters","stacktrace":"io.appium.uiautomator2.common.exceptions.ElementNotFoundException: An element could not be located on the page using the given search parameters\n\tat io.appium.uiautomator2.utils.ElementLocationHelpers.findElement(ElementLocationHelpers.java:153)\n\tat io.appium.uiautomator2.handler.FindElement.safeHandle(FindElement.java:60)\n\tat io.appium.uiautomator2.handler.request.SafeRequestHandler.handle(SafeRequestHandler.java:59)\n\tat io.appium.uiautomator2.server.AppiumServlet.handleRequest(AppiumServlet.java:267)\n\tat io.appium.uiautomator2.server.AppiumServlet.handleHttpRequest(AppiumServlet.java:261)\n\tat io.appium.uiautomator2.http.ServerHandler.channelRead(ServerHandler.java:77)\n\tat io.netty.channel.AbstractChannelHandlerContext.fireChannelRead(AbstractChannelHandlerContext.java:356)\n\tat io.netty.handler.codec.MessageToMessageDecoder.channelRead(MessageToMessageDecoder.java:107)\n\tat io.netty.channel.AbstractChannelHandlerContext.fireChannelRead(AbstractChannelHandlerContext.java:356)\n\tat io.netty.channel.CombinedChannelDuplexHandler$DelegatingChannelHandlerContext.fireChannelRead(CombinedChannelDuplexHandler.java:434)\n\tat io.netty.handler.codec.ByteToMessageDecoder.fireChannelRead(ByteToMessageDecoder.java:346)\n\tat io.netty.handler.codec.ByteToMessageDecoder.channelRead(ByteToMessageDecoder.java:318)\n\tat io.netty.channel.CombinedChannelDuplexHandler.channelRead(CombinedChannelDuplexHandler.java:249)\n\tat io.netty.channel.AbstractChannelHandlerContext.fireChannelRead(AbstractChannelHandlerContext.java:354)\n\tat io.netty.handler.timeout.IdleStateHandler.channelRead(IdleStateHandler.java:293)\n\tat io.netty.channel.AbstractChannelHandlerContext.fireChannelRead(AbstractChannelHandlerContext.java:354)\n\tat io.netty.channel.DefaultChannelPipeline$HeadContext.channelRead(DefaultChannelPipeline.java:1429)\n\tat io.netty.channel.DefaultChannelPipeline.fireChannelRead(DefaultChannelPipeline.java:918)\n\tat io.netty.channel.nio.AbstractNioByteChannel$NioByteUnsafe.read(AbstractNioByteChannel.java:168)\n\tat io.netty.channel.nio.AbstractNioChannel$AbstractNioUnsafe.handle(AbstractNioChannel.java:445)\n\tat io.netty.channel.nio.NioIoHandler$DefaultNioRegistration.handle(NioIoHandler.java:388)\n\tat io.netty.channel.nio.NioIoHandler.processSelectedKey(NioIoHandler.java:596)\n\tat io.netty.channel.nio.NioIoHandler.processSelectedKeysOptimized(NioIoHandler.java:571)\n\tat io.netty.channel.nio.NioIoHandler.processSelectedKeys(NioIoHandler.java:512)\n\tat io.netty.channel.nio.NioIoHandler.run(NioIoHandler.java:484)\n\tat io.netty.channel.SingleThreadIoEventLoop.runIo(SingleThreadIoEventLoop.java:225)\n\tat io.netty.channel.SingleThreadIoEventLoop.run(SingleThreadIoEventLoop.java:196)\n\tat io.netty.util.concurrent.SingleThreadEventExecutor$5.run(SingleThreadEventExecutor.java:1193)\n\tat io.netty.util.internal.ThreadExecutorMap$2.run(ThreadExecutorMap.java:74)\n\tat io.netty.util.concurrent.FastThreadLocalRunnable.run(FastThreadLocalRunnable.java:30)\n\tat java.lang.Thread.run(Thread.java:764)\n"}}
05-18 19:22:41.987  5093  5119 I appium  : AppiumResponse: {"sessionId":"e060cd36-560e-42c5-91e1-180205131cf7","value":{"error":"no such element","message":"An element could not be located on the page using the given search parameters","stacktrace":"io.appium.uiautomator2.common.exceptions.ElementNotFoundException: An element could not be located on the page using the given search parameters\n\tat io.appium.uiautomator2.utils.ElementLocationHelpers.findElement(ElementLocationHelpers.java:153)\n\tat io.appium.uiautomator2.handler.FindElement.safeHandle(FindElement.java:60)\n\tat io.appium.uiautomator2.handler.request.SafeRequestHandler.handle(SafeRequestHandler.java:59)\n\tat io.appium.uiautomator2.server.AppiumServlet.handleRequest(AppiumServlet.java:267)\n\tat io.appium.uiautomator2.server.AppiumServlet.handleHttpRequest(AppiumServlet.java:261)\n\tat io.appium.uiautomator2.http.ServerHandler.channelRead(ServerHandler.java:77)\n\tat io.netty.channel.AbstractChannelHandlerContext.fireChannelRead(AbstractChannelHandlerContext.java:356)\n\tat io.netty.handler.codec.MessageToMessageDecoder.channelRead(MessageToMessageDecoder.java:107)\n\tat io.netty.channel.AbstractChannelHandlerContext.fireChannelRead(AbstractChannelHandlerContext.java:356)\n\tat io.netty.channel.CombinedChannelDuplexHandler$DelegatingChannelHandlerContext.fireChannelRead(CombinedChannelDuplexHandler.java:434)\n\tat io.netty.handler.codec.ByteToMessageDecoder.fireChannelRead(ByteToMessageDecoder.java:346)\n\tat io.netty.handler.codec.ByteToMessageDecoder.channelRead(ByteToMessageDecoder.java:318)\n\tat io.netty.channel.CombinedChannelDuplexHandler.channelRead(CombinedChannelDuplexHandler.java:249)\n\tat io.netty.channel.AbstractChannelHandlerContext.fireChannelRead(AbstractChannelHandlerContext.java:354)\n\tat io.netty.handler.timeout.IdleStateHandler.channelRead(IdleStateHandler.java:293)\n\tat io.netty.channel.AbstractChannelHandlerContext.fireChannelRead(AbstractChannelHandlerContext.java:354)\n\tat io.netty.channel.DefaultChannelPipeline$HeadContext.channelRead(DefaultChannelPipeline.java:1429)\n\tat io.netty.channel.DefaultChannelPipeline.fireChannelRead(DefaultChannelPipeline.java:918)\n\tat io.netty.channel.nio.AbstractNioByteChannel$NioByteUnsafe.read(AbstractNioByteChannel.java:168)\n\tat io.netty.channel.nio.AbstractNioChannel$AbstractNioUnsafe.handle(AbstractNioChannel.java:445)\n\tat io.netty.channel.nio.NioIoHandler$DefaultNioRegistration.handle(NioIoHandler.java:388)\n\tat io.netty.channel.nio.NioIoHandler.processSelectedKey(NioIoHandler.java:596)\n\tat io.netty.channel.nio.NioIoHandler.processSelectedKeysOptimized(NioIoHandler.java:571)\n\tat io.netty.channel.nio.NioIoHandler.processSelectedKeys(NioIoHandler.java:512)\n\tat io.netty.channel.nio.NioIoHandler.run(NioIoHandler.java:484)\n\tat io.netty.channel.SingleThreadIoEventLoop.runIo(SingleThreadIoEventLoop.java:225)\n\tat io.netty.channel.SingleThreadIoEventLoop.run(SingleThreadIoEventLoop.java:196)\n\tat io.netty.util.concurrent.SingleThreadEventExecutor$5.run(SingleThreadEventExecutor.java:1193)\n\tat io.netty.util.internal.ThreadExecutorMap$2.run(ThreadExecutorMap.java:74)\n\tat io.netty.util.concurrent.FastThreadLocalRunnable.run(FastThreadLocalRunnable.java:30)\n\tat java.lang.Thread.run(Thread.java:764)\n"}}
05-18 19:22:42.335   669  7378 I ActivityManager:   Force stopping service ServiceRecord{aadc1ba u0 com.pax.techpos/.service.CtlssReadService}
05-18 19:22:42.335   669  7378 I ActivityManager:   Force stopping service ServiceRecord{cde586b u0 com.pax.techpos/.service.TransactionService}
05-18 19:22:42.342   669  7378 D BroadcastQueue: Add broadcast <BroadcastRecord{b018157 u0 android.intent.action.PACKAGE_RESTARTED}> into [parallel | background], pending size 0
05-18 19:22:42.355   669   683 D BroadcastQueue: Done with parallel broadcast [background] [BroadcastRecord{b018157 u0 android.intent.action.PACKAGE_RESTARTED}]
05-18 19:22:43.005   669 16339 W ActivityManager: Force removing ActivityRecord{b20dc38 u0 com.pax.samplesalea/.SaleActivity t315}: app died, no saved state
05-18 19:22:43.018   669 16339 W ActivityManager: top activity = ActivityRecord{a660410 u0 com.pax.samplesalea/.RefundActivity t315}, paxActivityVerified=false
05-18 19:22:43.045   669 16339 I ActivityManager:   Force finishing activity ActivityRecord{fe06bd8 u0 com.pax.samplesalea/.SaleActivity t315}
05-18 19:22:43.048   669 16339 I ActivityManager:   Force finishing activity ActivityRecord{faf172c u0 com.pax.samplesalea/.SaleActivity t315}
05-18 19:22:43.052   669 16339 I ActivityManager:   Force finishing activity ActivityRecord{9734999 u0 com.pax.samplesalea/.SaleActivity t315}
05-18 19:22:43.056   669 16339 I ActivityManager:   Force finishing activity ActivityRecord{a660410 u0 com.pax.samplesalea/.RefundActivity t315}
05-18 19:22:43.066   669 16339 I ActivityManager:   Force finishing activity ActivityRecord{fe06bd8 u0 com.pax.samplesalea/.SaleActivity t315 f}
05-18 19:22:43.067   669 16339 W ActivityManager: Duplicate finish request for ActivityRecord{fe06bd8 u0 com.pax.samplesalea/.SaleActivity t315 f}
05-18 19:22:43.067   669 16339 I ActivityManager:   Force finishing activity ActivityRecord{faf172c u0 com.pax.samplesalea/.SaleActivity t315 f}
05-18 19:22:43.067   669 16339 W ActivityManager: Duplicate finish request for ActivityRecord{faf172c u0 com.pax.samplesalea/.SaleActivity t315 f}
05-18 19:22:43.067   669 16339 I ActivityManager:   Force finishing activity ActivityRecord{9734999 u0 com.pax.samplesalea/.SaleActivity t315 f}
05-18 19:22:43.067   669 16339 W ActivityManager: Duplicate finish request for ActivityRecord{9734999 u0 com.pax.samplesalea/.SaleActivity t315 f}
05-18 19:22:43.067   669 16339 I ActivityManager:   Force finishing activity ActivityRecord{a660410 u0 com.pax.samplesalea/.RefundActivity t315 f}
05-18 19:22:43.067   669 16339 W ActivityManager: Duplicate finish request for ActivityRecord{a660410 u0 com.pax.samplesalea/.RefundActivity t315 f}
05-18 19:22:43.075   669 16339 D BroadcastQueue: Add broadcast <BroadcastRecord{556c444 u0 android.intent.action.PACKAGE_RESTARTED}> into [parallel | background], pending size 0
05-18 19:22:43.095   669   683 D BroadcastQueue: Done with parallel broadcast [background] [BroadcastRecord{556c444 u0 android.intent.action.PACKAGE_RESTARTED}]
05-18 19:22:43.103   669 13095 D WindowManager: Input focus has changed to Window{e1d0f9d u0 com.android.launcher3/com.android.launcher3.Launcher}
05-18 19:22:43.176   669 13095 I WindowManager: WIN DEATH: Window{72e0ec5 u0 com.pax.samplesalea/com.pax.samplesalea.RefundActivity}
05-18 19:22:43.713  5093  5119 I appium  : AppiumResponse: {"sessionId":"e060cd36-560e-42c5-91e1-180205131cf7","value":null}
05-18 19:22:43.779   669  1042 W InstrumentationWorkaround: finishing, instr not matched to packgeName com.google.android.exoplayer.gts aInfo = ApplicationInfo{31475f9 io.appium.uiautomator2.server} iInfo = InstrumentationInfo{58beab2 io.appium.uiautomator2.server.test}
05-18 19:22:43.779   669  1042 W InstrumentationWorkaround: finishing, instr not matched to packgeName com.google.android.media.gts aInfo = ApplicationInfo{31475f9 io.appium.uiautomator2.server} iInfo = InstrumentationInfo{58beab2 io.appium.uiautomator2.server.test}
05-18 19:22:43.779   669  1042 W InstrumentationWorkaround: finishing, instr not matched to packgeName android.jank.cts aInfo = ApplicationInfo{31475f9 io.appium.uiautomator2.server} iInfo = InstrumentationInfo{58beab2 io.appium.uiautomator2.server.test}
05-18 19:22:43.779   669  1042 W InstrumentationWorkaround: finishing, instr not matched to packgeName android.openglperf.cts aInfo = ApplicationInfo{31475f9 io.appium.uiautomator2.server} iInfo = InstrumentationInfo{58beab2 io.appium.uiautomator2.server.test}
05-18 19:22:43.779   669  1042 W InstrumentationWorkaround: finishing, instr not matched to packgeName android.media.cts aInfo = ApplicationInfo{31475f9 io.appium.uiautomator2.server} iInfo = InstrumentationInfo{58beab2 io.appium.uiautomator2.server.test}
05-18 19:22:43.779   669  1042 W InstrumentationWorkaround: finishing, instr not matched to packgeName android.autofillservice.cts aInfo = ApplicationInfo{31475f9 io.appium.uiautomator2.server} iInfo = InstrumentationInfo{58beab2 io.appium.uiautomator2.server.test}
05-18 19:22:44.136   669  2357 D BroadcastQueue: Add broadcast <BroadcastRecord{8de8d55 u0 android.intent.action.PACKAGE_RESTARTED}> into [parallel | background], pending size 0
05-18 19:22:44.140   669 13095 D BroadcastQueue: Add broadcast <BroadcastRecord{a90436a u0 android.intent.action.PACKAGE_RESTARTED}> into [parallel | background], pending size 1
05-18 19:22:44.152   669   683 D BroadcastQueue: Done with parallel broadcast [background] [BroadcastRecord{8de8d55 u0 android.intent.action.PACKAGE_RESTARTED}, BroadcastRecord{a90436a u0 android.intent.action.PACKAGE_RESTARTED}]
=== LAST SLIP JSON (picked for config update) ===
{"mercSlipName":"ORHAN ÜNAL","mercSlipAddr":"ORHAN ÜNAL\n\n\n","mercCity":"BATMAN","mercPhoneNo":"7987897897","acqName":"Test Bankası","date":"18.05.26","time":"19:21","mercId":"000000000000002","termId":"10005713","batchNo":7982,"tranCode":"M11","tranNo":1,"stanNo":42,"sn":"PAX900000007","modelNumber":"PAX/920PRO","appVer":"2.1.6_13","tranName":"T_REFUNDCONTROLED","pan":"4506 **** **** 9805","cardDescription":"VISA/Kredi/Yurt İçi","amount":"100,00  TL","freeFormat2":"TESTPUAN:    ","freeFormat4":"NİZE YANSITILACAKTIR.                   ","freeFormat5":"     (2.00 TL) KAZANDINIZ. *************","authCode":"220405","rrn":"613803121420","bankRefNo":"0000613803121420","acquirerId":1,"subInfo":"TUTAR KARŞILIĞI İŞLEM İADE EDİLMİŞTİR","ownerInfo":"İŞYERİ NÜSHASI","warning":"BU BELGEYİ SAKLAYINIZ","sign":"IMZA"}
