01-01 03:13:50.534   243   243 I auditd  : avc:  denied  { find } for interface=android.hardware.configstore::ISurfaceFlingerConfigs sid=u:r:hal_graphics_composer_default:s0 pid=279 scontext=u:r:hal_graphics_composer_default:s0 tcontext=u:object_r:hal_configstore_ISurfaceFlingerConfigs:s0 tclass=hwservice_manager permissive=0
01-01 03:13:52.699   429   429 I auditd  : type=1400 audit(0.0:5): avc: denied { entrypoint } for comm="vold" path="/vendor/bin/fsck.f2fs" dev="dm-1" ino=79 scontext=u:r:fsck:s0 tcontext=u:object_r:fsmgr_exec:s0 tclass=file permissive=0
01-01 03:14:00.739   695   695 I auditd  : type=1400 audit(0.0:8): avc: denied { write } for comm="mknod" name="block" dev="tmpfs" ino=9552 scontext=u:r:systoold:s0 tcontext=u:object_r:block_device:s0 tclass=dir permissive=1
01-01 03:14:00.749   695   695 I auditd  : type=1400 audit(0.0:9): avc: denied { add_name } for comm="mknod" name="loop8" scontext=u:r:systoold:s0 tcontext=u:object_r:block_device:s0 tclass=dir permissive=1
01-01 03:14:00.749   695   695 I auditd  : type=1400 audit(0.0:10): avc: denied { create } for comm="mknod" name="loop8" scontext=u:r:systoold:s0 tcontext=u:object_r:block_device:s0 tclass=blk_file permissive=1
01-01 03:14:00.769   699   699 I auditd  : type=1400 audit(0.0:11): avc: denied { read write } for comm="losetup" name="loop8" dev="tmpfs" ino=14533 scontext=u:r:systoold:s0 tcontext=u:object_r:block_device:s0 tclass=blk_file permissive=1
01-01 03:14:00.769   699   699 I auditd  : type=1400 audit(0.0:12): avc: denied { open } for comm="losetup" path="/dev/block/loop8" dev="tmpfs" ino=14533 scontext=u:r:systoold:s0 tcontext=u:object_r:block_device:s0 tclass=blk_file permissive=1
01-01 03:14:00.779   699   699 I auditd  : type=1400 audit(0.0:13): avc: denied { ioctl } for comm="losetup" path="/dev/block/loop8" dev="tmpfs" ino=14533 ioctlcmd=4c05 scontext=u:r:systoold:s0 tcontext=u:object_r:block_device:s0 tclass=blk_file permissive=1
01-01 03:14:01.589   760   760 I auditd  : type=1400 audit(0.0:14): avc: denied { write } for comm="rm" name="tmp" dev="dm-2" ino=48 scontext=u:r:systoold:s0 tcontext=u:object_r:shell_data_file:s0 tclass=dir permissive=1
01-01 03:14:01.649   760   760 I auditd  : type=1400 audit(0.0:15): avc: denied { getattr } for comm="rm" path="/data/local/tmp/dalvik-cache/arm/system@framework@boot.oat" dev="dm-2" ino=10745 scontext=u:r:systoold:s0 tcontext=u:object_r:shell_data_file:s0 tclass=lnk_file permissive=1
01-01 03:14:01.649   760   760 I auditd  : type=1400 audit(0.0:16): avc: denied { read } for comm="rm" name="system@framework@boot.oat" dev="dm-2" ino=10745 scontext=u:r:systoold:s0 tcontext=u:object_r:shell_data_file:s0 tclass=lnk_file permissive=1
01-01 03:14:01.649   760   760 I auditd  : type=1400 audit(0.0:17): avc: denied { remove_name } for comm="rm" name="system@framework@boot.oat" dev="dm-2" ino=10745 scontext=u:r:systoold:s0 tcontext=u:object_r:shell_data_file:s0 tclass=dir permissive=1
01-01 03:14:01.649   760   760 I auditd  : type=1400 audit(0.0:18): avc: denied { unlink } for comm="rm" name="system@framework@boot.oat" dev="dm-2" ino=10745 scontext=u:r:systoold:s0 tcontext=u:object_r:shell_data_file:s0 tclass=lnk_file permissive=1
01-01 03:14:01.659   760   760 I auditd  : type=1400 audit(0.0:19): avc: denied { unlink } for comm="rm" name="system@framework@boot.art" dev="dm-2" ino=10807 scontext=u:r:systoold:s0 tcontext=u:object_r:shell_data_file:s0 tclass=file permissive=1
01-01 03:14:01.669   760   760 I auditd  : type=1400 audit(0.0:20): avc: denied { rmdir } for comm="rm" name="arm" dev="dm-2" ino=10740 scontext=u:r:systoold:s0 tcontext=u:object_r:shell_data_file:s0 tclass=dir permissive=1
01-01 03:14:07.384   669   683 I am_wtf  : [0,669,system_server,-1,PackageManager,Signature|privileged permissions not in privapp-permissions whitelist: {com.zebra.sdl: android.permission.MOUNT_UNMOUNT_FILESYSTEMS, com.pax.CustomerRes: android.permission.MOUNT_UNMOUNT_FILESYSTEMS, com.zebra.sdl: android.permission.LOCAL_MAC_ADDRESS, com.pax.CustomerRes: android.permission.SET_TIME_ZONE}]
01-01 03:14:08.529   287   287 I auditd  : type=1400 audit(0.0:21): avc: denied { search } for comm="android.hardwar" name="/" dev="mmcblk0p1" ino=2 scontext=u:r:hal_wifi_default:s0 tcontext=u:object_r:prod_file:s0 tclass=dir permissive=0
01-01 03:14:16.239  1228  1228 I auditd  : type=1400 audit(0.0:22): avc: denied { ioctl } for comm="droid.osmanager" path="/data/resource/internal/packages_hash.db" dev="dm-2" ino=1565 ioctlcmd=f50c scontext=u:r:system_app:s0 tcontext=u:object_r:paxdroid_share_file:s0 tclass=file permissive=0
05-18 09:34:00.995  1471  1471 I auditd  : type=1400 audit(0.0:23): avc: denied { ioctl } for comm="dhcp6c" path="socket:[20023]" dev="sockfs" ino=20023 ioctlcmd=8927 scontext=u:r:dhcp6c:s0 tcontext=u:r:dhcp6c:s0 tclass=udp_socket permissive=0
05-18 09:34:00.995  1471  1471 I auditd  : type=1400 audit(0.0:35): avc: denied { ioctl } for comm="dhcp6c" path="socket:[20023]" dev="sockfs" ino=20023 ioctlcmd=8927 scontext=u:r:dhcp6c:s0 tcontext=u:r:dhcp6c:s0 tclass=udp_socket permissive=0
05-18 09:34:01.940   669  1291 I am_broadcast_discard_app: [0,124143975,paydroid.intent.action.BOOT_COMPLETED,1,ResolveInfo{eb86bf9 com.pax.ft/.ui.BootBroadcastReceiver m=0x108000}]
05-18 09:34:02.445   463   463 I auditd  : type=1400 audit(0.0:36): avc: denied { read } for comm="C3Dev-2-ReqQueu" name="libbase.so" dev="dm-1" ino=684 scontext=u:r:cameraserver:s0 tcontext=u:object_r:vendor_file:s0 tclass=file permissive=0
05-18 09:34:02.455   463   463 I auditd  : type=1400 audit(0.0:37): avc: denied { read } for comm="C3Dev-2-ReqQueu" name="libhidlbase.so" dev="dm-1" ino=725 scontext=u:r:cameraserver:s0 tcontext=u:object_r:vendor_file:s0 tclass=file permissive=0
05-18 09:34:02.455   463   463 I auditd  : type=1400 audit(0.0:38): avc: denied { read } for comm="C3Dev-2-ReqQueu" name="libhidltransport.so" dev="dm-1" ino=727 scontext=u:r:cameraserver:s0 tcontext=u:object_r:vendor_file:s0 tclass=file permissive=0
05-18 09:34:02.565   458   458 I auditd  : type=1400 audit(0.0:39): avc: denied { read } for comm="Binder:458_1" name="exe" dev="proc" ino=20191 scontext=u:r:systoold:s0 tcontext=u:r:system_server:s0 tclass=lnk_file permissive=1
05-18 09:34:04.075   458   458 I auditd  : type=1400 audit(0.0:40): avc: denied { read } for comm="systool_server" name="exe" dev="proc" ino=20191 scontext=u:r:systoold:s0 tcontext=u:r:system_server:s0 tclass=lnk_file permissive=1
05-18 09:34:07.930   669  1291 I am_broadcast_discard_app: [0,178465062,android.intent.action.BOOT_COMPLETED,12,ResolveInfo{4e66235 com.pax.ft/.ui.BootBroadcastReceiver m=0x108000}]
05-18 09:34:21.241   669  1264 I am_broadcast_discard_app: [0,209208317,paydroid.intent.action.PREINSTALL_APK_BOOT_COMPLETED,0,ResolveInfo{69a38f2 com.pax.ft/.ui.BootBroadcastReceiver m=0x108000}]
05-18 09:34:44.905   242   242 I auditd  : avc:  denied  { find } for service=meminfo pid=2211 uid=0 scontext=u:r:systoold:s0 tcontext=u:object_r:meminfo_service:s0 tclass=service_manager permissive=1
05-18 09:35:33.238   881   881 I sysui_action: [289,ComponentInfo{com.beytullahmarasli.paxwirelesslog/com.beytullahmarasli.paxwirelesslog.MainActivity}]
05-18 09:35:33.238   881   881 I sysui_multi_action: [757,289,758,4,806,ComponentInfo{com.beytullahmarasli.paxwirelesslog/com.beytullahmarasli.paxwirelesslog.MainActivity}]
05-18 09:35:34.605   881   881 I sysui_action: [289,ComponentInfo{com.pax.samplesalea/com.pax.samplesalea.ResultActivity}]
05-18 09:35:34.605   881   881 I sysui_multi_action: [757,289,758,4,806,ComponentInfo{com.pax.samplesalea/com.pax.samplesalea.ResultActivity}]
05-18 09:35:58.030   458   458 I auditd  : type=1400 audit(0.0:41): avc: denied { read } for comm="systool_server" name="exe" dev="proc" ino=20191 scontext=u:r:systoold:s0 tcontext=u:r:system_server:s0 tclass=lnk_file permissive=1
05-18 10:36:17.560   486   486 I auditd  : type=1400 audit(0.0:42): avc: denied { write } for comm="libgps_daemon" name="property_service" dev="tmpfs" ino=5198 scontext=u:r:hal_gnss_ext_default:s0 tcontext=u:object_r:property_socket:s0 tclass=sock_file permissive=0
05-18 10:36:42.230   473   473 I auditd  : type=1400 audit(0.0:43): avc: denied { read } for comm="CodecLooper" name="libbase.so" dev="dm-1" ino=684 scontext=u:r:mediaserver:s0 tcontext=u:object_r:vendor_file:s0 tclass=file permissive=0
05-18 10:36:42.240   473   473 I auditd  : type=1400 audit(0.0:44): avc: denied { read } for comm="CodecLooper" name="libhidlbase.so" dev="dm-1" ino=725 scontext=u:r:mediaserver:s0 tcontext=u:object_r:vendor_file:s0 tclass=file permissive=0
05-18 10:36:42.240   473   473 I auditd  : type=1400 audit(0.0:45): avc: denied { read } for comm="CodecLooper" name="libhidltransport.so" dev="dm-1" ino=727 scontext=u:r:mediaserver:s0 tcontext=u:object_r:vendor_file:s0 tclass=file permissive=0
05-18 10:38:51.967   881   881 I sysui_action: [289,ComponentInfo{com.pax.samplesalea/com.pax.samplesalea.SaleActivity}]
05-18 10:38:51.967   881   881 I sysui_multi_action: [757,289,758,4,806,ComponentInfo{com.pax.samplesalea/com.pax.samplesalea.SaleActivity}]
05-18 10:38:52.584   881   881 I sysui_action: [289,ComponentInfo{com.android.settings/com.android.settings.Settings}]
05-18 10:38:52.584   881   881 I sysui_multi_action: [757,289,758,4,806,ComponentInfo{com.android.settings/com.android.settings.Settings}]
05-18 12:10:45.304   881   881 I sysui_action: [289,ComponentInfo{com.pax.samplesalea/com.pax.samplesalea.SaleActivity}]
05-18 12:10:45.304   881   881 I sysui_multi_action: [757,289,758,4,806,ComponentInfo{com.pax.samplesalea/com.pax.samplesalea.SaleActivity}]
05-18 12:12:44.080   881   881 I sysui_action: [289,ComponentInfo{com.pax.samplesalea/com.pax.samplesalea.SaleActivity}]
05-18 12:12:44.080   881   881 I sysui_multi_action: [757,289,758,4,806,ComponentInfo{com.pax.samplesalea/com.pax.samplesalea.SaleActivity}]
05-18 13:10:02.059   881   881 I sysui_action: [289,ComponentInfo{com.pax.samplesalea/com.pax.samplesalea.SaleActivity}]
05-18 13:10:02.059   881   881 I sysui_multi_action: [757,289,758,4,806,ComponentInfo{com.pax.samplesalea/com.pax.samplesalea.SaleActivity}]
05-18 13:14:40.509   881   881 I sysui_action: [289,ComponentInfo{com.pax.mainapp/com.pax.mainapp.ManagerActivity}]
05-18 13:14:40.510   881   881 I sysui_multi_action: [757,289,758,4,806,ComponentInfo{com.pax.mainapp/com.pax.mainapp.ManagerActivity}]
05-18 13:14:41.744   881   881 I sysui_action: [289,ComponentInfo{com.pax.samplesalea/com.pax.samplesalea.SaleActivity}]
05-18 13:14:41.744   881   881 I sysui_multi_action: [757,289,758,4,806,ComponentInfo{com.pax.samplesalea/com.pax.samplesalea.SaleActivity}]
05-18 13:14:59.640   458   458 I auditd  : type=1400 audit(0.0:46): avc: denied { read } for comm="Binder:458_2" name="exe" dev="proc" ino=94963 scontext=u:r:systoold:s0 tcontext=u:r:system_server:s0 tclass=lnk_file permissive=1
05-18 13:15:04.390   458   458 I auditd  : type=1400 audit(0.0:47): avc: denied { read } for comm="Binder:458_2" name="exe" dev="proc" ino=94963 scontext=u:r:systoold:s0 tcontext=u:r:system_server:s0 tclass=lnk_file permissive=1
05-18 13:46:00.720   458   458 I auditd  : type=1400 audit(0.0:48): avc: denied { read } for comm="Binder:458_2" name="exe" dev="proc" ino=94963 scontext=u:r:systoold:s0 tcontext=u:r:system_server:s0 tclass=lnk_file permissive=1
05-18 13:46:06.300   486   486 I auditd  : type=1400 audit(0.0:49): avc: denied { write } for comm="libgps_daemon" name="property_service" dev="tmpfs" ino=5198 scontext=u:r:hal_gnss_ext_default:s0 tcontext=u:object_r:property_socket:s0 tclass=sock_file permissive=0
05-18 13:46:17.230   458   458 I auditd  : type=1400 audit(0.0:50): avc: denied { read } for comm="Binder:458_2" name="exe" dev="proc" ino=94963 scontext=u:r:systoold:s0 tcontext=u:r:system_server:s0 tclass=lnk_file permissive=1
05-18 13:52:43.311   853   935 D RILJ    : [3754]< OPERATOR {TURKCELL, TURKCELL, 28601} [SUB0]
05-18 13:52:43.312   853   935 D RilRequest: [3758]< OPERATOR error: com.android.internal.telephony.CommandException: RADIO_NOT_AVAILABLE ret={, , }
05-18 13:52:43.314   853   935 D RILJ    : [3755]< DATA_REGISTRATION_STATE {.regState = NOT_REG_MT_NOT_SEARCHING_OP_EM, .rat = 11, .reasonDataDenied = -1, .maxDataCalls = 3, .cellIdentity = {.cellInfoType = WCDMA, .cellIdentityGsm = [], .cellIdentityWcdma = [{.mcc = -1, .mnc = -1, .lac = 257, .cid = 157436644, .psc = -1, .uarfcn = -1}], .cellIdentityCdma = [], .cellIdentityLte = [], .cellIdentityTdscdma = []}} [SUB0]
05-18 13:52:43.315   853   935 D RilRequest: [3759]< DATA_REGISTRATION_STATE error: com.android.internal.telephony.CommandException: RADIO_NOT_AVAILABLE ret={.regState = NOT_REG_MT_NOT_SEARCHING_OP, .rat = 0, .reasonDataDenied = 0, .maxDataCalls = 0, .cellIdentity = {.cellInfoType = NONE, .cellIdentityGsm = [], .cellIdentityWcdma = [], .cellIdentityCdma = [], .cellIdentityLte = [], .cellIdentityTdscdma = []}}
05-18 13:52:43.316   853   935 D RILJ    : [3756]< VOICE_REGISTRATION_STATE {.regState = NOT_REG_MT_NOT_SEARCHING_OP_EM, .rat = 11, .cssSupported = false, .roamingIndicator = -1, .systemIsInPrl = 0, .defaultRoamingIndicator = 0, .reasonForDenial = 0, .cellIdentity = {.cellInfoType = WCDMA, .cellIdentityGsm = [], .cellIdentityWcdma = [{.mcc = -1, .mnc = -1, .lac = 60334, .cid = 157436644, .psc = -1, .uarfcn = -1}], .cellIdentityCdma = [], .cellIdentityLte = [], .cellIdentityTdscdma = []}} [SUB0]
05-18 13:52:43.319   853   935 D RilRequest: [3760]< VOICE_REGISTRATION_STATE error: com.android.internal.telephony.CommandException: RADIO_NOT_AVAILABLE ret={.regState = NOT_REG_MT_NOT_SEARCHING_OP, .rat = 0, .cssSupported = false, .roamingIndicator = 0, .systemIsInPrl = 0, .defaultRoamingIndicator = 0, .reasonForDenial = 0, .cellIdentity = {.cellInfoType = NONE, .cellIdentityGsm = [], .cellIdentityWcdma = [], .cellIdentityCdma = [], .cellIdentityLte = [], .cellIdentityTdscdma = []}}
05-18 13:52:43.320   853   935 D RILJ    : [3757]< QUERY_NETWORK_SELECTION_MODE {0} [SUB0]
05-18 13:52:43.321   853   935 D RILJ    : [3761]< QUERY_NETWORK_SELECTION_MODE {0} [SUB1]
05-18 13:52:43.323   853   853 D SST     : Poll ServiceState done:  oldSS=[{mVoiceRegState=1(OUT_OF_SERVICE), mDataRegState=1(OUT_OF_SERVICE), mVoiceRoamingType=home, mDataRoamingType=home, mVoiceOperatorAlphaLong=TURKCELL, mVoiceOperatorAlphaShort=TURKCELL, mDataOperatorAlphaLong=TURKCELL, mDataOperatorAlphaShort=TURKCELL, isManualNetworkSelection=false(automatic), mRilVoiceRadioTechnology=11(HSPA), mRilDataRadioTechnology=11(HSPA), mCssIndicator=unsupported, mNetworkId=-1, mSystemId=-1, mCdmaRoamingIndicator=-1, mCdmaDefaultRoamingIndicator=-1, mIsEmergencyOnly=true, mIsDataRoamingFromRegistration=false, mIsUsingCarrierAggregation=false, mLteEarfcnRsrpBoost=0}] newSS=[{mVoiceRegState=1(OUT_OF_SERVICE), mDataRegState=1(OUT_OF_SERVICE), mVoiceRoamingType=home, mDataRoamingType=home, mVoiceOperatorAlphaLong=TURKCELL, mVoiceOperatorAlphaShort=TURKCELL, mDataOperatorAlphaLong=TURKCELL, mDataOperatorAlphaShort=TURKCELL, isManualNetworkSelection=false(automatic), mRilVoiceRadioTechnology=11(HSPA), mRilDataRadioTechnology=11(HSPA), mCssIndicator=unsupported, mNetworkId=-1, mSystemId=-1, mCdmaRoamingIndicator=-1, mCdmaDefaultRoamingIndicator=-1, mIsEmergencyOnly=true, mIsDataRoamingFromRegistration=false, mIsUsingCarrierAggregation=false, mLteEarfcnRsrpBoost=0}] oldMaxDataCalls=3 mNewMaxDataCalls=3 oldReasonDataDenied=-1 mNewReasonDataDenied=-1
05-18 14:03:49.856   881   881 I sysui_action: [289,ComponentInfo{com.pax.samplesalea/com.pax.samplesalea.SaleActivity}]
05-18 14:03:49.856   881   881 I sysui_multi_action: [757,289,758,4,806,ComponentInfo{com.pax.samplesalea/com.pax.samplesalea.SaleActivity}]
05-18 14:10:46.616   853   935 D RILJ    : [3762]< OPERATOR {TURKCELL, TURKCELL, 28601} [SUB0]
05-18 14:10:46.618   853   935 D RILJ    : [3763]< DATA_REGISTRATION_STATE {.regState = NOT_REG_MT_NOT_SEARCHING_OP_EM, .rat = 11, .reasonDataDenied = -1, .maxDataCalls = 3, .cellIdentity = {.cellInfoType = WCDMA, .cellIdentityGsm = [], .cellIdentityWcdma = [{.mcc = -1, .mnc = -1, .lac = 257, .cid = 157446706, .psc = -1, .uarfcn = -1}], .cellIdentityCdma = [], .cellIdentityLte = [], .cellIdentityTdscdma = []}} [SUB0]
05-18 14:10:46.620   853   935 D RILJ    : [3764]< VOICE_REGISTRATION_STATE {.regState = NOT_REG_MT_NOT_SEARCHING_OP_EM, .rat = 11, .cssSupported = false, .roamingIndicator = -1, .systemIsInPrl = 0, .defaultRoamingIndicator = 0, .reasonForDenial = 0, .cellIdentity = {.cellInfoType = WCDMA, .cellIdentityGsm = [], .cellIdentityWcdma = [{.mcc = -1, .mnc = -1, .lac = 60334, .cid = 157446706, .psc = -1, .uarfcn = -1}], .cellIdentityCdma = [], .cellIdentityLte = [], .cellIdentityTdscdma = []}} [SUB0]
05-18 14:10:46.621   853   935 D RILJ    : [3765]< QUERY_NETWORK_SELECTION_MODE {0} [SUB0]
05-18 14:10:46.622   853   935 D RILJ    : [3766]< OPERATOR {TURKCELL, TURKCELL, 28601} [SUB0]
05-18 14:10:46.624   853   935 D RILJ    : [3767]< DATA_REGISTRATION_STATE {.regState = NOT_REG_MT_NOT_SEARCHING_OP_EM, .rat = 11, .reasonDataDenied = -1, .maxDataCalls = 3, .cellIdentity = {.cellInfoType = WCDMA, .cellIdentityGsm = [], .cellIdentityWcdma = [{.mcc = -1, .mnc = -1, .lac = 257, .cid = 157446706, .psc = -1, .uarfcn = -1}], .cellIdentityCdma = [], .cellIdentityLte = [], .cellIdentityTdscdma = []}} [SUB0]
05-18 14:10:46.625   853   935 D RILJ    : [3768]< VOICE_REGISTRATION_STATE {.regState = NOT_REG_MT_NOT_SEARCHING_OP_EM, .rat = 11, .cssSupported = false, .roamingIndicator = -1, .systemIsInPrl = 0, .defaultRoamingIndicator = 0, .reasonForDenial = 0, .cellIdentity = {.cellInfoType = WCDMA, .cellIdentityGsm = [], .cellIdentityWcdma = [{.mcc = -1, .mnc = -1, .lac = 60334, .cid = 157446706, .psc = -1, .uarfcn = -1}], .cellIdentityCdma = [], .cellIdentityLte = [], .cellIdentityTdscdma = []}} [SUB0]
05-18 14:10:46.625   853   935 D RILJ    : [3769]< QUERY_NETWORK_SELECTION_MODE {0} [SUB0]
05-18 14:10:46.627   853   853 D SST     : Poll ServiceState done:  oldSS=[{mVoiceRegState=1(OUT_OF_SERVICE), mDataRegState=1(OUT_OF_SERVICE), mVoiceRoamingType=home, mDataRoamingType=home, mVoiceOperatorAlphaLong=TURKCELL, mVoiceOperatorAlphaShort=TURKCELL, mDataOperatorAlphaLong=TURKCELL, mDataOperatorAlphaShort=TURKCELL, isManualNetworkSelection=false(automatic), mRilVoiceRadioTechnology=11(HSPA), mRilDataRadioTechnology=11(HSPA), mCssIndicator=unsupported, mNetworkId=-1, mSystemId=-1, mCdmaRoamingIndicator=-1, mCdmaDefaultRoamingIndicator=-1, mIsEmergencyOnly=true, mIsDataRoamingFromRegistration=false, mIsUsingCarrierAggregation=false, mLteEarfcnRsrpBoost=0}] newSS=[{mVoiceRegState=1(OUT_OF_SERVICE), mDataRegState=1(OUT_OF_SERVICE), mVoiceRoamingType=home, mDataRoamingType=home, mVoiceOperatorAlphaLong=TURKCELL, mVoiceOperatorAlphaShort=TURKCELL, mDataOperatorAlphaLong=TURKCELL, mDataOperatorAlphaShort=TURKCELL, isManualNetworkSelection=false(automatic), mRilVoiceRadioTechnology=11(HSPA), mRilDataRadioTechnology=11(HSPA), mCssIndicator=unsupported, mNetworkId=-1, mSystemId=-1, mCdmaRoamingIndicator=-1, mCdmaDefaultRoamingIndicator=-1, mIsEmergencyOnly=true, mIsDataRoamingFromRegistration=false, mIsUsingCarrierAggregation=false, mLteEarfcnRsrpBoost=0}] oldMaxDataCalls=3 mNewMaxDataCalls=3 oldReasonDataDenied=-1 mNewReasonDataDenied=-1
05-18 14:13:05.092   853   935 D RILJ    : [3770]< OPERATOR {TURKCELL, TURKCELL, 28601} [SUB0]
05-18 14:13:05.094   853   935 D RILJ    : [3771]< DATA_REGISTRATION_STATE {.regState = NOT_REG_MT_NOT_SEARCHING_OP_EM, .rat = 11, .reasonDataDenied = -1, .maxDataCalls = 3, .cellIdentity = {.cellInfoType = WCDMA, .cellIdentityGsm = [], .cellIdentityWcdma = [{.mcc = -1, .mnc = -1, .lac = 257, .cid = 157421557, .psc = -1, .uarfcn = -1}], .cellIdentityCdma = [], .cellIdentityLte = [], .cellIdentityTdscdma = []}} [SUB0]
05-18 14:13:05.095   853   935 D RILJ    : [3772]< VOICE_REGISTRATION_STATE {.regState = NOT_REG_MT_NOT_SEARCHING_OP_EM, .rat = 11, .cssSupported = false, .roamingIndicator = -1, .systemIsInPrl = 0, .defaultRoamingIndicator = 0, .reasonForDenial = 0, .cellIdentity = {.cellInfoType = WCDMA, .cellIdentityGsm = [], .cellIdentityWcdma = [{.mcc = -1, .mnc = -1, .lac = 60334, .cid = 157421557, .psc = -1, .uarfcn = -1}], .cellIdentityCdma = [], .cellIdentityLte = [], .cellIdentityTdscdma = []}} [SUB0]
05-18 14:13:05.096   853   935 D RILJ    : [3773]< QUERY_NETWORK_SELECTION_MODE {0} [SUB0]
05-18 14:13:05.097   853   935 D RILJ    : [3774]< OPERATOR {TURKCELL, TURKCELL, 28601} [SUB0]
05-18 14:13:05.098   853   935 D RILJ    : [3775]< DATA_REGISTRATION_STATE {.regState = NOT_REG_MT_NOT_SEARCHING_OP_EM, .rat = 11, .reasonDataDenied = -1, .maxDataCalls = 3, .cellIdentity = {.cellInfoType = WCDMA, .cellIdentityGsm = [], .cellIdentityWcdma = [{.mcc = -1, .mnc = -1, .lac = 257, .cid = 157421557, .psc = -1, .uarfcn = -1}], .cellIdentityCdma = [], .cellIdentityLte = [], .cellIdentityTdscdma = []}} [SUB0]
05-18 14:13:05.099   853   935 D RILJ    : [3776]< VOICE_REGISTRATION_STATE {.regState = NOT_REG_MT_NOT_SEARCHING_OP_EM, .rat = 11, .cssSupported = false, .roamingIndicator = -1, .systemIsInPrl = 0, .defaultRoamingIndicator = 0, .reasonForDenial = 0, .cellIdentity = {.cellInfoType = WCDMA, .cellIdentityGsm = [], .cellIdentityWcdma = [{.mcc = -1, .mnc = -1, .lac = 60334, .cid = 157421557, .psc = -1, .uarfcn = -1}], .cellIdentityCdma = [], .cellIdentityLte = [], .cellIdentityTdscdma = []}} [SUB0]
05-18 14:13:05.100   853   935 D RILJ    : [3777]< QUERY_NETWORK_SELECTION_MODE {0} [SUB0]
05-18 14:13:05.101   853   853 D SST     : Poll ServiceState done:  oldSS=[{mVoiceRegState=1(OUT_OF_SERVICE), mDataRegState=1(OUT_OF_SERVICE), mVoiceRoamingType=home, mDataRoamingType=home, mVoiceOperatorAlphaLong=TURKCELL, mVoiceOperatorAlphaShort=TURKCELL, mDataOperatorAlphaLong=TURKCELL, mDataOperatorAlphaShort=TURKCELL, isManualNetworkSelection=false(automatic), mRilVoiceRadioTechnology=11(HSPA), mRilDataRadioTechnology=11(HSPA), mCssIndicator=unsupported, mNetworkId=-1, mSystemId=-1, mCdmaRoamingIndicator=-1, mCdmaDefaultRoamingIndicator=-1, mIsEmergencyOnly=true, mIsDataRoamingFromRegistration=false, mIsUsingCarrierAggregation=false, mLteEarfcnRsrpBoost=0}] newSS=[{mVoiceRegState=1(OUT_OF_SERVICE), mDataRegState=1(OUT_OF_SERVICE), mVoiceRoamingType=home, mDataRoamingType=home, mVoiceOperatorAlphaLong=TURKCELL, mVoiceOperatorAlphaShort=TURKCELL, mDataOperatorAlphaLong=TURKCELL, mDataOperatorAlphaShort=TURKCELL, isManualNetworkSelection=false(automatic), mRilVoiceRadioTechnology=11(HSPA), mRilDataRadioTechnology=11(HSPA), mCssIndicator=unsupported, mNetworkId=-1, mSystemId=-1, mCdmaRoamingIndicator=-1, mCdmaDefaultRoamingIndicator=-1, mIsEmergencyOnly=true, mIsDataRoamingFromRegistration=false, mIsUsingCarrierAggregation=false, mLteEarfcnRsrpBoost=0}] oldMaxDataCalls=3 mNewMaxDataCalls=3 oldReasonDataDenied=-1 mNewReasonDataDenied=-1
05-18 14:28:44.223   853   935 D RILJ    : [3778]< OPERATOR {TURKCELL, TURKCELL, 28601} [SUB0]
05-18 14:28:44.225   853   935 D RILJ    : [3779]< DATA_REGISTRATION_STATE {.regState = NOT_REG_MT_NOT_SEARCHING_OP_EM, .rat = 11, .reasonDataDenied = -1, .maxDataCalls = 3, .cellIdentity = {.cellInfoType = WCDMA, .cellIdentityGsm = [], .cellIdentityWcdma = [{.mcc = -1, .mnc = -1, .lac = 257, .cid = 157456452, .psc = -1, .uarfcn = -1}], .cellIdentityCdma = [], .cellIdentityLte = [], .cellIdentityTdscdma = []}} [SUB0]
05-18 14:28:44.227   853   935 D RILJ    : [3780]< VOICE_REGISTRATION_STATE {.regState = NOT_REG_MT_NOT_SEARCHING_OP_EM, .rat = 11, .cssSupported = false, .roamingIndicator = -1, .systemIsInPrl = 0, .defaultRoamingIndicator = 0, .reasonForDenial = 0, .cellIdentity = {.cellInfoType = WCDMA, .cellIdentityGsm = [], .cellIdentityWcdma = [{.mcc = -1, .mnc = -1, .lac = 60334, .cid = 157456452, .psc = -1, .uarfcn = -1}], .cellIdentityCdma = [], .cellIdentityLte = [], .cellIdentityTdscdma = []}} [SUB0]
05-18 14:28:44.228   853   935 D RILJ    : [3781]< QUERY_NETWORK_SELECTION_MODE {0} [SUB0]
05-18 14:28:44.230   853   935 D RILJ    : [3782]< OPERATOR {TURKCELL, TURKCELL, 28601} [SUB0]
05-18 14:28:44.233   853   935 D RILJ    : [3783]< DATA_REGISTRATION_STATE {.regState = NOT_REG_MT_NOT_SEARCHING_OP_EM, .rat = 11, .reasonDataDenied = -1, .maxDataCalls = 3, .cellIdentity = {.cellInfoType = WCDMA, .cellIdentityGsm = [], .cellIdentityWcdma = [{.mcc = -1, .mnc = -1, .lac = 257, .cid = 157456452, .psc = -1, .uarfcn = -1}], .cellIdentityCdma = [], .cellIdentityLte = [], .cellIdentityTdscdma = []}} [SUB0]
05-18 14:28:44.235   853   935 D RILJ    : [3784]< VOICE_REGISTRATION_STATE {.regState = NOT_REG_MT_NOT_SEARCHING_OP_EM, .rat = 11, .cssSupported = false, .roamingIndicator = -1, .systemIsInPrl = 0, .defaultRoamingIndicator = 0, .reasonForDenial = 0, .cellIdentity = {.cellInfoType = WCDMA, .cellIdentityGsm = [], .cellIdentityWcdma = [{.mcc = -1, .mnc = -1, .lac = 60334, .cid = 157456452, .psc = -1, .uarfcn = -1}], .cellIdentityCdma = [], .cellIdentityLte = [], .cellIdentityTdscdma = []}} [SUB0]
05-18 14:28:44.235   853   935 D RILJ    : [3785]< QUERY_NETWORK_SELECTION_MODE {0} [SUB0]
05-18 14:28:44.238   853   853 D SST     : Poll ServiceState done:  oldSS=[{mVoiceRegState=1(OUT_OF_SERVICE), mDataRegState=1(OUT_OF_SERVICE), mVoiceRoamingType=home, mDataRoamingType=home, mVoiceOperatorAlphaLong=TURKCELL, mVoiceOperatorAlphaShort=TURKCELL, mDataOperatorAlphaLong=TURKCELL, mDataOperatorAlphaShort=TURKCELL, isManualNetworkSelection=false(automatic), mRilVoiceRadioTechnology=11(HSPA), mRilDataRadioTechnology=11(HSPA), mCssIndicator=unsupported, mNetworkId=-1, mSystemId=-1, mCdmaRoamingIndicator=-1, mCdmaDefaultRoamingIndicator=-1, mIsEmergencyOnly=true, mIsDataRoamingFromRegistration=false, mIsUsingCarrierAggregation=false, mLteEarfcnRsrpBoost=0}] newSS=[{mVoiceRegState=1(OUT_OF_SERVICE), mDataRegState=1(OUT_OF_SERVICE), mVoiceRoamingType=home, mDataRoamingType=home, mVoiceOperatorAlphaLong=TURKCELL, mVoiceOperatorAlphaShort=TURKCELL, mDataOperatorAlphaLong=TURKCELL, mDataOperatorAlphaShort=TURKCELL, isManualNetworkSelection=false(automatic), mRilVoiceRadioTechnology=11(HSPA), mRilDataRadioTechnology=11(HSPA), mCssIndicator=unsupported, mNetworkId=-1, mSystemId=-1, mCdmaRoamingIndicator=-1, mCdmaDefaultRoamingIndicator=-1, mIsEmergencyOnly=true, mIsDataRoamingFromRegistration=false, mIsUsingCarrierAggregation=false, mLteEarfcnRsrpBoost=0}] oldMaxDataCalls=3 mNewMaxDataCalls=3 oldReasonDataDenied=-1 mNewReasonDataDenied=-1
05-18 14:42:57.741   881   881 I sysui_action: [289,ComponentInfo{com.pax.samplesalea/com.pax.samplesalea.SaleActivity}]
05-18 14:42:57.741   881   881 I sysui_multi_action: [757,289,758,4,806,ComponentInfo{com.pax.samplesalea/com.pax.samplesalea.SaleActivity}]
05-18 14:58:19.182   881   881 I sysui_action: [289,ComponentInfo{com.pax.samplesalea/com.pax.samplesalea.SaleActivity}]
05-18 14:58:19.182   881   881 I sysui_multi_action: [757,289,758,4,806,ComponentInfo{com.pax.samplesalea/com.pax.samplesalea.SaleActivity}]
05-18 15:06:25.662   881   881 I sysui_action: [289,ComponentInfo{com.pax.samplesalea/com.pax.samplesalea.SaleActivity}]
05-18 15:06:25.662   881   881 I sysui_multi_action: [757,289,758,4,806,ComponentInfo{com.pax.samplesalea/com.pax.samplesalea.SaleActivity}]
05-18 15:06:26.200   458   458 I auditd  : type=1400 audit(0.0:51): avc: denied { read } for comm="Binder:458_2" name="exe" dev="proc" ino=94963 scontext=u:r:systoold:s0 tcontext=u:r:system_server:s0 tclass=lnk_file permissive=1
05-18 15:06:26.740   458   458 I auditd  : type=1400 audit(0.0:52): avc: denied { read } for comm="Binder:458_2" name="exe" dev="proc" ino=94963 scontext=u:r:systoold:s0 tcontext=u:r:system_server:s0 tclass=lnk_file permissive=1
05-18 15:06:36.240   486   486 I auditd  : type=1400 audit(0.0:53): avc: denied { write } for comm="libgps_daemon" name="property_service" dev="tmpfs" ino=5198 scontext=u:r:hal_gnss_ext_default:s0 tcontext=u:object_r:property_socket:s0 tclass=sock_file permissive=0
05-18 15:06:37.640   458   458 I auditd  : type=1400 audit(0.0:54): avc: denied { read } for comm="Binder:458_2" name="exe" dev="proc" ino=94963 scontext=u:r:systoold:s0 tcontext=u:r:system_server:s0 tclass=lnk_file permissive=1
05-18 15:06:41.730   458   458 I auditd  : type=1400 audit(0.0:55): avc: denied { read } for comm="Binder:458_2" name="exe" dev="proc" ino=94963 scontext=u:r:systoold:s0 tcontext=u:r:system_server:s0 tclass=lnk_file permissive=1
05-18 15:08:36.905   296   444 D ENGPC   : parse_event: event { 'change', '/devices/platform/battery/power_supply/battery', 'power_supply', '' }
05-18 15:08:36.908   296   444 D ENGPC   : parse_event: event { 'change', '/devices/platform/battery/power_supply/battery', 'power_supply', '' }
05-18 15:08:36.913   669   669 D BroadcastQueue: Add broadcast <BroadcastRecord{2069f5c u-1 android.intent.action.BATTERY_CHANGED}> into [parallel | background], pending size 0
05-18 15:08:36.919   669   683 D BroadcastQueue: Done with parallel broadcast [background] [BroadcastRecord{2069f5c u-1 android.intent.action.BATTERY_CHANGED}]
05-18 15:08:39.215 14188 14217 I appium  : AppiumResponse: {"sessionId":"74f12314-28c1-4523-b58d-76d0d6d9b4ff","value":{"height":1440,"width":720}}
05-18 15:08:39.327 14188 14217 I appium  : [20107314 (success)] Synthesized: MotionEvent { action=ACTION_DOWN, actionButton=0, id[0]=0, x[0]=360.0, y[0]=1152.0, toolType[0]=TOOL_TYPE_FINGER, buttonState=0, metaState=0, flags=0x0, edgeFlags=0x0, pointerCount=1, historySize=0, eventTime=20107314, downTime=20107307, deviceId=0, source=0x1002 }
05-18 15:08:39.343 14188 14217 I appium  : [20107329 (success)] Synthesized: MotionEvent { action=ACTION_MOVE, actionButton=0, id[0]=0, x[0]=360.0, y[0]=1152.0, toolType[0]=TOOL_TYPE_FINGER, buttonState=0, metaState=0, flags=0x0, edgeFlags=0x0, pointerCount=1, historySize=0, eventTime=20107329, downTime=20107307, deviceId=0, source=0x1002 }
05-18 15:08:39.376 14188 14217 I appium  : [20107349 (success)] Synthesized: MotionEvent { action=ACTION_MOVE, actionButton=0, id[0]=0, x[0]=360.0, y[0]=1092.4138, toolType[0]=TOOL_TYPE_FINGER, buttonState=0, metaState=0, flags=0x0, edgeFlags=0x0, pointerCount=1, historySize=0, eventTime=20107349, downTime=20107307, deviceId=0, source=0x1002 }
05-18 15:08:39.394 14188 14217 I appium  : [20107376 (success)] Synthesized: MotionEvent { action=ACTION_MOVE, actionButton=0, id[0]=0, x[0]=360.0, y[0]=1062.6207, toolType[0]=TOOL_TYPE_FINGER, buttonState=0, metaState=0, flags=0x0, edgeFlags=0x0, pointerCount=1, historySize=0, eventTime=20107376, downTime=20107307, deviceId=0, source=0x1002 }
05-18 15:08:39.407 14188 14217 I appium  : [20107393 (success)] Synthesized: MotionEvent { action=ACTION_MOVE, actionButton=0, id[0]=0, x[0]=360.0, y[0]=1032.8276, toolType[0]=TOOL_TYPE_FINGER, buttonState=0, metaState=0, flags=0x0, edgeFlags=0x0, pointerCount=1, historySize=0, eventTime=20107393, downTime=20107307, deviceId=0, source=0x1002 }
05-18 15:08:39.438 14188 14217 I appium  : [20107409 (success)] Synthesized: MotionEvent { action=ACTION_MOVE, actionButton=0, id[0]=0, x[0]=360.0, y[0]=1003.0345, toolType[0]=TOOL_TYPE_FINGER, buttonState=0, metaState=0, flags=0x0, edgeFlags=0x0, pointerCount=1, historySize=0, eventTime=20107409, downTime=20107307, deviceId=0, source=0x1002 }
05-18 15:08:39.451 14188 14217 I appium  : [20107438 (success)] Synthesized: MotionEvent { action=ACTION_MOVE, actionButton=0, id[0]=0, x[0]=360.0, y[0]=973.2414, toolType[0]=TOOL_TYPE_FINGER, buttonState=0, metaState=0, flags=0x0, edgeFlags=0x0, pointerCount=1, historySize=0, eventTime=20107438, downTime=20107307, deviceId=0, source=0x1002 }
05-18 15:08:39.468 14188 14217 I appium  : [20107450 (success)] Synthesized: MotionEvent { action=ACTION_MOVE, actionButton=0, id[0]=0, x[0]=360.0, y[0]=943.44824, toolType[0]=TOOL_TYPE_FINGER, buttonState=0, metaState=0, flags=0x0, edgeFlags=0x0, pointerCount=1, historySize=0, eventTime=20107450, downTime=20107307, deviceId=0, source=0x1002 }
05-18 15:08:39.484 14188 14217 I appium  : [20107469 (success)] Synthesized: MotionEvent { action=ACTION_MOVE, actionButton=0, id[0]=0, x[0]=360.0, y[0]=913.65515, toolType[0]=TOOL_TYPE_FINGER, buttonState=0, metaState=0, flags=0x0, edgeFlags=0x0, pointerCount=1, historySize=0, eventTime=20107469, downTime=20107307, deviceId=0, source=0x1002 }
05-18 15:08:39.513 14188 14217 I appium  : [20107489 (success)] Synthesized: MotionEvent { action=ACTION_MOVE, actionButton=0, id[0]=0, x[0]=360.0, y[0]=883.86206, toolType[0]=TOOL_TYPE_FINGER, buttonState=0, metaState=0, flags=0x0, edgeFlags=0x0, pointerCount=1, historySize=0, eventTime=20107489, downTime=20107307, deviceId=0, source=0x1002 }
05-18 15:08:39.530 14188 14217 I appium  : [20107514 (success)] Synthesized: MotionEvent { action=ACTION_MOVE, actionButton=0, id[0]=0, x[0]=360.0, y[0]=854.069, toolType[0]=TOOL_TYPE_FINGER, buttonState=0, metaState=0, flags=0x0, edgeFlags=0x0, pointerCount=1, historySize=0, eventTime=20107514, downTime=20107307, deviceId=0, source=0x1002 }
05-18 15:08:39.549 14188 14217 I appium  : [20107530 (success)] Synthesized: MotionEvent { action=ACTION_MOVE, actionButton=0, id[0]=0, x[0]=360.0, y[0]=824.2759, toolType[0]=TOOL_TYPE_FINGER, buttonState=0, metaState=0, flags=0x0, edgeFlags=0x0, pointerCount=1, historySize=0, eventTime=20107530, downTime=20107307, deviceId=0, source=0x1002 }
05-18 15:08:39.576 14188 14217 I appium  : [20107549 (success)] Synthesized: MotionEvent { action=ACTION_MOVE, actionButton=0, id[0]=0, x[0]=360.0, y[0]=794.4828, toolType[0]=TOOL_TYPE_FINGER, buttonState=0, metaState=0, flags=0x0, edgeFlags=0x0, pointerCount=1, historySize=0, eventTime=20107549, downTime=20107307, deviceId=0, source=0x1002 }
05-18 15:08:39.607 14188 14217 I appium  : [20107584 (success)] Synthesized: MotionEvent { action=ACTION_MOVE, actionButton=0, id[0]=0, x[0]=360.0, y[0]=764.68964, toolType[0]=TOOL_TYPE_FINGER, buttonState=0, metaState=0, flags=0x0, edgeFlags=0x0, pointerCount=1, historySize=0, eventTime=20107584, downTime=20107307, deviceId=0, source=0x1002 }
05-18 15:08:39.622 14188 14217 I appium  : [20107608 (success)] Synthesized: MotionEvent { action=ACTION_MOVE, actionButton=0, id[0]=0, x[0]=360.0, y[0]=734.89655, toolType[0]=TOOL_TYPE_FINGER, buttonState=0, metaState=0, flags=0x0, edgeFlags=0x0, pointerCount=1, historySize=0, eventTime=20107608, downTime=20107307, deviceId=0, source=0x1002 }
05-18 15:08:39.651 14188 14217 I appium  : [20107627 (success)] Synthesized: MotionEvent { action=ACTION_MOVE, actionButton=0, id[0]=0, x[0]=360.0, y[0]=705.1034, toolType[0]=TOOL_TYPE_FINGER, buttonState=0, metaState=0, flags=0x0, edgeFlags=0x0, pointerCount=1, historySize=0, eventTime=20107627, downTime=20107307, deviceId=0, source=0x1002 }
05-18 15:08:39.668 14188 14217 I appium  : [20107652 (success)] Synthesized: MotionEvent { action=ACTION_MOVE, actionButton=0, id[0]=0, x[0]=360.0, y[0]=675.3103, toolType[0]=TOOL_TYPE_FINGER, buttonState=0, metaState=0, flags=0x0, edgeFlags=0x0, pointerCount=1, historySize=0, eventTime=20107652, downTime=20107307, deviceId=0, source=0x1002 }
05-18 15:08:39.683 14188 14217 I appium  : [20107667 (success)] Synthesized: MotionEvent { action=ACTION_MOVE, actionButton=0, id[0]=0, x[0]=360.0, y[0]=645.5172, toolType[0]=TOOL_TYPE_FINGER, buttonState=0, metaState=0, flags=0x0, edgeFlags=0x0, pointerCount=1, historySize=0, eventTime=20107667, downTime=20107307, deviceId=0, source=0x1002 }
05-18 15:08:39.698 14188 14217 I appium  : [20107682 (success)] Synthesized: MotionEvent { action=ACTION_MOVE, actionButton=0, id[0]=0, x[0]=360.0, y[0]=615.7241, toolType[0]=TOOL_TYPE_FINGER, buttonState=0, metaState=0, flags=0x0, edgeFlags=0x0, pointerCount=1, historySize=0, eventTime=20107682, downTime=20107307, deviceId=0, source=0x1002 }
05-18 15:08:39.713 14188 14217 I appium  : [20107697 (success)] Synthesized: MotionEvent { action=ACTION_MOVE, actionButton=0, id[0]=0, x[0]=360.0, y[0]=585.931, toolType[0]=TOOL_TYPE_FINGER, buttonState=0, metaState=0, flags=0x0, edgeFlags=0x0, pointerCount=1, historySize=0, eventTime=20107697, downTime=20107307, deviceId=0, source=0x1002 }
05-18 15:08:39.729 14188 14217 I appium  : [20107712 (success)] Synthesized: MotionEvent { action=ACTION_MOVE, actionButton=0, id[0]=0, x[0]=360.0, y[0]=556.13794, toolType[0]=TOOL_TYPE_FINGER, buttonState=0, metaState=0, flags=0x0, edgeFlags=0x0, pointerCount=1, historySize=0, eventTime=20107712, downTime=20107307, deviceId=0, source=0x1002 }
05-18 15:08:39.745 14188 14217 I appium  : [20107730 (success)] Synthesized: MotionEvent { action=ACTION_MOVE, actionButton=0, id[0]=0, x[0]=360.0, y[0]=526.3448, toolType[0]=TOOL_TYPE_FINGER, buttonState=0, metaState=0, flags=0x0, edgeFlags=0x0, pointerCount=1, historySize=0, eventTime=20107730, downTime=20107307, deviceId=0, source=0x1002 }
05-18 15:08:39.776 14188 14217 I appium  : [20107749 (success)] Synthesized: MotionEvent { action=ACTION_MOVE, actionButton=0, id[0]=0, x[0]=360.0, y[0]=496.5517, toolType[0]=TOOL_TYPE_FINGER, buttonState=0, metaState=0, flags=0x0, edgeFlags=0x0, pointerCount=1, historySize=0, eventTime=20107749, downTime=20107307, deviceId=0, source=0x1002 }
05-18 15:08:39.790 14188 14217 I appium  : [20107776 (success)] Synthesized: MotionEvent { action=ACTION_MOVE, actionButton=0, id[0]=0, x[0]=360.0, y[0]=466.7586, toolType[0]=TOOL_TYPE_FINGER, buttonState=0, metaState=0, flags=0x0, edgeFlags=0x0, pointerCount=1, historySize=0, eventTime=20107776, downTime=20107307, deviceId=0, source=0x1002 }
05-18 15:08:39.806 14188 14217 I appium  : [20107790 (success)] Synthesized: MotionEvent { action=ACTION_MOVE, actionButton=0, id[0]=0, x[0]=360.0, y[0]=436.9655, toolType[0]=TOOL_TYPE_FINGER, buttonState=0, metaState=0, flags=0x0, edgeFlags=0x0, pointerCount=1, historySize=0, eventTime=20107790, downTime=20107307, deviceId=0, source=0x1002 }
05-18 15:08:39.821 14188 14217 I appium  : [20107809 (success)] Synthesized: MotionEvent { action=ACTION_MOVE, actionButton=0, id[0]=0, x[0]=360.0, y[0]=407.17242, toolType[0]=TOOL_TYPE_FINGER, buttonState=0, metaState=0, flags=0x0, edgeFlags=0x0, pointerCount=1, historySize=0, eventTime=20107809, downTime=20107307, deviceId=0, source=0x1002 }
05-18 15:08:39.852 14188 14217 I appium  : [20107829 (success)] Synthesized: MotionEvent { action=ACTION_MOVE, actionButton=0, id[0]=0, x[0]=360.0, y[0]=377.37927, toolType[0]=TOOL_TYPE_FINGER, buttonState=0, metaState=0, flags=0x0, edgeFlags=0x0, pointerCount=1, historySize=0, eventTime=20107829, downTime=20107307, deviceId=0, source=0x1002 }
05-18 15:08:39.868 14188 14217 I appium  : [20107851 (success)] Synthesized: MotionEvent { action=ACTION_MOVE, actionButton=0, id[0]=0, x[0]=360.0, y[0]=347.58618, toolType[0]=TOOL_TYPE_FINGER, buttonState=0, metaState=0, flags=0x0, edgeFlags=0x0, pointerCount=1, historySize=0, eventTime=20107851, downTime=20107307, deviceId=0, source=0x1002 }
05-18 15:08:39.882 14188 14217 I appium  : [20107869 (success)] Synthesized: MotionEvent { action=ACTION_MOVE, actionButton=0, id[0]=0, x[0]=360.0, y[0]=317.7931, toolType[0]=TOOL_TYPE_FINGER, buttonState=0, metaState=0, flags=0x0, edgeFlags=0x0, pointerCount=1, historySize=0, eventTime=20107869, downTime=20107307, deviceId=0, source=0x1002 }
05-18 15:08:39.914 14188 14217 I appium  : [20107889 (success)] Synthesized: MotionEvent { action=ACTION_MOVE, actionButton=0, id[0]=0, x[0]=360.0, y[0]=288.0, toolType[0]=TOOL_TYPE_FINGER, buttonState=0, metaState=0, flags=0x0, edgeFlags=0x0, pointerCount=1, historySize=0, eventTime=20107889, downTime=20107307, deviceId=0, source=0x1002 }
05-18 15:08:39.923 14188 14217 I appium  : [20107913 (success)] Synthesized: MotionEvent { action=ACTION_UP, actionButton=0, id[0]=0, x[0]=360.0, y[0]=288.0, toolType[0]=TOOL_TYPE_FINGER, buttonState=0, metaState=0, flags=0x0, edgeFlags=0x0, pointerCount=1, historySize=0, eventTime=20107913, downTime=20107307, deviceId=0, source=0x1002 }
05-18 15:08:39.934 14188 14217 I appium  : AppiumResponse: {"sessionId":"74f12314-28c1-4523-b58d-76d0d6d9b4ff","value":null}
05-18 15:08:40.264 14188 14217 I appium  : AppiumResponse: {"sessionId":"74f12314-28c1-4523-b58d-76d0d6d9b4ff","value":{"ELEMENT":"00000000-0000-011e-ffff-ffff00000002","element-6066-11e4-a52e-4f735466cecf":"00000000-0000-011e-ffff-ffff00000002"}}
05-18 15:08:40.314 14188 14217 I appium  : AppiumResponse: {"sessionId":"74f12314-28c1-4523-b58d-76d0d6d9b4ff","value":"true"}
05-18 15:08:40.415 14188 14217 I appium  : AppiumResponse: {"sessionId":"74f12314-28c1-4523-b58d-76d0d6d9b4ff","value":null}
05-18 15:08:40.462   669   925 D WindowManager: Input focus has changed to Window{4a8cb3a u0 PopupWindow:717732a}
05-18 15:08:40.701 14188 14217 I appium  : AppiumResponse: {"sessionId":"74f12314-28c1-4523-b58d-76d0d6d9b4ff","value":{"ELEMENT":"00000000-0000-0127-ffff-ffff00000033","element-6066-11e4-a52e-4f735466cecf":"00000000-0000-0127-ffff-ffff00000033"}}
05-18 15:08:41.283   296   444 D ENGPC   : parse_event: event { 'change', '/devices/virtual/xt_idletimer/timers', 'xt_idletimer', '' }
05-18 15:08:41.296   669  8686 D WindowManager: Input focus has changed to Window{a16a60c u0 com.pax.samplesalea/com.pax.samplesalea.SaleActivity}
05-18 15:08:42.063 14188 14217 I appium  : AppiumResponse: {"sessionId":"74f12314-28c1-4523-b58d-76d0d6d9b4ff","value":null}
05-18 15:08:42.158 14188 14217 I appium  : AppiumResponse: {"sessionId":"74f12314-28c1-4523-b58d-76d0d6d9b4ff","value":{"ELEMENT":"00000000-0000-011e-ffff-ffff00000023","element-6066-11e4-a52e-4f735466cecf":"00000000-0000-011e-ffff-ffff00000023"}}
05-18 15:08:42.230 14188 14217 I appium  : AppiumResponse: {"sessionId":"74f12314-28c1-4523-b58d-76d0d6d9b4ff","value":null}
05-18 15:08:42.315   669  8686 D BroadcastQueue: Add broadcast <BroadcastRecord{2a663eb u0 com.pax.intent.action.TransactionRequest}> into [ordered | background], pending size 0
05-18 15:08:42.315   669  8686 D BroadcastQueue: Header is BroadcastRecord{2a663eb u0 com.pax.intent.action.TransactionRequest} now
05-18 15:08:42.330   669  8686 I ActivityManager: START u0 {flg=0x10008000 pkg=com.pax.samplesalea cmp=com.pax.mainapp/.ManagerActivity (has extras)} from uid 10050, pid 2154
05-18 15:08:42.331   669  8686 W ActivityManager: startActivity ActivityRecord r=ActivityRecord{60c5548 u0 com.pax.mainapp/.ManagerActivity t-1}
05-18 15:08:42.349   669  8686 I ActivityManager: ->startActivity for ActivityRecord{60c5548 u0 com.pax.mainapp/.ManagerActivity t251} result:0
05-18 15:08:42.353   669  8686 D BroadcastQueue: Finished with ordered broadcast BroadcastRecord{2a663eb u0 com.pax.intent.action.TransactionRequest} receivers:(1) take 38ms in [background], remains 0
05-18 15:08:42.610 14188 14217 I appium  : AppiumResponse: {"sessionId":"74f12314-28c1-4523-b58d-76d0d6d9b4ff","value":{"error":"no such element","message":"An element could not be located on the page using the given search parameters","stacktrace":"io.appium.uiautomator2.common.exceptions.ElementNotFoundException: An element could not be located on the page using the given search parameters\n\tat io.appium.uiautomator2.utils.ElementLocationHelpers.findElement(ElementLocationHelpers.java:153)\n\tat io.appium.uiautomator2.handler.FindElement.safeHandle(FindElement.java:60)\n\tat io.appium.uiautomator2.handler.request.SafeRequestHandler.handle(SafeRequestHandler.java:59)\n\tat io.appium.uiautomator2.server.AppiumServlet.handleRequest(AppiumServlet.java:267)\n\tat io.appium.uiautomator2.server.AppiumServlet.handleHttpRequest(AppiumServlet.java:261)\n\tat io.appium.uiautomator2.http.ServerHandler.channelRead(ServerHandler.java:77)\n\tat io.netty.channel.AbstractChannelHandlerContext.fireChannelRead(AbstractChannelHandlerContext.java:356)\n\tat io.netty.handler.codec.MessageToMessageDecoder.channelRead(MessageToMessageDecoder.java:107)\n\tat io.netty.channel.AbstractChannelHandlerContext.fireChannelRead(AbstractChannelHandlerContext.java:356)\n\tat io.netty.channel.CombinedChannelDuplexHandler$DelegatingChannelHandlerContext.fireChannelRead(CombinedChannelDuplexHandler.java:434)\n\tat io.netty.handler.codec.ByteToMessageDecoder.fireChannelRead(ByteToMessageDecoder.java:346)\n\tat io.netty.handler.codec.ByteToMessageDecoder.channelRead(ByteToMessageDecoder.java:318)\n\tat io.netty.channel.CombinedChannelDuplexHandler.channelRead(CombinedChannelDuplexHandler.java:249)\n\tat io.netty.channel.AbstractChannelHandlerContext.fireChannelRead(AbstractChannelHandlerContext.java:354)\n\tat io.netty.handler.timeout.IdleStateHandler.channelRead(IdleStateHandler.java:293)\n\tat io.netty.channel.AbstractChannelHandlerContext.fireChannelRead(AbstractChannelHandlerContext.java:354)\n\tat io.netty.channel.DefaultChannelPipeline$HeadContext.channelRead(DefaultChannelPipeline.java:1429)\n\tat io.netty.channel.DefaultChannelPipeline.fireChannelRead(DefaultChannelPipeline.java:918)\n\tat io.netty.channel.nio.AbstractNioByteChannel$NioByteUnsafe.read(AbstractNioByteChannel.java:168)\n\tat io.netty.channel.nio.AbstractNioChannel$AbstractNioUnsafe.handle(AbstractNioChannel.java:445)\n\tat io.netty.channel.nio.NioIoHandler$DefaultNioRegistration.handle(NioIoHandler.java:388)\n\tat io.netty.channel.nio.NioIoHandler.processSelectedKey(NioIoHandler.java:596)\n\tat io.netty.channel.nio.NioIoHandler.processSelectedKeysOptimized(NioIoHandler.java:571)\n\tat io.netty.channel.nio.NioIoHandler.processSelectedKeys(NioIoHandler.java:512)\n\tat io.netty.channel.nio.NioIoHandler.run(NioIoHandler.java:484)\n\tat io.netty.channel.SingleThreadIoEventLoop.runIo(SingleThreadIoEventLoop.java:225)\n\tat io.netty.channel.SingleThreadIoEventLoop.run(SingleThreadIoEventLoop.java:196)\n\tat io.netty.util.concurrent.SingleThreadEventExecutor$5.run(SingleThreadEventExecutor.java:1193)\n\tat io.netty.util.internal.ThreadExecutorMap$2.run(ThreadExecutorMap.java:74)\n\tat io.netty.util.concurrent.FastThreadLocalRunnable.run(FastThreadLocalRunnable.java:30)\n\tat java.lang.Thread.run(Thread.java:764)\n"}}
05-18 15:08:42.646   669  8686 D WindowManager: Input focus has changed to Window{ac0db89 u0 com.pax.mainapp/com.pax.mainapp.ManagerActivity}
05-18 15:08:42.809   669   669 D BroadcastQueue: Add broadcast <BroadcastRecord{d52a745 u0 com.pax.refresh.inputMedthod}> into [parallel | background], pending size 0
05-18 15:08:42.810   669   683 D BroadcastQueue: Done with parallel broadcast [background] [BroadcastRecord{d52a745 u0 com.pax.refresh.inputMedthod}]
05-18 15:08:43.248 12090 12107 D TransactionReceiver: Received: {"eventData":{"installmentCount":0,"slipInfo":{"detail":-1,"needPrint":true,"printType":0},"tranNo":0,"tranType":98,"transactionId":"82f4b2d4-6612-4d1a-abde-280540d29a8e","vuk507Info":false},"eventResponse":{"binLength":0},"menuEvent":{"eventData":{"menuType":"merchant_menu"},"eventResponse":{},"baseResponse":{},"eventHeader":{"version":"1.0"}},"settlementEvent":{"eventResponse":{},"baseResponse":{},"eventHeader":{"version":"1.0"}},"baseResponse":{},"eventHeader":{"command":"is","type":"vertical","version":"1.0"}}
05-18 15:08:43.368 14188 14217 I appium  : AppiumResponse: {"sessionId":"74f12314-28c1-4523-b58d-76d0d6d9b4ff","value":{"error":"no such element","message":"An element could not be located on the page using the given search parameters","stacktrace":"io.appium.uiautomator2.common.exceptions.ElementNotFoundException: An element could not be located on the page using the given search parameters\n\tat io.appium.uiautomator2.utils.ElementLocationHelpers.findElement(ElementLocationHelpers.java:153)\n\tat io.appium.uiautomator2.handler.FindElement.safeHandle(FindElement.java:60)\n\tat io.appium.uiautomator2.handler.request.SafeRequestHandler.handle(SafeRequestHandler.java:59)\n\tat io.appium.uiautomator2.server.AppiumServlet.handleRequest(AppiumServlet.java:267)\n\tat io.appium.uiautomator2.server.AppiumServlet.handleHttpRequest(AppiumServlet.java:261)\n\tat io.appium.uiautomator2.http.ServerHandler.channelRead(ServerHandler.java:77)\n\tat io.netty.channel.AbstractChannelHandlerContext.fireChannelRead(AbstractChannelHandlerContext.java:356)\n\tat io.netty.handler.codec.MessageToMessageDecoder.channelRead(MessageToMessageDecoder.java:107)\n\tat io.netty.channel.AbstractChannelHandlerContext.fireChannelRead(AbstractChannelHandlerContext.java:356)\n\tat io.netty.channel.CombinedChannelDuplexHandler$DelegatingChannelHandlerContext.fireChannelRead(CombinedChannelDuplexHandler.java:434)\n\tat io.netty.handler.codec.ByteToMessageDecoder.fireChannelRead(ByteToMessageDecoder.java:346)\n\tat io.netty.handler.codec.ByteToMessageDecoder.channelRead(ByteToMessageDecoder.java:318)\n\tat io.netty.channel.CombinedChannelDuplexHandler.channelRead(CombinedChannelDuplexHandler.java:249)\n\tat io.netty.channel.AbstractChannelHandlerContext.fireChannelRead(AbstractChannelHandlerContext.java:354)\n\tat io.netty.handler.timeout.IdleStateHandler.channelRead(IdleStateHandler.java:293)\n\tat io.netty.channel.AbstractChannelHandlerContext.fireChannelRead(AbstractChannelHandlerContext.java:354)\n\tat io.netty.channel.DefaultChannelPipeline$HeadContext.channelRead(DefaultChannelPipeline.java:1429)\n\tat io.netty.channel.DefaultChannelPipeline.fireChannelRead(DefaultChannelPipeline.java:918)\n\tat io.netty.channel.nio.AbstractNioByteChannel$NioByteUnsafe.read(AbstractNioByteChannel.java:168)\n\tat io.netty.channel.nio.AbstractNioChannel$AbstractNioUnsafe.handle(AbstractNioChannel.java:445)\n\tat io.netty.channel.nio.NioIoHandler$DefaultNioRegistration.handle(NioIoHandler.java:388)\n\tat io.netty.channel.nio.NioIoHandler.processSelectedKey(NioIoHandler.java:596)\n\tat io.netty.channel.nio.NioIoHandler.processSelectedKeysOptimized(NioIoHandler.java:571)\n\tat io.netty.channel.nio.NioIoHandler.processSelectedKeys(NioIoHandler.java:512)\n\tat io.netty.channel.nio.NioIoHandler.run(NioIoHandler.java:484)\n\tat io.netty.channel.SingleThreadIoEventLoop.runIo(SingleThreadIoEventLoop.java:225)\n\tat io.netty.channel.SingleThreadIoEventLoop.run(SingleThreadIoEventLoop.java:196)\n\tat io.netty.util.concurrent.SingleThreadEventExecutor$5.run(SingleThreadEventExecutor.java:1193)\n\tat io.netty.util.internal.ThreadExecutorMap$2.run(ThreadExecutorMap.java:74)\n\tat io.netty.util.concurrent.FastThreadLocalRunnable.run(FastThreadLocalRunnable.java:30)\n\tat java.lang.Thread.run(Thread.java:764)\n"}}
05-18 15:08:43.655   669  8686 I ActivityManager: START u0 {flg=0x10010000 cmp=com.pax.mainapp/.StarterActivity (has extras)} from uid 10050, pid 2154
05-18 15:08:43.655   669  8686 W ActivityManager: startActivity ActivityRecord r=ActivityRecord{b7b72c1 u0 com.pax.mainapp/.StarterActivity t-1}
05-18 15:08:43.667   669  8686 I ActivityManager: ->startActivity for ActivityRecord{b7b72c1 u0 com.pax.mainapp/.StarterActivity t251} result:0
05-18 15:08:43.751   669  8686 I ActivityManager: START u0 {act=com.pax.intent.action.EVENT flg=0x10020 cmp=com.pax.techpos/.StarterActivity (has extras)} from uid 10050, pid 2154
05-18 15:08:43.758   669  8686 W ActivityManager: startActivity ActivityRecord r=ActivityRecord{60b79fd u0 com.pax.techpos/.StarterActivity t-1}
05-18 15:08:43.780   669  8686 I ActivityManager: ->startActivity for ActivityRecord{60b79fd u0 com.pax.techpos/.StarterActivity t251} result:0
05-18 15:08:44.009 14188 14217 I appium  : AppiumResponse: {"sessionId":"74f12314-28c1-4523-b58d-76d0d6d9b4ff","value":{"error":"no such element","message":"An element could not be located on the page using the given search parameters","stacktrace":"io.appium.uiautomator2.common.exceptions.ElementNotFoundException: An element could not be located on the page using the given search parameters\n\tat io.appium.uiautomator2.utils.ElementLocationHelpers.findElement(ElementLocationHelpers.java:153)\n\tat io.appium.uiautomator2.handler.FindElement.safeHandle(FindElement.java:60)\n\tat io.appium.uiautomator2.handler.request.SafeRequestHandler.handle(SafeRequestHandler.java:59)\n\tat io.appium.uiautomator2.server.AppiumServlet.handleRequest(AppiumServlet.java:267)\n\tat io.appium.uiautomator2.server.AppiumServlet.handleHttpRequest(AppiumServlet.java:261)\n\tat io.appium.uiautomator2.http.ServerHandler.channelRead(ServerHandler.java:77)\n\tat io.netty.channel.AbstractChannelHandlerContext.fireChannelRead(AbstractChannelHandlerContext.java:356)\n\tat io.netty.handler.codec.MessageToMessageDecoder.channelRead(MessageToMessageDecoder.java:107)\n\tat io.netty.channel.AbstractChannelHandlerContext.fireChannelRead(AbstractChannelHandlerContext.java:356)\n\tat io.netty.channel.CombinedChannelDuplexHandler$DelegatingChannelHandlerContext.fireChannelRead(CombinedChannelDuplexHandler.java:434)\n\tat io.netty.handler.codec.ByteToMessageDecoder.fireChannelRead(ByteToMessageDecoder.java:346)\n\tat io.netty.handler.codec.ByteToMessageDecoder.channelRead(ByteToMessageDecoder.java:318)\n\tat io.netty.channel.CombinedChannelDuplexHandler.channelRead(CombinedChannelDuplexHandler.java:249)\n\tat io.netty.channel.AbstractChannelHandlerContext.fireChannelRead(AbstractChannelHandlerContext.java:354)\n\tat io.netty.handler.timeout.IdleStateHandler.channelRead(IdleStateHandler.java:293)\n\tat io.netty.channel.AbstractChannelHandlerContext.fireChannelRead(AbstractChannelHandlerContext.java:354)\n\tat io.netty.channel.DefaultChannelPipeline$HeadContext.channelRead(DefaultChannelPipeline.java:1429)\n\tat io.netty.channel.DefaultChannelPipeline.fireChannelRead(DefaultChannelPipeline.java:918)\n\tat io.netty.channel.nio.AbstractNioByteChannel$NioByteUnsafe.read(AbstractNioByteChannel.java:168)\n\tat io.netty.channel.nio.AbstractNioChannel$AbstractNioUnsafe.handle(AbstractNioChannel.java:445)\n\tat io.netty.channel.nio.NioIoHandler$DefaultNioRegistration.handle(NioIoHandler.java:388)\n\tat io.netty.channel.nio.NioIoHandler.processSelectedKey(NioIoHandler.java:596)\n\tat io.netty.channel.nio.NioIoHandler.processSelectedKeysOptimized(NioIoHandler.java:571)\n\tat io.netty.channel.nio.NioIoHandler.processSelectedKeys(NioIoHandler.java:512)\n\tat io.netty.channel.nio.NioIoHandler.run(NioIoHandler.java:484)\n\tat io.netty.channel.SingleThreadIoEventLoop.runIo(SingleThreadIoEventLoop.java:225)\n\tat io.netty.channel.SingleThreadIoEventLoop.run(SingleThreadIoEventLoop.java:196)\n\tat io.netty.util.concurrent.SingleThreadEventExecutor$5.run(SingleThreadEventExecutor.java:1193)\n\tat io.netty.util.internal.ThreadExecutorMap$2.run(ThreadExecutorMap.java:74)\n\tat io.netty.util.concurrent.FastThreadLocalRunnable.run(FastThreadLocalRunnable.java:30)\n\tat java.lang.Thread.run(Thread.java:764)\n"}}
05-18 15:08:44.430   669  8686 I ActivityManager: START u0 {act=com.pax.techpos.USER_ACTION_MENU cmp=com.pax.techpos/.MainActivity (has extras)} from uid 10055, pid 12090
05-18 15:08:44.431   669  8686 W ActivityManager: startActivity ActivityRecord r=ActivityRecord{fd2d03e u0 com.pax.techpos/.MainActivity t-1}
05-18 15:08:44.440   669  8686 I ActivityManager: ->startActivity for ActivityRecord{fd2d03e u0 com.pax.techpos/.MainActivity t251} result:0
05-18 15:08:44.654 14188 14217 I appium  : AppiumResponse: {"sessionId":"74f12314-28c1-4523-b58d-76d0d6d9b4ff","value":{"error":"no such element","message":"An element could not be located on the page using the given search parameters","stacktrace":"io.appium.uiautomator2.common.exceptions.ElementNotFoundException: An element could not be located on the page using the given search parameters\n\tat io.appium.uiautomator2.utils.ElementLocationHelpers.findElement(ElementLocationHelpers.java:153)\n\tat io.appium.uiautomator2.handler.FindElement.safeHandle(FindElement.java:60)\n\tat io.appium.uiautomator2.handler.request.SafeRequestHandler.handle(SafeRequestHandler.java:59)\n\tat io.appium.uiautomator2.server.AppiumServlet.handleRequest(AppiumServlet.java:267)\n\tat io.appium.uiautomator2.server.AppiumServlet.handleHttpRequest(AppiumServlet.java:261)\n\tat io.appium.uiautomator2.http.ServerHandler.channelRead(ServerHandler.java:77)\n\tat io.netty.channel.AbstractChannelHandlerContext.fireChannelRead(AbstractChannelHandlerContext.java:356)\n\tat io.netty.handler.codec.MessageToMessageDecoder.channelRead(MessageToMessageDecoder.java:107)\n\tat io.netty.channel.AbstractChannelHandlerContext.fireChannelRead(AbstractChannelHandlerContext.java:356)\n\tat io.netty.channel.CombinedChannelDuplexHandler$DelegatingChannelHandlerContext.fireChannelRead(CombinedChannelDuplexHandler.java:434)\n\tat io.netty.handler.codec.ByteToMessageDecoder.fireChannelRead(ByteToMessageDecoder.java:346)\n\tat io.netty.handler.codec.ByteToMessageDecoder.channelRead(ByteToMessageDecoder.java:318)\n\tat io.netty.channel.CombinedChannelDuplexHandler.channelRead(CombinedChannelDuplexHandler.java:249)\n\tat io.netty.channel.AbstractChannelHandlerContext.fireChannelRead(AbstractChannelHandlerContext.java:354)\n\tat io.netty.handler.timeout.IdleStateHandler.channelRead(IdleStateHandler.java:293)\n\tat io.netty.channel.AbstractChannelHandlerContext.fireChannelRead(AbstractChannelHandlerContext.java:354)\n\tat io.netty.channel.DefaultChannelPipeline$HeadContext.channelRead(DefaultChannelPipeline.java:1429)\n\tat io.netty.channel.DefaultChannelPipeline.fireChannelRead(DefaultChannelPipeline.java:918)\n\tat io.netty.channel.nio.AbstractNioByteChannel$NioByteUnsafe.read(AbstractNioByteChannel.java:168)\n\tat io.netty.channel.nio.AbstractNioChannel$AbstractNioUnsafe.handle(AbstractNioChannel.java:445)\n\tat io.netty.channel.nio.NioIoHandler$DefaultNioRegistration.handle(NioIoHandler.java:388)\n\tat io.netty.channel.nio.NioIoHandler.processSelectedKey(NioIoHandler.java:596)\n\tat io.netty.channel.nio.NioIoHandler.processSelectedKeysOptimized(NioIoHandler.java:571)\n\tat io.netty.channel.nio.NioIoHandler.processSelectedKeys(NioIoHandler.java:512)\n\tat io.netty.channel.nio.NioIoHandler.run(NioIoHandler.java:484)\n\tat io.netty.channel.SingleThreadIoEventLoop.runIo(SingleThreadIoEventLoop.java:225)\n\tat io.netty.channel.SingleThreadIoEventLoop.run(SingleThreadIoEventLoop.java:196)\n\tat io.netty.util.concurrent.SingleThreadEventExecutor$5.run(SingleThreadEventExecutor.java:1193)\n\tat io.netty.util.internal.ThreadExecutorMap$2.run(ThreadExecutorMap.java:74)\n\tat io.netty.util.concurrent.FastThreadLocalRunnable.run(FastThreadLocalRunnable.java:30)\n\tat java.lang.Thread.run(Thread.java:764)\n"}}
05-18 15:08:45.282 14188 14217 I appium  : AppiumResponse: {"sessionId":"74f12314-28c1-4523-b58d-76d0d6d9b4ff","value":{"error":"no such element","message":"An element could not be located on the page using the given search parameters","stacktrace":"io.appium.uiautomator2.common.exceptions.ElementNotFoundException: An element could not be located on the page using the given search parameters\n\tat io.appium.uiautomator2.utils.ElementLocationHelpers.findElement(ElementLocationHelpers.java:153)\n\tat io.appium.uiautomator2.handler.FindElement.safeHandle(FindElement.java:60)\n\tat io.appium.uiautomator2.handler.request.SafeRequestHandler.handle(SafeRequestHandler.java:59)\n\tat io.appium.uiautomator2.server.AppiumServlet.handleRequest(AppiumServlet.java:267)\n\tat io.appium.uiautomator2.server.AppiumServlet.handleHttpRequest(AppiumServlet.java:261)\n\tat io.appium.uiautomator2.http.ServerHandler.channelRead(ServerHandler.java:77)\n\tat io.netty.channel.AbstractChannelHandlerContext.fireChannelRead(AbstractChannelHandlerContext.java:356)\n\tat io.netty.handler.codec.MessageToMessageDecoder.channelRead(MessageToMessageDecoder.java:107)\n\tat io.netty.channel.AbstractChannelHandlerContext.fireChannelRead(AbstractChannelHandlerContext.java:356)\n\tat io.netty.channel.CombinedChannelDuplexHandler$DelegatingChannelHandlerContext.fireChannelRead(CombinedChannelDuplexHandler.java:434)\n\tat io.netty.handler.codec.ByteToMessageDecoder.fireChannelRead(ByteToMessageDecoder.java:346)\n\tat io.netty.handler.codec.ByteToMessageDecoder.channelRead(ByteToMessageDecoder.java:318)\n\tat io.netty.channel.CombinedChannelDuplexHandler.channelRead(CombinedChannelDuplexHandler.java:249)\n\tat io.netty.channel.AbstractChannelHandlerContext.fireChannelRead(AbstractChannelHandlerContext.java:354)\n\tat io.netty.handler.timeout.IdleStateHandler.channelRead(IdleStateHandler.java:293)\n\tat io.netty.channel.AbstractChannelHandlerContext.fireChannelRead(AbstractChannelHandlerContext.java:354)\n\tat io.netty.channel.DefaultChannelPipeline$HeadContext.channelRead(DefaultChannelPipeline.java:1429)\n\tat io.netty.channel.DefaultChannelPipeline.fireChannelRead(DefaultChannelPipeline.java:918)\n\tat io.netty.channel.nio.AbstractNioByteChannel$NioByteUnsafe.read(AbstractNioByteChannel.java:168)\n\tat io.netty.channel.nio.AbstractNioChannel$AbstractNioUnsafe.handle(AbstractNioChannel.java:445)\n\tat io.netty.channel.nio.NioIoHandler$DefaultNioRegistration.handle(NioIoHandler.java:388)\n\tat io.netty.channel.nio.NioIoHandler.processSelectedKey(NioIoHandler.java:596)\n\tat io.netty.channel.nio.NioIoHandler.processSelectedKeysOptimized(NioIoHandler.java:571)\n\tat io.netty.channel.nio.NioIoHandler.processSelectedKeys(NioIoHandler.java:512)\n\tat io.netty.channel.nio.NioIoHandler.run(NioIoHandler.java:484)\n\tat io.netty.channel.SingleThreadIoEventLoop.runIo(SingleThreadIoEventLoop.java:225)\n\tat io.netty.channel.SingleThreadIoEventLoop.run(SingleThreadIoEventLoop.java:196)\n\tat io.netty.util.concurrent.SingleThreadEventExecutor$5.run(SingleThreadEventExecutor.java:1193)\n\tat io.netty.util.internal.ThreadExecutorMap$2.run(ThreadExecutorMap.java:74)\n\tat io.netty.util.concurrent.FastThreadLocalRunnable.run(FastThreadLocalRunnable.java:30)\n\tat java.lang.Thread.run(Thread.java:764)\n"}}
05-18 15:08:45.589   669  8686 D WindowManager: Input focus has changed to Window{e258e31 u0 com.pax.techpos/com.pax.techpos.MainActivity}
05-18 15:08:46.080   669  8686 I ActivityManager: START u0 {cmp=com.pax.techpos/com.pax.easypos.display.ActivityPosPed (has extras)} from uid 10055, pid 12090
05-18 15:08:46.081   669  8686 W ActivityManager: startActivity ActivityRecord r=ActivityRecord{da80cf0 u0 com.pax.techpos/com.pax.easypos.display.ActivityPosPed t-1}
05-18 15:08:46.094   669  8686 I ActivityManager: ->startActivity for ActivityRecord{da80cf0 u0 com.pax.techpos/com.pax.easypos.display.ActivityPosPed t251} result:0
05-18 15:08:46.941 14188 14217 I appium  : AppiumResponse: {"sessionId":"74f12314-28c1-4523-b58d-76d0d6d9b4ff","value":{"error":"no such element","message":"An element could not be located on the page using the given search parameters","stacktrace":"io.appium.uiautomator2.common.exceptions.ElementNotFoundException: An element could not be located on the page using the given search parameters\n\tat io.appium.uiautomator2.utils.ElementLocationHelpers.findElement(ElementLocationHelpers.java:153)\n\tat io.appium.uiautomator2.handler.FindElement.safeHandle(FindElement.java:60)\n\tat io.appium.uiautomator2.handler.request.SafeRequestHandler.handle(SafeRequestHandler.java:59)\n\tat io.appium.uiautomator2.server.AppiumServlet.handleRequest(AppiumServlet.java:267)\n\tat io.appium.uiautomator2.server.AppiumServlet.handleHttpRequest(AppiumServlet.java:261)\n\tat io.appium.uiautomator2.http.ServerHandler.channelRead(ServerHandler.java:77)\n\tat io.netty.channel.AbstractChannelHandlerContext.fireChannelRead(AbstractChannelHandlerContext.java:356)\n\tat io.netty.handler.codec.MessageToMessageDecoder.channelRead(MessageToMessageDecoder.java:107)\n\tat io.netty.channel.AbstractChannelHandlerContext.fireChannelRead(AbstractChannelHandlerContext.java:356)\n\tat io.netty.channel.CombinedChannelDuplexHandler$DelegatingChannelHandlerContext.fireChannelRead(CombinedChannelDuplexHandler.java:434)\n\tat io.netty.handler.codec.ByteToMessageDecoder.fireChannelRead(ByteToMessageDecoder.java:346)\n\tat io.netty.handler.codec.ByteToMessageDecoder.channelRead(ByteToMessageDecoder.java:318)\n\tat io.netty.channel.CombinedChannelDuplexHandler.channelRead(CombinedChannelDuplexHandler.java:249)\n\tat io.netty.channel.AbstractChannelHandlerContext.fireChannelRead(AbstractChannelHandlerContext.java:354)\n\tat io.netty.handler.timeout.IdleStateHandler.channelRead(IdleStateHandler.java:293)\n\tat io.netty.channel.AbstractChannelHandlerContext.fireChannelRead(AbstractChannelHandlerContext.java:354)\n\tat io.netty.channel.DefaultChannelPipeline$HeadContext.channelRead(DefaultChannelPipeline.java:1429)\n\tat io.netty.channel.DefaultChannelPipeline.fireChannelRead(DefaultChannelPipeline.java:918)\n\tat io.netty.channel.nio.AbstractNioByteChannel$NioByteUnsafe.read(AbstractNioByteChannel.java:168)\n\tat io.netty.channel.nio.AbstractNioChannel$AbstractNioUnsafe.handle(AbstractNioChannel.java:445)\n\tat io.netty.channel.nio.NioIoHandler$DefaultNioRegistration.handle(NioIoHandler.java:388)\n\tat io.netty.channel.nio.NioIoHandler.processSelectedKey(NioIoHandler.java:596)\n\tat io.netty.channel.nio.NioIoHandler.processSelectedKeysOptimized(NioIoHandler.java:571)\n\tat io.netty.channel.nio.NioIoHandler.processSelectedKeys(NioIoHandler.java:512)\n\tat io.netty.channel.nio.NioIoHandler.run(NioIoHandler.java:484)\n\tat io.netty.channel.SingleThreadIoEventLoop.runIo(SingleThreadIoEventLoop.java:225)\n\tat io.netty.channel.SingleThreadIoEventLoop.run(SingleThreadIoEventLoop.java:196)\n\tat io.netty.util.concurrent.SingleThreadEventExecutor$5.run(SingleThreadEventExecutor.java:1193)\n\tat io.netty.util.internal.ThreadExecutorMap$2.run(ThreadExecutorMap.java:74)\n\tat io.netty.util.concurrent.FastThreadLocalRunnable.run(FastThreadLocalRunnable.java:30)\n\tat java.lang.Thread.run(Thread.java:764)\n"}}
05-18 15:08:47.250   669   925 D WindowManager: Input focus has changed to Window{e3c8a08 u0 com.pax.techpos/com.pax.easypos.display.ActivityPosPed}
05-18 15:08:48.297 14188 14217 I appium  : AppiumResponse: {"sessionId":"74f12314-28c1-4523-b58d-76d0d6d9b4ff","value":{"error":"no such element","message":"An element could not be located on the page using the given search parameters","stacktrace":"io.appium.uiautomator2.common.exceptions.ElementNotFoundException: An element could not be located on the page using the given search parameters\n\tat io.appium.uiautomator2.utils.ElementLocationHelpers.findElement(ElementLocationHelpers.java:153)\n\tat io.appium.uiautomator2.handler.FindElement.safeHandle(FindElement.java:60)\n\tat io.appium.uiautomator2.handler.request.SafeRequestHandler.handle(SafeRequestHandler.java:59)\n\tat io.appium.uiautomator2.server.AppiumServlet.handleRequest(AppiumServlet.java:267)\n\tat io.appium.uiautomator2.server.AppiumServlet.handleHttpRequest(AppiumServlet.java:261)\n\tat io.appium.uiautomator2.http.ServerHandler.channelRead(ServerHandler.java:77)\n\tat io.netty.channel.AbstractChannelHandlerContext.fireChannelRead(AbstractChannelHandlerContext.java:356)\n\tat io.netty.handler.codec.MessageToMessageDecoder.channelRead(MessageToMessageDecoder.java:107)\n\tat io.netty.channel.AbstractChannelHandlerContext.fireChannelRead(AbstractChannelHandlerContext.java:356)\n\tat io.netty.channel.CombinedChannelDuplexHandler$DelegatingChannelHandlerContext.fireChannelRead(CombinedChannelDuplexHandler.java:434)\n\tat io.netty.handler.codec.ByteToMessageDecoder.fireChannelRead(ByteToMessageDecoder.java:346)\n\tat io.netty.handler.codec.ByteToMessageDecoder.channelRead(ByteToMessageDecoder.java:318)\n\tat io.netty.channel.CombinedChannelDuplexHandler.channelRead(CombinedChannelDuplexHandler.java:249)\n\tat io.netty.channel.AbstractChannelHandlerContext.fireChannelRead(AbstractChannelHandlerContext.java:354)\n\tat io.netty.handler.timeout.IdleStateHandler.channelRead(IdleStateHandler.java:293)\n\tat io.netty.channel.AbstractChannelHandlerContext.fireChannelRead(AbstractChannelHandlerContext.java:354)\n\tat io.netty.channel.DefaultChannelPipeline$HeadContext.channelRead(DefaultChannelPipeline.java:1429)\n\tat io.netty.channel.DefaultChannelPipeline.fireChannelRead(DefaultChannelPipeline.java:918)\n\tat io.netty.channel.nio.AbstractNioByteChannel$NioByteUnsafe.read(AbstractNioByteChannel.java:168)\n\tat io.netty.channel.nio.AbstractNioChannel$AbstractNioUnsafe.handle(AbstractNioChannel.java:445)\n\tat io.netty.channel.nio.NioIoHandler$DefaultNioRegistration.handle(NioIoHandler.java:388)\n\tat io.netty.channel.nio.NioIoHandler.processSelectedKey(NioIoHandler.java:596)\n\tat io.netty.channel.nio.NioIoHandler.processSelectedKeysOptimized(NioIoHandler.java:571)\n\tat io.netty.channel.nio.NioIoHandler.processSelectedKeys(NioIoHandler.java:512)\n\tat io.netty.channel.nio.NioIoHandler.run(NioIoHandler.java:484)\n\tat io.netty.channel.SingleThreadIoEventLoop.runIo(SingleThreadIoEventLoop.java:225)\n\tat io.netty.channel.SingleThreadIoEventLoop.run(SingleThreadIoEventLoop.java:196)\n\tat io.netty.util.concurrent.SingleThreadEventExecutor$5.run(SingleThreadEventExecutor.java:1193)\n\tat io.netty.util.internal.ThreadExecutorMap$2.run(ThreadExecutorMap.java:74)\n\tat io.netty.util.concurrent.FastThreadLocalRunnable.run(FastThreadLocalRunnable.java:30)\n\tat java.lang.Thread.run(Thread.java:764)\n"}}
05-18 15:08:49.050 14188 14217 I appium  : AppiumResponse: {"sessionId":"74f12314-28c1-4523-b58d-76d0d6d9b4ff","value":{"error":"no such element","message":"An element could not be located on the page using the given search parameters","stacktrace":"io.appium.uiautomator2.common.exceptions.ElementNotFoundException: An element could not be located on the page using the given search parameters\n\tat io.appium.uiautomator2.utils.ElementLocationHelpers.findElement(ElementLocationHelpers.java:153)\n\tat io.appium.uiautomator2.handler.FindElement.safeHandle(FindElement.java:60)\n\tat io.appium.uiautomator2.handler.request.SafeRequestHandler.handle(SafeRequestHandler.java:59)\n\tat io.appium.uiautomator2.server.AppiumServlet.handleRequest(AppiumServlet.java:267)\n\tat io.appium.uiautomator2.server.AppiumServlet.handleHttpRequest(AppiumServlet.java:261)\n\tat io.appium.uiautomator2.http.ServerHandler.channelRead(ServerHandler.java:77)\n\tat io.netty.channel.AbstractChannelHandlerContext.fireChannelRead(AbstractChannelHandlerContext.java:356)\n\tat io.netty.handler.codec.MessageToMessageDecoder.channelRead(MessageToMessageDecoder.java:107)\n\tat io.netty.channel.AbstractChannelHandlerContext.fireChannelRead(AbstractChannelHandlerContext.java:356)\n\tat io.netty.channel.CombinedChannelDuplexHandler$DelegatingChannelHandlerContext.fireChannelRead(CombinedChannelDuplexHandler.java:434)\n\tat io.netty.handler.codec.ByteToMessageDecoder.fireChannelRead(ByteToMessageDecoder.java:346)\n\tat io.netty.handler.codec.ByteToMessageDecoder.channelRead(ByteToMessageDecoder.java:318)\n\tat io.netty.channel.CombinedChannelDuplexHandler.channelRead(CombinedChannelDuplexHandler.java:249)\n\tat io.netty.channel.AbstractChannelHandlerContext.fireChannelRead(AbstractChannelHandlerContext.java:354)\n\tat io.netty.handler.timeout.IdleStateHandler.channelRead(IdleStateHandler.java:293)\n\tat io.netty.channel.AbstractChannelHandlerContext.fireChannelRead(AbstractChannelHandlerContext.java:354)\n\tat io.netty.channel.DefaultChannelPipeline$HeadContext.channelRead(DefaultChannelPipeline.java:1429)\n\tat io.netty.channel.DefaultChannelPipeline.fireChannelRead(DefaultChannelPipeline.java:918)\n\tat io.netty.channel.nio.AbstractNioByteChannel$NioByteUnsafe.read(AbstractNioByteChannel.java:168)\n\tat io.netty.channel.nio.AbstractNioChannel$AbstractNioUnsafe.handle(AbstractNioChannel.java:445)\n\tat io.netty.channel.nio.NioIoHandler$DefaultNioRegistration.handle(NioIoHandler.java:388)\n\tat io.netty.channel.nio.NioIoHandler.processSelectedKey(NioIoHandler.java:596)\n\tat io.netty.channel.nio.NioIoHandler.processSelectedKeysOptimized(NioIoHandler.java:571)\n\tat io.netty.channel.nio.NioIoHandler.processSelectedKeys(NioIoHandler.java:512)\n\tat io.netty.channel.nio.NioIoHandler.run(NioIoHandler.java:484)\n\tat io.netty.channel.SingleThreadIoEventLoop.runIo(SingleThreadIoEventLoop.java:225)\n\tat io.netty.channel.SingleThreadIoEventLoop.run(SingleThreadIoEventLoop.java:196)\n\tat io.netty.util.concurrent.SingleThreadEventExecutor$5.run(SingleThreadEventExecutor.java:1193)\n\tat io.netty.util.internal.ThreadExecutorMap$2.run(ThreadExecutorMap.java:74)\n\tat io.netty.util.concurrent.FastThreadLocalRunnable.run(FastThreadLocalRunnable.java:30)\n\tat java.lang.Thread.run(Thread.java:764)\n"}}
05-18 15:08:49.784 14188 14217 I appium  : AppiumResponse: {"sessionId":"74f12314-28c1-4523-b58d-76d0d6d9b4ff","value":{"error":"no such element","message":"An element could not be located on the page using the given search parameters","stacktrace":"io.appium.uiautomator2.common.exceptions.ElementNotFoundException: An element could not be located on the page using the given search parameters\n\tat io.appium.uiautomator2.utils.ElementLocationHelpers.findElement(ElementLocationHelpers.java:153)\n\tat io.appium.uiautomator2.handler.FindElement.safeHandle(FindElement.java:60)\n\tat io.appium.uiautomator2.handler.request.SafeRequestHandler.handle(SafeRequestHandler.java:59)\n\tat io.appium.uiautomator2.server.AppiumServlet.handleRequest(AppiumServlet.java:267)\n\tat io.appium.uiautomator2.server.AppiumServlet.handleHttpRequest(AppiumServlet.java:261)\n\tat io.appium.uiautomator2.http.ServerHandler.channelRead(ServerHandler.java:77)\n\tat io.netty.channel.AbstractChannelHandlerContext.fireChannelRead(AbstractChannelHandlerContext.java:356)\n\tat io.netty.handler.codec.MessageToMessageDecoder.channelRead(MessageToMessageDecoder.java:107)\n\tat io.netty.channel.AbstractChannelHandlerContext.fireChannelRead(AbstractChannelHandlerContext.java:356)\n\tat io.netty.channel.CombinedChannelDuplexHandler$DelegatingChannelHandlerContext.fireChannelRead(CombinedChannelDuplexHandler.java:434)\n\tat io.netty.handler.codec.ByteToMessageDecoder.fireChannelRead(ByteToMessageDecoder.java:346)\n\tat io.netty.handler.codec.ByteToMessageDecoder.channelRead(ByteToMessageDecoder.java:318)\n\tat io.netty.channel.CombinedChannelDuplexHandler.channelRead(CombinedChannelDuplexHandler.java:249)\n\tat io.netty.channel.AbstractChannelHandlerContext.fireChannelRead(AbstractChannelHandlerContext.java:354)\n\tat io.netty.handler.timeout.IdleStateHandler.channelRead(IdleStateHandler.java:293)\n\tat io.netty.channel.AbstractChannelHandlerContext.fireChannelRead(AbstractChannelHandlerContext.java:354)\n\tat io.netty.channel.DefaultChannelPipeline$HeadContext.channelRead(DefaultChannelPipeline.java:1429)\n\tat io.netty.channel.DefaultChannelPipeline.fireChannelRead(DefaultChannelPipeline.java:918)\n\tat io.netty.channel.nio.AbstractNioByteChannel$NioByteUnsafe.read(AbstractNioByteChannel.java:168)\n\tat io.netty.channel.nio.AbstractNioChannel$AbstractNioUnsafe.handle(AbstractNioChannel.java:445)\n\tat io.netty.channel.nio.NioIoHandler$DefaultNioRegistration.handle(NioIoHandler.java:388)\n\tat io.netty.channel.nio.NioIoHandler.processSelectedKey(NioIoHandler.java:596)\n\tat io.netty.channel.nio.NioIoHandler.processSelectedKeysOptimized(NioIoHandler.java:571)\n\tat io.netty.channel.nio.NioIoHandler.processSelectedKeys(NioIoHandler.java:512)\n\tat io.netty.channel.nio.NioIoHandler.run(NioIoHandler.java:484)\n\tat io.netty.channel.SingleThreadIoEventLoop.runIo(SingleThreadIoEventLoop.java:225)\n\tat io.netty.channel.SingleThreadIoEventLoop.run(SingleThreadIoEventLoop.java:196)\n\tat io.netty.util.concurrent.SingleThreadEventExecutor$5.run(SingleThreadEventExecutor.java:1193)\n\tat io.netty.util.internal.ThreadExecutorMap$2.run(ThreadExecutorMap.java:74)\n\tat io.netty.util.concurrent.FastThreadLocalRunnable.run(FastThreadLocalRunnable.java:30)\n\tat java.lang.Thread.run(Thread.java:764)\n"}}
05-18 15:08:50.493 14188 14217 I appium  : AppiumResponse: {"sessionId":"74f12314-28c1-4523-b58d-76d0d6d9b4ff","value":{"error":"no such element","message":"An element could not be located on the page using the given search parameters","stacktrace":"io.appium.uiautomator2.common.exceptions.ElementNotFoundException: An element could not be located on the page using the given search parameters\n\tat io.appium.uiautomator2.utils.ElementLocationHelpers.findElement(ElementLocationHelpers.java:153)\n\tat io.appium.uiautomator2.handler.FindElement.safeHandle(FindElement.java:60)\n\tat io.appium.uiautomator2.handler.request.SafeRequestHandler.handle(SafeRequestHandler.java:59)\n\tat io.appium.uiautomator2.server.AppiumServlet.handleRequest(AppiumServlet.java:267)\n\tat io.appium.uiautomator2.server.AppiumServlet.handleHttpRequest(AppiumServlet.java:261)\n\tat io.appium.uiautomator2.http.ServerHandler.channelRead(ServerHandler.java:77)\n\tat io.netty.channel.AbstractChannelHandlerContext.fireChannelRead(AbstractChannelHandlerContext.java:356)\n\tat io.netty.handler.codec.MessageToMessageDecoder.channelRead(MessageToMessageDecoder.java:107)\n\tat io.netty.channel.AbstractChannelHandlerContext.fireChannelRead(AbstractChannelHandlerContext.java:356)\n\tat io.netty.channel.CombinedChannelDuplexHandler$DelegatingChannelHandlerContext.fireChannelRead(CombinedChannelDuplexHandler.java:434)\n\tat io.netty.handler.codec.ByteToMessageDecoder.fireChannelRead(ByteToMessageDecoder.java:346)\n\tat io.netty.handler.codec.ByteToMessageDecoder.channelRead(ByteToMessageDecoder.java:318)\n\tat io.netty.channel.CombinedChannelDuplexHandler.channelRead(CombinedChannelDuplexHandler.java:249)\n\tat io.netty.channel.AbstractChannelHandlerContext.fireChannelRead(AbstractChannelHandlerContext.java:354)\n\tat io.netty.handler.timeout.IdleStateHandler.channelRead(IdleStateHandler.java:293)\n\tat io.netty.channel.AbstractChannelHandlerContext.fireChannelRead(AbstractChannelHandlerContext.java:354)\n\tat io.netty.channel.DefaultChannelPipeline$HeadContext.channelRead(DefaultChannelPipeline.java:1429)\n\tat io.netty.channel.DefaultChannelPipeline.fireChannelRead(DefaultChannelPipeline.java:918)\n\tat io.netty.channel.nio.AbstractNioByteChannel$NioByteUnsafe.read(AbstractNioByteChannel.java:168)\n\tat io.netty.channel.nio.AbstractNioChannel$AbstractNioUnsafe.handle(AbstractNioChannel.java:445)\n\tat io.netty.channel.nio.NioIoHandler$DefaultNioRegistration.handle(NioIoHandler.java:388)\n\tat io.netty.channel.nio.NioIoHandler.processSelectedKey(NioIoHandler.java:596)\n\tat io.netty.channel.nio.NioIoHandler.processSelectedKeysOptimized(NioIoHandler.java:571)\n\tat io.netty.channel.nio.NioIoHandler.processSelectedKeys(NioIoHandler.java:512)\n\tat io.netty.channel.nio.NioIoHandler.run(NioIoHandler.java:484)\n\tat io.netty.channel.SingleThreadIoEventLoop.runIo(SingleThreadIoEventLoop.java:225)\n\tat io.netty.channel.SingleThreadIoEventLoop.run(SingleThreadIoEventLoop.java:196)\n\tat io.netty.util.concurrent.SingleThreadEventExecutor$5.run(SingleThreadEventExecutor.java:1193)\n\tat io.netty.util.internal.ThreadExecutorMap$2.run(ThreadExecutorMap.java:74)\n\tat io.netty.util.concurrent.FastThreadLocalRunnable.run(FastThreadLocalRunnable.java:30)\n\tat java.lang.Thread.run(Thread.java:764)\n"}}
05-18 15:08:51.203 14188 14217 I appium  : AppiumResponse: {"sessionId":"74f12314-28c1-4523-b58d-76d0d6d9b4ff","value":{"error":"no such element","message":"An element could not be located on the page using the given search parameters","stacktrace":"io.appium.uiautomator2.common.exceptions.ElementNotFoundException: An element could not be located on the page using the given search parameters\n\tat io.appium.uiautomator2.utils.ElementLocationHelpers.findElement(ElementLocationHelpers.java:153)\n\tat io.appium.uiautomator2.handler.FindElement.safeHandle(FindElement.java:60)\n\tat io.appium.uiautomator2.handler.request.SafeRequestHandler.handle(SafeRequestHandler.java:59)\n\tat io.appium.uiautomator2.server.AppiumServlet.handleRequest(AppiumServlet.java:267)\n\tat io.appium.uiautomator2.server.AppiumServlet.handleHttpRequest(AppiumServlet.java:261)\n\tat io.appium.uiautomator2.http.ServerHandler.channelRead(ServerHandler.java:77)\n\tat io.netty.channel.AbstractChannelHandlerContext.fireChannelRead(AbstractChannelHandlerContext.java:356)\n\tat io.netty.handler.codec.MessageToMessageDecoder.channelRead(MessageToMessageDecoder.java:107)\n\tat io.netty.channel.AbstractChannelHandlerContext.fireChannelRead(AbstractChannelHandlerContext.java:356)\n\tat io.netty.channel.CombinedChannelDuplexHandler$DelegatingChannelHandlerContext.fireChannelRead(CombinedChannelDuplexHandler.java:434)\n\tat io.netty.handler.codec.ByteToMessageDecoder.fireChannelRead(ByteToMessageDecoder.java:346)\n\tat io.netty.handler.codec.ByteToMessageDecoder.channelRead(ByteToMessageDecoder.java:318)\n\tat io.netty.channel.CombinedChannelDuplexHandler.channelRead(CombinedChannelDuplexHandler.java:249)\n\tat io.netty.channel.AbstractChannelHandlerContext.fireChannelRead(AbstractChannelHandlerContext.java:354)\n\tat io.netty.handler.timeout.IdleStateHandler.channelRead(IdleStateHandler.java:293)\n\tat io.netty.channel.AbstractChannelHandlerContext.fireChannelRead(AbstractChannelHandlerContext.java:354)\n\tat io.netty.channel.DefaultChannelPipeline$HeadContext.channelRead(DefaultChannelPipeline.java:1429)\n\tat io.netty.channel.DefaultChannelPipeline.fireChannelRead(DefaultChannelPipeline.java:918)\n\tat io.netty.channel.nio.AbstractNioByteChannel$NioByteUnsafe.read(AbstractNioByteChannel.java:168)\n\tat io.netty.channel.nio.AbstractNioChannel$AbstractNioUnsafe.handle(AbstractNioChannel.java:445)\n\tat io.netty.channel.nio.NioIoHandler$DefaultNioRegistration.handle(NioIoHandler.java:388)\n\tat io.netty.channel.nio.NioIoHandler.processSelectedKey(NioIoHandler.java:596)\n\tat io.netty.channel.nio.NioIoHandler.processSelectedKeysOptimized(NioIoHandler.java:571)\n\tat io.netty.channel.nio.NioIoHandler.processSelectedKeys(NioIoHandler.java:512)\n\tat io.netty.channel.nio.NioIoHandler.run(NioIoHandler.java:484)\n\tat io.netty.channel.SingleThreadIoEventLoop.runIo(SingleThreadIoEventLoop.java:225)\n\tat io.netty.channel.SingleThreadIoEventLoop.run(SingleThreadIoEventLoop.java:196)\n\tat io.netty.util.concurrent.SingleThreadEventExecutor$5.run(SingleThreadEventExecutor.java:1193)\n\tat io.netty.util.internal.ThreadExecutorMap$2.run(ThreadExecutorMap.java:74)\n\tat io.netty.util.concurrent.FastThreadLocalRunnable.run(FastThreadLocalRunnable.java:30)\n\tat java.lang.Thread.run(Thread.java:764)\n"}}
05-18 15:08:51.894   296   444 D ENGPC   : parse_event: event { 'change', '/devices/platform/battery/power_supply/battery', 'power_supply', '' }
05-18 15:08:51.895   296   444 D ENGPC   : parse_event: event { 'change', '/devices/platform/battery/power_supply/battery', 'power_supply', '' }
05-18 15:08:51.902 14188 14217 I appium  : AppiumResponse: {"sessionId":"74f12314-28c1-4523-b58d-76d0d6d9b4ff","value":{"error":"no such element","message":"An element could not be located on the page using the given search parameters","stacktrace":"io.appium.uiautomator2.common.exceptions.ElementNotFoundException: An element could not be located on the page using the given search parameters\n\tat io.appium.uiautomator2.utils.ElementLocationHelpers.findElement(ElementLocationHelpers.java:153)\n\tat io.appium.uiautomator2.handler.FindElement.safeHandle(FindElement.java:60)\n\tat io.appium.uiautomator2.handler.request.SafeRequestHandler.handle(SafeRequestHandler.java:59)\n\tat io.appium.uiautomator2.server.AppiumServlet.handleRequest(AppiumServlet.java:267)\n\tat io.appium.uiautomator2.server.AppiumServlet.handleHttpRequest(AppiumServlet.java:261)\n\tat io.appium.uiautomator2.http.ServerHandler.channelRead(ServerHandler.java:77)\n\tat io.netty.channel.AbstractChannelHandlerContext.fireChannelRead(AbstractChannelHandlerContext.java:356)\n\tat io.netty.handler.codec.MessageToMessageDecoder.channelRead(MessageToMessageDecoder.java:107)\n\tat io.netty.channel.AbstractChannelHandlerContext.fireChannelRead(AbstractChannelHandlerContext.java:356)\n\tat io.netty.channel.CombinedChannelDuplexHandler$DelegatingChannelHandlerContext.fireChannelRead(CombinedChannelDuplexHandler.java:434)\n\tat io.netty.handler.codec.ByteToMessageDecoder.fireChannelRead(ByteToMessageDecoder.java:346)\n\tat io.netty.handler.codec.ByteToMessageDecoder.channelRead(ByteToMessageDecoder.java:318)\n\tat io.netty.channel.CombinedChannelDuplexHandler.channelRead(CombinedChannelDuplexHandler.java:249)\n\tat io.netty.channel.AbstractChannelHandlerContext.fireChannelRead(AbstractChannelHandlerContext.java:354)\n\tat io.netty.handler.timeout.IdleStateHandler.channelRead(IdleStateHandler.java:293)\n\tat io.netty.channel.AbstractChannelHandlerContext.fireChannelRead(AbstractChannelHandlerContext.java:354)\n\tat io.netty.channel.DefaultChannelPipeline$HeadContext.channelRead(DefaultChannelPipeline.java:1429)\n\tat io.netty.channel.DefaultChannelPipeline.fireChannelRead(DefaultChannelPipeline.java:918)\n\tat io.netty.channel.nio.AbstractNioByteChannel$NioByteUnsafe.read(AbstractNioByteChannel.java:168)\n\tat io.netty.channel.nio.AbstractNioChannel$AbstractNioUnsafe.handle(AbstractNioChannel.java:445)\n\tat io.netty.channel.nio.NioIoHandler$DefaultNioRegistration.handle(NioIoHandler.java:388)\n\tat io.netty.channel.nio.NioIoHandler.processSelectedKey(NioIoHandler.java:596)\n\tat io.netty.channel.nio.NioIoHandler.processSelectedKeysOptimized(NioIoHandler.java:571)\n\tat io.netty.channel.nio.NioIoHandler.processSelectedKeys(NioIoHandler.java:512)\n\tat io.netty.channel.nio.NioIoHandler.run(NioIoHandler.java:484)\n\tat io.netty.channel.SingleThreadIoEventLoop.runIo(SingleThreadIoEventLoop.java:225)\n\tat io.netty.channel.SingleThreadIoEventLoop.run(SingleThreadIoEventLoop.java:196)\n\tat io.netty.util.concurrent.SingleThreadEventExecutor$5.run(SingleThreadEventExecutor.java:1193)\n\tat io.netty.util.internal.ThreadExecutorMap$2.run(ThreadExecutorMap.java:74)\n\tat io.netty.util.concurrent.FastThreadLocalRunnable.run(FastThreadLocalRunnable.java:30)\n\tat java.lang.Thread.run(Thread.java:764)\n"}}
05-18 15:08:52.263   669  1025 V AlarmManager: set(PendingIntent{5d6d008: PendingIntentRecord{e0933a1 android broadcastIntent}}) : type=3 triggerAtTime=20420260 win=225000 tElapsed=20420260 maxElapsed=20645260 interval=0 flags=0x8
05-18 15:08:52.413 14188 14217 I appium  : AppiumResponse: {"sessionId":"74f12314-28c1-4523-b58d-76d0d6d9b4ff","value":{"error":"no such element","message":"An element could not be located on the page using the given search parameters","stacktrace":"io.appium.uiautomator2.common.exceptions.ElementNotFoundException: An element could not be located on the page using the given search parameters\n\tat io.appium.uiautomator2.utils.ElementLocationHelpers.findElement(ElementLocationHelpers.java:153)\n\tat io.appium.uiautomator2.handler.FindElement.safeHandle(FindElement.java:60)\n\tat io.appium.uiautomator2.handler.request.SafeRequestHandler.handle(SafeRequestHandler.java:59)\n\tat io.appium.uiautomator2.server.AppiumServlet.handleRequest(AppiumServlet.java:267)\n\tat io.appium.uiautomator2.server.AppiumServlet.handleHttpRequest(AppiumServlet.java:261)\n\tat io.appium.uiautomator2.http.ServerHandler.channelRead(ServerHandler.java:77)\n\tat io.netty.channel.AbstractChannelHandlerContext.fireChannelRead(AbstractChannelHandlerContext.java:356)\n\tat io.netty.handler.codec.MessageToMessageDecoder.channelRead(MessageToMessageDecoder.java:107)\n\tat io.netty.channel.AbstractChannelHandlerContext.fireChannelRead(AbstractChannelHandlerContext.java:356)\n\tat io.netty.channel.CombinedChannelDuplexHandler$DelegatingChannelHandlerContext.fireChannelRead(CombinedChannelDuplexHandler.java:434)\n\tat io.netty.handler.codec.ByteToMessageDecoder.fireChannelRead(ByteToMessageDecoder.java:346)\n\tat io.netty.handler.codec.ByteToMessageDecoder.channelRead(ByteToMessageDecoder.java:318)\n\tat io.netty.channel.CombinedChannelDuplexHandler.channelRead(CombinedChannelDuplexHandler.java:249)\n\tat io.netty.channel.AbstractChannelHandlerContext.fireChannelRead(AbstractChannelHandlerContext.java:354)\n\tat io.netty.handler.timeout.IdleStateHandler.channelRead(IdleStateHandler.java:293)\n\tat io.netty.channel.AbstractChannelHandlerContext.fireChannelRead(AbstractChannelHandlerContext.java:354)\n\tat io.netty.channel.DefaultChannelPipeline$HeadContext.channelRead(DefaultChannelPipeline.java:1429)\n\tat io.netty.channel.DefaultChannelPipeline.fireChannelRead(DefaultChannelPipeline.java:918)\n\tat io.netty.channel.nio.AbstractNioByteChannel$NioByteUnsafe.read(AbstractNioByteChannel.java:168)\n\tat io.netty.channel.nio.AbstractNioChannel$AbstractNioUnsafe.handle(AbstractNioChannel.java:445)\n\tat io.netty.channel.nio.NioIoHandler$DefaultNioRegistration.handle(NioIoHandler.java:388)\n\tat io.netty.channel.nio.NioIoHandler.processSelectedKey(NioIoHandler.java:596)\n\tat io.netty.channel.nio.NioIoHandler.processSelectedKeysOptimized(NioIoHandler.java:571)\n\tat io.netty.channel.nio.NioIoHandler.processSelectedKeys(NioIoHandler.java:512)\n\tat io.netty.channel.nio.NioIoHandler.run(NioIoHandler.java:484)\n\tat io.netty.channel.SingleThreadIoEventLoop.runIo(SingleThreadIoEventLoop.java:225)\n\tat io.netty.channel.SingleThreadIoEventLoop.run(SingleThreadIoEventLoop.java:196)\n\tat io.netty.util.concurrent.SingleThreadEventExecutor$5.run(SingleThreadEventExecutor.java:1193)\n\tat io.netty.util.internal.ThreadExecutorMap$2.run(ThreadExecutorMap.java:74)\n\tat io.netty.util.concurrent.FastThreadLocalRunnable.run(FastThreadLocalRunnable.java:30)\n\tat java.lang.Thread.run(Thread.java:764)\n"}}
05-18 15:08:52.672 14188 14217 I appium  : AppiumResponse: {"sessionId":"74f12314-28c1-4523-b58d-76d0d6d9b4ff","value":{"ELEMENT":"00000000-0000-012c-ffff-ffff0000000e","element-6066-11e4-a52e-4f735466cecf":"00000000-0000-012c-ffff-ffff0000000e"}}
05-18 15:08:52.759 14188 14217 I appium  : AppiumResponse: {"sessionId":"74f12314-28c1-4523-b58d-76d0d6d9b4ff","value":null}
05-18 15:08:53.163   296   444 D ENGPC   : parse_event: event { 'change', '/devices/platform/battery/power_supply/battery', 'power_supply', '' }
05-18 15:08:53.170   669   669 D BroadcastQueue: Add broadcast <BroadcastRecord{acf459e u-1 android.intent.action.BATTERY_CHANGED}> into [parallel | background], pending size 0
05-18 15:08:53.175   669   683 D BroadcastQueue: Done with parallel broadcast [background] [BroadcastRecord{acf459e u-1 android.intent.action.BATTERY_CHANGED}]
05-18 15:08:53.836 14188 14217 I appium  : AppiumResponse: {"sessionId":"74f12314-28c1-4523-b58d-76d0d6d9b4ff","value":{"ELEMENT":"00000000-0000-012c-ffff-ffff0000000e","element-6066-11e4-a52e-4f735466cecf":"00000000-0000-012c-ffff-ffff0000000e"}}
05-18 15:08:53.938 14188 14217 I appium  : AppiumResponse: {"sessionId":"74f12314-28c1-4523-b58d-76d0d6d9b4ff","value":null}
05-18 15:08:54.573 14188 14217 I appium  : AppiumResponse: {"sessionId":"74f12314-28c1-4523-b58d-76d0d6d9b4ff","value":{"ELEMENT":"00000000-0000-012c-ffff-ffff0000002e","element-6066-11e4-a52e-4f735466cecf":"00000000-0000-012c-ffff-ffff0000002e"}}
05-18 15:08:54.650 14188 14217 I appium  : AppiumResponse: {"sessionId":"74f12314-28c1-4523-b58d-76d0d6d9b4ff","value":null}
05-18 15:08:54.830   669  1271 I ActivityManager: START u0 {cmp=com.pax.techpos/com.pax.easypos.display.ActivityList (has extras)} from uid 10055, pid 12090
05-18 15:08:54.831   669  1271 W ActivityManager: startActivity ActivityRecord r=ActivityRecord{cbcb04c u0 com.pax.techpos/com.pax.easypos.display.ActivityList t-1}
05-18 15:08:54.842   669  1271 I ActivityManager: ->startActivity for ActivityRecord{cbcb04c u0 com.pax.techpos/com.pax.easypos.display.ActivityList t251} result:0
05-18 15:08:55.498 14188 14217 I appium  : AppiumResponse: {"sessionId":"74f12314-28c1-4523-b58d-76d0d6d9b4ff","value":{"error":"no such element","message":"An element could not be located on the page using the given search parameters","stacktrace":"io.appium.uiautomator2.common.exceptions.ElementNotFoundException: An element could not be located on the page using the given search parameters\n\tat io.appium.uiautomator2.utils.ElementLocationHelpers.findElement(ElementLocationHelpers.java:153)\n\tat io.appium.uiautomator2.handler.FindElement.safeHandle(FindElement.java:60)\n\tat io.appium.uiautomator2.handler.request.SafeRequestHandler.handle(SafeRequestHandler.java:59)\n\tat io.appium.uiautomator2.server.AppiumServlet.handleRequest(AppiumServlet.java:267)\n\tat io.appium.uiautomator2.server.AppiumServlet.handleHttpRequest(AppiumServlet.java:261)\n\tat io.appium.uiautomator2.http.ServerHandler.channelRead(ServerHandler.java:77)\n\tat io.netty.channel.AbstractChannelHandlerContext.fireChannelRead(AbstractChannelHandlerContext.java:356)\n\tat io.netty.handler.codec.MessageToMessageDecoder.channelRead(MessageToMessageDecoder.java:107)\n\tat io.netty.channel.AbstractChannelHandlerContext.fireChannelRead(AbstractChannelHandlerContext.java:356)\n\tat io.netty.channel.CombinedChannelDuplexHandler$DelegatingChannelHandlerContext.fireChannelRead(CombinedChannelDuplexHandler.java:434)\n\tat io.netty.handler.codec.ByteToMessageDecoder.fireChannelRead(ByteToMessageDecoder.java:346)\n\tat io.netty.handler.codec.ByteToMessageDecoder.channelRead(ByteToMessageDecoder.java:318)\n\tat io.netty.channel.CombinedChannelDuplexHandler.channelRead(CombinedChannelDuplexHandler.java:249)\n\tat io.netty.channel.AbstractChannelHandlerContext.fireChannelRead(AbstractChannelHandlerContext.java:354)\n\tat io.netty.handler.timeout.IdleStateHandler.channelRead(IdleStateHandler.java:293)\n\tat io.netty.channel.AbstractChannelHandlerContext.fireChannelRead(AbstractChannelHandlerContext.java:354)\n\tat io.netty.channel.DefaultChannelPipeline$HeadContext.channelRead(DefaultChannelPipeline.java:1429)\n\tat io.netty.channel.DefaultChannelPipeline.fireChannelRead(DefaultChannelPipeline.java:918)\n\tat io.netty.channel.nio.AbstractNioByteChannel$NioByteUnsafe.read(AbstractNioByteChannel.java:168)\n\tat io.netty.channel.nio.AbstractNioChannel$AbstractNioUnsafe.handle(AbstractNioChannel.java:445)\n\tat io.netty.channel.nio.NioIoHandler$DefaultNioRegistration.handle(NioIoHandler.java:388)\n\tat io.netty.channel.nio.NioIoHandler.processSelectedKey(NioIoHandler.java:596)\n\tat io.netty.channel.nio.NioIoHandler.processSelectedKeysOptimized(NioIoHandler.java:571)\n\tat io.netty.channel.nio.NioIoHandler.processSelectedKeys(NioIoHandler.java:512)\n\tat io.netty.channel.nio.NioIoHandler.run(NioIoHandler.java:484)\n\tat io.netty.channel.SingleThreadIoEventLoop.runIo(SingleThreadIoEventLoop.java:225)\n\tat io.netty.channel.SingleThreadIoEventLoop.run(SingleThreadIoEventLoop.java:196)\n\tat io.netty.util.concurrent.SingleThreadEventExecutor$5.run(SingleThreadEventExecutor.java:1193)\n\tat io.netty.util.internal.ThreadExecutorMap$2.run(ThreadExecutorMap.java:74)\n\tat io.netty.util.concurrent.FastThreadLocalRunnable.run(FastThreadLocalRunnable.java:30)\n\tat java.lang.Thread.run(Thread.java:764)\n"}}
05-18 15:08:55.633   669  1271 D WindowManager: Input focus has changed to Window{c01f911 u0 com.pax.techpos/com.pax.easypos.display.ActivityList}
05-18 15:08:56.952 14188 14217 I appium  : AppiumResponse: {"sessionId":"74f12314-28c1-4523-b58d-76d0d6d9b4ff","value":{"ELEMENT":"00000000-0000-012d-ffff-ffff0000004b","element-6066-11e4-a52e-4f735466cecf":"00000000-0000-012d-ffff-ffff0000004b"}}
05-18 15:08:56.993 14188 14217 I appium  : AppiumResponse: {"sessionId":"74f12314-28c1-4523-b58d-76d0d6d9b4ff","value":"true"}
05-18 15:08:57.166 14188 14217 I appium  : AppiumResponse: {"sessionId":"74f12314-28c1-4523-b58d-76d0d6d9b4ff","value":{"ELEMENT":"00000000-0000-012d-ffff-ffff0000004b","element-6066-11e4-a52e-4f735466cecf":"00000000-0000-012d-ffff-ffff0000004b"}}
05-18 15:08:57.331   669  1271 D BroadcastQueue: Add broadcast <BroadcastRecord{49ebce4 u0 com.pax.intent.action.ManagerInfo}> into [ordered | background], pending size 0
05-18 15:08:57.331   669  1271 D BroadcastQueue: Header is BroadcastRecord{49ebce4 u0 com.pax.intent.action.ManagerInfo} now
05-18 15:08:57.465   669  1271 D BroadcastQueue: Finished with ordered broadcast BroadcastRecord{49ebce4 u0 com.pax.intent.action.ManagerInfo} receivers:(1) take 134ms in [background], remains 0
05-18 15:08:57.823 14188 14217 I appium  : AppiumResponse: {"sessionId":"74f12314-28c1-4523-b58d-76d0d6d9b4ff","value":null}
05-18 15:08:57.995   669  1271 D WindowManager: Input focus has changed to Window{6e0b802 u0 com.pax.techpos/com.pax.easypos.display.ActivityList}
05-18 15:08:58.154 14188 14217 I appium  : AppiumResponse: {"sessionId":"74f12314-28c1-4523-b58d-76d0d6d9b4ff","value":{"error":"no such element","message":"An element could not be located on the page using the given search parameters","stacktrace":"io.appium.uiautomator2.common.exceptions.ElementNotFoundException: An element could not be located on the page using the given search parameters\n\tat io.appium.uiautomator2.utils.ElementLocationHelpers.findElement(ElementLocationHelpers.java:153)\n\tat io.appium.uiautomator2.handler.FindElement.safeHandle(FindElement.java:60)\n\tat io.appium.uiautomator2.handler.request.SafeRequestHandler.handle(SafeRequestHandler.java:59)\n\tat io.appium.uiautomator2.server.AppiumServlet.handleRequest(AppiumServlet.java:267)\n\tat io.appium.uiautomator2.server.AppiumServlet.handleHttpRequest(AppiumServlet.java:261)\n\tat io.appium.uiautomator2.http.ServerHandler.channelRead(ServerHandler.java:77)\n\tat io.netty.channel.AbstractChannelHandlerContext.fireChannelRead(AbstractChannelHandlerContext.java:356)\n\tat io.netty.handler.codec.MessageToMessageDecoder.channelRead(MessageToMessageDecoder.java:107)\n\tat io.netty.channel.AbstractChannelHandlerContext.fireChannelRead(AbstractChannelHandlerContext.java:356)\n\tat io.netty.channel.CombinedChannelDuplexHandler$DelegatingChannelHandlerContext.fireChannelRead(CombinedChannelDuplexHandler.java:434)\n\tat io.netty.handler.codec.ByteToMessageDecoder.fireChannelRead(ByteToMessageDecoder.java:346)\n\tat io.netty.handler.codec.ByteToMessageDecoder.channelRead(ByteToMessageDecoder.java:318)\n\tat io.netty.channel.CombinedChannelDuplexHandler.channelRead(CombinedChannelDuplexHandler.java:249)\n\tat io.netty.channel.AbstractChannelHandlerContext.fireChannelRead(AbstractChannelHandlerContext.java:354)\n\tat io.netty.handler.timeout.IdleStateHandler.channelRead(IdleStateHandler.java:293)\n\tat io.netty.channel.AbstractChannelHandlerContext.fireChannelRead(AbstractChannelHandlerContext.java:354)\n\tat io.netty.channel.DefaultChannelPipeline$HeadContext.channelRead(DefaultChannelPipeline.java:1429)\n\tat io.netty.channel.DefaultChannelPipeline.fireChannelRead(DefaultChannelPipeline.java:918)\n\tat io.netty.channel.nio.AbstractNioByteChannel$NioByteUnsafe.read(AbstractNioByteChannel.java:168)\n\tat io.netty.channel.nio.AbstractNioChannel$AbstractNioUnsafe.handle(AbstractNioChannel.java:445)\n\tat io.netty.channel.nio.NioIoHandler$DefaultNioRegistration.handle(NioIoHandler.java:388)\n\tat io.netty.channel.nio.NioIoHandler.processSelectedKey(NioIoHandler.java:596)\n\tat io.netty.channel.nio.NioIoHandler.processSelectedKeysOptimized(NioIoHandler.java:571)\n\tat io.netty.channel.nio.NioIoHandler.processSelectedKeys(NioIoHandler.java:512)\n\tat io.netty.channel.nio.NioIoHandler.run(NioIoHandler.java:484)\n\tat io.netty.channel.SingleThreadIoEventLoop.runIo(SingleThreadIoEventLoop.java:225)\n\tat io.netty.channel.SingleThreadIoEventLoop.run(SingleThreadIoEventLoop.java:196)\n\tat io.netty.util.concurrent.SingleThreadEventExecutor$5.run(SingleThreadEventExecutor.java:1193)\n\tat io.netty.util.internal.ThreadExecutorMap$2.run(ThreadExecutorMap.java:74)\n\tat io.netty.util.concurrent.FastThreadLocalRunnable.run(FastThreadLocalRunnable.java:30)\n\tat java.lang.Thread.run(Thread.java:764)\n"}}
05-18 15:08:58.823 14188 14217 I appium  : AppiumResponse: {"sessionId":"74f12314-28c1-4523-b58d-76d0d6d9b4ff","value":{"error":"no such element","message":"An element could not be located on the page using the given search parameters","stacktrace":"io.appium.uiautomator2.common.exceptions.ElementNotFoundException: An element could not be located on the page using the given search parameters\n\tat io.appium.uiautomator2.utils.ElementLocationHelpers.findElement(ElementLocationHelpers.java:153)\n\tat io.appium.uiautomator2.handler.FindElement.safeHandle(FindElement.java:60)\n\tat io.appium.uiautomator2.handler.request.SafeRequestHandler.handle(SafeRequestHandler.java:59)\n\tat io.appium.uiautomator2.server.AppiumServlet.handleRequest(AppiumServlet.java:267)\n\tat io.appium.uiautomator2.server.AppiumServlet.handleHttpRequest(AppiumServlet.java:261)\n\tat io.appium.uiautomator2.http.ServerHandler.channelRead(ServerHandler.java:77)\n\tat io.netty.channel.AbstractChannelHandlerContext.fireChannelRead(AbstractChannelHandlerContext.java:356)\n\tat io.netty.handler.codec.MessageToMessageDecoder.channelRead(MessageToMessageDecoder.java:107)\n\tat io.netty.channel.AbstractChannelHandlerContext.fireChannelRead(AbstractChannelHandlerContext.java:356)\n\tat io.netty.channel.CombinedChannelDuplexHandler$DelegatingChannelHandlerContext.fireChannelRead(CombinedChannelDuplexHandler.java:434)\n\tat io.netty.handler.codec.ByteToMessageDecoder.fireChannelRead(ByteToMessageDecoder.java:346)\n\tat io.netty.handler.codec.ByteToMessageDecoder.channelRead(ByteToMessageDecoder.java:318)\n\tat io.netty.channel.CombinedChannelDuplexHandler.channelRead(CombinedChannelDuplexHandler.java:249)\n\tat io.netty.channel.AbstractChannelHandlerContext.fireChannelRead(AbstractChannelHandlerContext.java:354)\n\tat io.netty.handler.timeout.IdleStateHandler.channelRead(IdleStateHandler.java:293)\n\tat io.netty.channel.AbstractChannelHandlerContext.fireChannelRead(AbstractChannelHandlerContext.java:354)\n\tat io.netty.channel.DefaultChannelPipeline$HeadContext.channelRead(DefaultChannelPipeline.java:1429)\n\tat io.netty.channel.DefaultChannelPipeline.fireChannelRead(DefaultChannelPipeline.java:918)\n\tat io.netty.channel.nio.AbstractNioByteChannel$NioByteUnsafe.read(AbstractNioByteChannel.java:168)\n\tat io.netty.channel.nio.AbstractNioChannel$AbstractNioUnsafe.handle(AbstractNioChannel.java:445)\n\tat io.netty.channel.nio.NioIoHandler$DefaultNioRegistration.handle(NioIoHandler.java:388)\n\tat io.netty.channel.nio.NioIoHandler.processSelectedKey(NioIoHandler.java:596)\n\tat io.netty.channel.nio.NioIoHandler.processSelectedKeysOptimized(NioIoHandler.java:571)\n\tat io.netty.channel.nio.NioIoHandler.processSelectedKeys(NioIoHandler.java:512)\n\tat io.netty.channel.nio.NioIoHandler.run(NioIoHandler.java:484)\n\tat io.netty.channel.SingleThreadIoEventLoop.runIo(SingleThreadIoEventLoop.java:225)\n\tat io.netty.channel.SingleThreadIoEventLoop.run(SingleThreadIoEventLoop.java:196)\n\tat io.netty.util.concurrent.SingleThreadEventExecutor$5.run(SingleThreadEventExecutor.java:1193)\n\tat io.netty.util.internal.ThreadExecutorMap$2.run(ThreadExecutorMap.java:74)\n\tat io.netty.util.concurrent.FastThreadLocalRunnable.run(FastThreadLocalRunnable.java:30)\n\tat java.lang.Thread.run(Thread.java:764)\n"}}
05-18 15:08:59.434 14188 14217 I appium  : AppiumResponse: {"sessionId":"74f12314-28c1-4523-b58d-76d0d6d9b4ff","value":{"error":"no such element","message":"An element could not be located on the page using the given search parameters","stacktrace":"io.appium.uiautomator2.common.exceptions.ElementNotFoundException: An element could not be located on the page using the given search parameters\n\tat io.appium.uiautomator2.utils.ElementLocationHelpers.findElement(ElementLocationHelpers.java:153)\n\tat io.appium.uiautomator2.handler.FindElement.safeHandle(FindElement.java:60)\n\tat io.appium.uiautomator2.handler.request.SafeRequestHandler.handle(SafeRequestHandler.java:59)\n\tat io.appium.uiautomator2.server.AppiumServlet.handleRequest(AppiumServlet.java:267)\n\tat io.appium.uiautomator2.server.AppiumServlet.handleHttpRequest(AppiumServlet.java:261)\n\tat io.appium.uiautomator2.http.ServerHandler.channelRead(ServerHandler.java:77)\n\tat io.netty.channel.AbstractChannelHandlerContext.fireChannelRead(AbstractChannelHandlerContext.java:356)\n\tat io.netty.handler.codec.MessageToMessageDecoder.channelRead(MessageToMessageDecoder.java:107)\n\tat io.netty.channel.AbstractChannelHandlerContext.fireChannelRead(AbstractChannelHandlerContext.java:356)\n\tat io.netty.channel.CombinedChannelDuplexHandler$DelegatingChannelHandlerContext.fireChannelRead(CombinedChannelDuplexHandler.java:434)\n\tat io.netty.handler.codec.ByteToMessageDecoder.fireChannelRead(ByteToMessageDecoder.java:346)\n\tat io.netty.handler.codec.ByteToMessageDecoder.channelRead(ByteToMessageDecoder.java:318)\n\tat io.netty.channel.CombinedChannelDuplexHandler.channelRead(CombinedChannelDuplexHandler.java:249)\n\tat io.netty.channel.AbstractChannelHandlerContext.fireChannelRead(AbstractChannelHandlerContext.java:354)\n\tat io.netty.handler.timeout.IdleStateHandler.channelRead(IdleStateHandler.java:293)\n\tat io.netty.channel.AbstractChannelHandlerContext.fireChannelRead(AbstractChannelHandlerContext.java:354)\n\tat io.netty.channel.DefaultChannelPipeline$HeadContext.channelRead(DefaultChannelPipeline.java:1429)\n\tat io.netty.channel.DefaultChannelPipeline.fireChannelRead(DefaultChannelPipeline.java:918)\n\tat io.netty.channel.nio.AbstractNioByteChannel$NioByteUnsafe.read(AbstractNioByteChannel.java:168)\n\tat io.netty.channel.nio.AbstractNioChannel$AbstractNioUnsafe.handle(AbstractNioChannel.java:445)\n\tat io.netty.channel.nio.NioIoHandler$DefaultNioRegistration.handle(NioIoHandler.java:388)\n\tat io.netty.channel.nio.NioIoHandler.processSelectedKey(NioIoHandler.java:596)\n\tat io.netty.channel.nio.NioIoHandler.processSelectedKeysOptimized(NioIoHandler.java:571)\n\tat io.netty.channel.nio.NioIoHandler.processSelectedKeys(NioIoHandler.java:512)\n\tat io.netty.channel.nio.NioIoHandler.run(NioIoHandler.java:484)\n\tat io.netty.channel.SingleThreadIoEventLoop.runIo(SingleThreadIoEventLoop.java:225)\n\tat io.netty.channel.SingleThreadIoEventLoop.run(SingleThreadIoEventLoop.java:196)\n\tat io.netty.util.concurrent.SingleThreadEventExecutor$5.run(SingleThreadEventExecutor.java:1193)\n\tat io.netty.util.internal.ThreadExecutorMap$2.run(ThreadExecutorMap.java:74)\n\tat io.netty.util.concurrent.FastThreadLocalRunnable.run(FastThreadLocalRunnable.java:30)\n\tat java.lang.Thread.run(Thread.java:764)\n"}}
05-18 15:08:59.756   296   444 D ENGPC   : parse_event: event { 'change', '/devices/virtual/xt_idletimer/timers', 'xt_idletimer', '' }
05-18 15:09:00.001   669   800 V AlarmManager: sending alarm Alarm{401b949 type 3 when 20127998 android}
05-18 15:09:00.001   669   800 D BroadcastQueue: Add broadcast <BroadcastRecord{2a6524e u-1 android.intent.action.TIME_TICK}> into [ordered | foreground], pending size 0
05-18 15:09:00.001   669   800 D BroadcastQueue: Header is BroadcastRecord{2a6524e u-1 android.intent.action.TIME_TICK} now
05-18 15:09:00.002   669   669 V AlarmManager: set(PendingIntent{92f1e8d: PendingIntentRecord{26d2842 android broadcastIntent}}) : type=3 triggerAtTime=20187997 win=0 tElapsed=20187997 maxElapsed=20187997 interval=0 flags=0x1
05-18 15:09:00.044   669  8686 D BroadcastQueue: Finished with ordered broadcast BroadcastRecord{2a6524e u-1 android.intent.action.TIME_TICK} receivers:(10) take 42ms in [foreground], remains 0
05-18 15:09:01.076 14188 14217 I appium  : AppiumResponse: {"sessionId":"74f12314-28c1-4523-b58d-76d0d6d9b4ff","value":{"error":"no such element","message":"An element could not be located on the page using the given search parameters","stacktrace":"io.appium.uiautomator2.common.exceptions.ElementNotFoundException: An element could not be located on the page using the given search parameters\n\tat io.appium.uiautomator2.utils.ElementLocationHelpers.findElement(ElementLocationHelpers.java:153)\n\tat io.appium.uiautomator2.handler.FindElement.safeHandle(FindElement.java:60)\n\tat io.appium.uiautomator2.handler.request.SafeRequestHandler.handle(SafeRequestHandler.java:59)\n\tat io.appium.uiautomator2.server.AppiumServlet.handleRequest(AppiumServlet.java:267)\n\tat io.appium.uiautomator2.server.AppiumServlet.handleHttpRequest(AppiumServlet.java:261)\n\tat io.appium.uiautomator2.http.ServerHandler.channelRead(ServerHandler.java:77)\n\tat io.netty.channel.AbstractChannelHandlerContext.fireChannelRead(AbstractChannelHandlerContext.java:356)\n\tat io.netty.handler.codec.MessageToMessageDecoder.channelRead(MessageToMessageDecoder.java:107)\n\tat io.netty.channel.AbstractChannelHandlerContext.fireChannelRead(AbstractChannelHandlerContext.java:356)\n\tat io.netty.channel.CombinedChannelDuplexHandler$DelegatingChannelHandlerContext.fireChannelRead(CombinedChannelDuplexHandler.java:434)\n\tat io.netty.handler.codec.ByteToMessageDecoder.fireChannelRead(ByteToMessageDecoder.java:346)\n\tat io.netty.handler.codec.ByteToMessageDecoder.channelRead(ByteToMessageDecoder.java:318)\n\tat io.netty.channel.CombinedChannelDuplexHandler.channelRead(CombinedChannelDuplexHandler.java:249)\n\tat io.netty.channel.AbstractChannelHandlerContext.fireChannelRead(AbstractChannelHandlerContext.java:354)\n\tat io.netty.handler.timeout.IdleStateHandler.channelRead(IdleStateHandler.java:293)\n\tat io.netty.channel.AbstractChannelHandlerContext.fireChannelRead(AbstractChannelHandlerContext.java:354)\n\tat io.netty.channel.DefaultChannelPipeline$HeadContext.channelRead(DefaultChannelPipeline.java:1429)\n\tat io.netty.channel.DefaultChannelPipeline.fireChannelRead(DefaultChannelPipeline.java:918)\n\tat io.netty.channel.nio.AbstractNioByteChannel$NioByteUnsafe.read(AbstractNioByteChannel.java:168)\n\tat io.netty.channel.nio.AbstractNioChannel$AbstractNioUnsafe.handle(AbstractNioChannel.java:445)\n\tat io.netty.channel.nio.NioIoHandler$DefaultNioRegistration.handle(NioIoHandler.java:388)\n\tat io.netty.channel.nio.NioIoHandler.processSelectedKey(NioIoHandler.java:596)\n\tat io.netty.channel.nio.NioIoHandler.processSelectedKeysOptimized(NioIoHandler.java:571)\n\tat io.netty.channel.nio.NioIoHandler.processSelectedKeys(NioIoHandler.java:512)\n\tat io.netty.channel.nio.NioIoHandler.run(NioIoHandler.java:484)\n\tat io.netty.channel.SingleThreadIoEventLoop.runIo(SingleThreadIoEventLoop.java:225)\n\tat io.netty.channel.SingleThreadIoEventLoop.run(SingleThreadIoEventLoop.java:196)\n\tat io.netty.util.concurrent.SingleThreadEventExecutor$5.run(SingleThreadEventExecutor.java:1193)\n\tat io.netty.util.internal.ThreadExecutorMap$2.run(ThreadExecutorMap.java:74)\n\tat io.netty.util.concurrent.FastThreadLocalRunnable.run(FastThreadLocalRunnable.java:30)\n\tat java.lang.Thread.run(Thread.java:764)\n"}}
05-18 15:09:02.080 14188 14217 I appium  : AppiumResponse: {"sessionId":"74f12314-28c1-4523-b58d-76d0d6d9b4ff","value":{"error":"no such element","message":"An element could not be located on the page using the given search parameters","stacktrace":"io.appium.uiautomator2.common.exceptions.ElementNotFoundException: An element could not be located on the page using the given search parameters\n\tat io.appium.uiautomator2.utils.ElementLocationHelpers.findElement(ElementLocationHelpers.java:153)\n\tat io.appium.uiautomator2.handler.FindElement.safeHandle(FindElement.java:60)\n\tat io.appium.uiautomator2.handler.request.SafeRequestHandler.handle(SafeRequestHandler.java:59)\n\tat io.appium.uiautomator2.server.AppiumServlet.handleRequest(AppiumServlet.java:267)\n\tat io.appium.uiautomator2.server.AppiumServlet.handleHttpRequest(AppiumServlet.java:261)\n\tat io.appium.uiautomator2.http.ServerHandler.channelRead(ServerHandler.java:77)\n\tat io.netty.channel.AbstractChannelHandlerContext.fireChannelRead(AbstractChannelHandlerContext.java:356)\n\tat io.netty.handler.codec.MessageToMessageDecoder.channelRead(MessageToMessageDecoder.java:107)\n\tat io.netty.channel.AbstractChannelHandlerContext.fireChannelRead(AbstractChannelHandlerContext.java:356)\n\tat io.netty.channel.CombinedChannelDuplexHandler$DelegatingChannelHandlerContext.fireChannelRead(CombinedChannelDuplexHandler.java:434)\n\tat io.netty.handler.codec.ByteToMessageDecoder.fireChannelRead(ByteToMessageDecoder.java:346)\n\tat io.netty.handler.codec.ByteToMessageDecoder.channelRead(ByteToMessageDecoder.java:318)\n\tat io.netty.channel.CombinedChannelDuplexHandler.channelRead(CombinedChannelDuplexHandler.java:249)\n\tat io.netty.channel.AbstractChannelHandlerContext.fireChannelRead(AbstractChannelHandlerContext.java:354)\n\tat io.netty.handler.timeout.IdleStateHandler.channelRead(IdleStateHandler.java:293)\n\tat io.netty.channel.AbstractChannelHandlerContext.fireChannelRead(AbstractChannelHandlerContext.java:354)\n\tat io.netty.channel.DefaultChannelPipeline$HeadContext.channelRead(DefaultChannelPipeline.java:1429)\n\tat io.netty.channel.DefaultChannelPipeline.fireChannelRead(DefaultChannelPipeline.java:918)\n\tat io.netty.channel.nio.AbstractNioByteChannel$NioByteUnsafe.read(AbstractNioByteChannel.java:168)\n\tat io.netty.channel.nio.AbstractNioChannel$AbstractNioUnsafe.handle(AbstractNioChannel.java:445)\n\tat io.netty.channel.nio.NioIoHandler$DefaultNioRegistration.handle(NioIoHandler.java:388)\n\tat io.netty.channel.nio.NioIoHandler.processSelectedKey(NioIoHandler.java:596)\n\tat io.netty.channel.nio.NioIoHandler.processSelectedKeysOptimized(NioIoHandler.java:571)\n\tat io.netty.channel.nio.NioIoHandler.processSelectedKeys(NioIoHandler.java:512)\n\tat io.netty.channel.nio.NioIoHandler.run(NioIoHandler.java:484)\n\tat io.netty.channel.SingleThreadIoEventLoop.runIo(SingleThreadIoEventLoop.java:225)\n\tat io.netty.channel.SingleThreadIoEventLoop.run(SingleThreadIoEventLoop.java:196)\n\tat io.netty.util.concurrent.SingleThreadEventExecutor$5.run(SingleThreadEventExecutor.java:1193)\n\tat io.netty.util.internal.ThreadExecutorMap$2.run(ThreadExecutorMap.java:74)\n\tat io.netty.util.concurrent.FastThreadLocalRunnable.run(FastThreadLocalRunnable.java:30)\n\tat java.lang.Thread.run(Thread.java:764)\n"}}
05-18 15:09:02.691 14188 14217 I appium  : AppiumResponse: {"sessionId":"74f12314-28c1-4523-b58d-76d0d6d9b4ff","value":{"error":"no such element","message":"An element could not be located on the page using the given search parameters","stacktrace":"io.appium.uiautomator2.common.exceptions.ElementNotFoundException: An element could not be located on the page using the given search parameters\n\tat io.appium.uiautomator2.utils.ElementLocationHelpers.findElement(ElementLocationHelpers.java:153)\n\tat io.appium.uiautomator2.handler.FindElement.safeHandle(FindElement.java:60)\n\tat io.appium.uiautomator2.handler.request.SafeRequestHandler.handle(SafeRequestHandler.java:59)\n\tat io.appium.uiautomator2.server.AppiumServlet.handleRequest(AppiumServlet.java:267)\n\tat io.appium.uiautomator2.server.AppiumServlet.handleHttpRequest(AppiumServlet.java:261)\n\tat io.appium.uiautomator2.http.ServerHandler.channelRead(ServerHandler.java:77)\n\tat io.netty.channel.AbstractChannelHandlerContext.fireChannelRead(AbstractChannelHandlerContext.java:356)\n\tat io.netty.handler.codec.MessageToMessageDecoder.channelRead(MessageToMessageDecoder.java:107)\n\tat io.netty.channel.AbstractChannelHandlerContext.fireChannelRead(AbstractChannelHandlerContext.java:356)\n\tat io.netty.channel.CombinedChannelDuplexHandler$DelegatingChannelHandlerContext.fireChannelRead(CombinedChannelDuplexHandler.java:434)\n\tat io.netty.handler.codec.ByteToMessageDecoder.fireChannelRead(ByteToMessageDecoder.java:346)\n\tat io.netty.handler.codec.ByteToMessageDecoder.channelRead(ByteToMessageDecoder.java:318)\n\tat io.netty.channel.CombinedChannelDuplexHandler.channelRead(CombinedChannelDuplexHandler.java:249)\n\tat io.netty.channel.AbstractChannelHandlerContext.fireChannelRead(AbstractChannelHandlerContext.java:354)\n\tat io.netty.handler.timeout.IdleStateHandler.channelRead(IdleStateHandler.java:293)\n\tat io.netty.channel.AbstractChannelHandlerContext.fireChannelRead(AbstractChannelHandlerContext.java:354)\n\tat io.netty.channel.DefaultChannelPipeline$HeadContext.channelRead(DefaultChannelPipeline.java:1429)\n\tat io.netty.channel.DefaultChannelPipeline.fireChannelRead(DefaultChannelPipeline.java:918)\n\tat io.netty.channel.nio.AbstractNioByteChannel$NioByteUnsafe.read(AbstractNioByteChannel.java:168)\n\tat io.netty.channel.nio.AbstractNioChannel$AbstractNioUnsafe.handle(AbstractNioChannel.java:445)\n\tat io.netty.channel.nio.NioIoHandler$DefaultNioRegistration.handle(NioIoHandler.java:388)\n\tat io.netty.channel.nio.NioIoHandler.processSelectedKey(NioIoHandler.java:596)\n\tat io.netty.channel.nio.NioIoHandler.processSelectedKeysOptimized(NioIoHandler.java:571)\n\tat io.netty.channel.nio.NioIoHandler.processSelectedKeys(NioIoHandler.java:512)\n\tat io.netty.channel.nio.NioIoHandler.run(NioIoHandler.java:484)\n\tat io.netty.channel.SingleThreadIoEventLoop.runIo(SingleThreadIoEventLoop.java:225)\n\tat io.netty.channel.SingleThreadIoEventLoop.run(SingleThreadIoEventLoop.java:196)\n\tat io.netty.util.concurrent.SingleThreadEventExecutor$5.run(SingleThreadEventExecutor.java:1193)\n\tat io.netty.util.internal.ThreadExecutorMap$2.run(ThreadExecutorMap.java:74)\n\tat io.netty.util.concurrent.FastThreadLocalRunnable.run(FastThreadLocalRunnable.java:30)\n\tat java.lang.Thread.run(Thread.java:764)\n"}}
05-18 15:09:02.970   669  8686 D WindowManager: Input focus has changed to Window{8f2c47c u0 com.pax.techpos/com.pax.easypos.display.ActivityList}
05-18 15:09:04.093 14188 14217 I appium  : AppiumResponse: {"sessionId":"74f12314-28c1-4523-b58d-76d0d6d9b4ff","value":{"error":"no such element","message":"An element could not be located on the page using the given search parameters","stacktrace":"io.appium.uiautomator2.common.exceptions.ElementNotFoundException: An element could not be located on the page using the given search parameters\n\tat io.appium.uiautomator2.utils.ElementLocationHelpers.findElement(ElementLocationHelpers.java:153)\n\tat io.appium.uiautomator2.handler.FindElement.safeHandle(FindElement.java:60)\n\tat io.appium.uiautomator2.handler.request.SafeRequestHandler.handle(SafeRequestHandler.java:59)\n\tat io.appium.uiautomator2.server.AppiumServlet.handleRequest(AppiumServlet.java:267)\n\tat io.appium.uiautomator2.server.AppiumServlet.handleHttpRequest(AppiumServlet.java:261)\n\tat io.appium.uiautomator2.http.ServerHandler.channelRead(ServerHandler.java:77)\n\tat io.netty.channel.AbstractChannelHandlerContext.fireChannelRead(AbstractChannelHandlerContext.java:356)\n\tat io.netty.handler.codec.MessageToMessageDecoder.channelRead(MessageToMessageDecoder.java:107)\n\tat io.netty.channel.AbstractChannelHandlerContext.fireChannelRead(AbstractChannelHandlerContext.java:356)\n\tat io.netty.channel.CombinedChannelDuplexHandler$DelegatingChannelHandlerContext.fireChannelRead(CombinedChannelDuplexHandler.java:434)\n\tat io.netty.handler.codec.ByteToMessageDecoder.fireChannelRead(ByteToMessageDecoder.java:346)\n\tat io.netty.handler.codec.ByteToMessageDecoder.channelRead(ByteToMessageDecoder.java:318)\n\tat io.netty.channel.CombinedChannelDuplexHandler.channelRead(CombinedChannelDuplexHandler.java:249)\n\tat io.netty.channel.AbstractChannelHandlerContext.fireChannelRead(AbstractChannelHandlerContext.java:354)\n\tat io.netty.handler.timeout.IdleStateHandler.channelRead(IdleStateHandler.java:293)\n\tat io.netty.channel.AbstractChannelHandlerContext.fireChannelRead(AbstractChannelHandlerContext.java:354)\n\tat io.netty.channel.DefaultChannelPipeline$HeadContext.channelRead(DefaultChannelPipeline.java:1429)\n\tat io.netty.channel.DefaultChannelPipeline.fireChannelRead(DefaultChannelPipeline.java:918)\n\tat io.netty.channel.nio.AbstractNioByteChannel$NioByteUnsafe.read(AbstractNioByteChannel.java:168)\n\tat io.netty.channel.nio.AbstractNioChannel$AbstractNioUnsafe.handle(AbstractNioChannel.java:445)\n\tat io.netty.channel.nio.NioIoHandler$DefaultNioRegistration.handle(NioIoHandler.java:388)\n\tat io.netty.channel.nio.NioIoHandler.processSelectedKey(NioIoHandler.java:596)\n\tat io.netty.channel.nio.NioIoHandler.processSelectedKeysOptimized(NioIoHandler.java:571)\n\tat io.netty.channel.nio.NioIoHandler.processSelectedKeys(NioIoHandler.java:512)\n\tat io.netty.channel.nio.NioIoHandler.run(NioIoHandler.java:484)\n\tat io.netty.channel.SingleThreadIoEventLoop.runIo(SingleThreadIoEventLoop.java:225)\n\tat io.netty.channel.SingleThreadIoEventLoop.run(SingleThreadIoEventLoop.java:196)\n\tat io.netty.util.concurrent.SingleThreadEventExecutor$5.run(SingleThreadEventExecutor.java:1193)\n\tat io.netty.util.internal.ThreadExecutorMap$2.run(ThreadExecutorMap.java:74)\n\tat io.netty.util.concurrent.FastThreadLocalRunnable.run(FastThreadLocalRunnable.java:30)\n\tat java.lang.Thread.run(Thread.java:764)\n"}}
05-18 15:09:05.089 14188 14217 I appium  : AppiumResponse: {"sessionId":"74f12314-28c1-4523-b58d-76d0d6d9b4ff","value":{"error":"no such element","message":"An element could not be located on the page using the given search parameters","stacktrace":"io.appium.uiautomator2.common.exceptions.ElementNotFoundException: An element could not be located on the page using the given search parameters\n\tat io.appium.uiautomator2.utils.ElementLocationHelpers.findElement(ElementLocationHelpers.java:153)\n\tat io.appium.uiautomator2.handler.FindElement.safeHandle(FindElement.java:60)\n\tat io.appium.uiautomator2.handler.request.SafeRequestHandler.handle(SafeRequestHandler.java:59)\n\tat io.appium.uiautomator2.server.AppiumServlet.handleRequest(AppiumServlet.java:267)\n\tat io.appium.uiautomator2.server.AppiumServlet.handleHttpRequest(AppiumServlet.java:261)\n\tat io.appium.uiautomator2.http.ServerHandler.channelRead(ServerHandler.java:77)\n\tat io.netty.channel.AbstractChannelHandlerContext.fireChannelRead(AbstractChannelHandlerContext.java:356)\n\tat io.netty.handler.codec.MessageToMessageDecoder.channelRead(MessageToMessageDecoder.java:107)\n\tat io.netty.channel.AbstractChannelHandlerContext.fireChannelRead(AbstractChannelHandlerContext.java:356)\n\tat io.netty.channel.CombinedChannelDuplexHandler$DelegatingChannelHandlerContext.fireChannelRead(CombinedChannelDuplexHandler.java:434)\n\tat io.netty.handler.codec.ByteToMessageDecoder.fireChannelRead(ByteToMessageDecoder.java:346)\n\tat io.netty.handler.codec.ByteToMessageDecoder.channelRead(ByteToMessageDecoder.java:318)\n\tat io.netty.channel.CombinedChannelDuplexHandler.channelRead(CombinedChannelDuplexHandler.java:249)\n\tat io.netty.channel.AbstractChannelHandlerContext.fireChannelRead(AbstractChannelHandlerContext.java:354)\n\tat io.netty.handler.timeout.IdleStateHandler.channelRead(IdleStateHandler.java:293)\n\tat io.netty.channel.AbstractChannelHandlerContext.fireChannelRead(AbstractChannelHandlerContext.java:354)\n\tat io.netty.channel.DefaultChannelPipeline$HeadContext.channelRead(DefaultChannelPipeline.java:1429)\n\tat io.netty.channel.DefaultChannelPipeline.fireChannelRead(DefaultChannelPipeline.java:918)\n\tat io.netty.channel.nio.AbstractNioByteChannel$NioByteUnsafe.read(AbstractNioByteChannel.java:168)\n\tat io.netty.channel.nio.AbstractNioChannel$AbstractNioUnsafe.handle(AbstractNioChannel.java:445)\n\tat io.netty.channel.nio.NioIoHandler$DefaultNioRegistration.handle(NioIoHandler.java:388)\n\tat io.netty.channel.nio.NioIoHandler.processSelectedKey(NioIoHandler.java:596)\n\tat io.netty.channel.nio.NioIoHandler.processSelectedKeysOptimized(NioIoHandler.java:571)\n\tat io.netty.channel.nio.NioIoHandler.processSelectedKeys(NioIoHandler.java:512)\n\tat io.netty.channel.nio.NioIoHandler.run(NioIoHandler.java:484)\n\tat io.netty.channel.SingleThreadIoEventLoop.runIo(SingleThreadIoEventLoop.java:225)\n\tat io.netty.channel.SingleThreadIoEventLoop.run(SingleThreadIoEventLoop.java:196)\n\tat io.netty.util.concurrent.SingleThreadEventExecutor$5.run(SingleThreadEventExecutor.java:1193)\n\tat io.netty.util.internal.ThreadExecutorMap$2.run(ThreadExecutorMap.java:74)\n\tat io.netty.util.concurrent.FastThreadLocalRunnable.run(FastThreadLocalRunnable.java:30)\n\tat java.lang.Thread.run(Thread.java:764)\n"}}
05-18 15:09:05.992   669  1264 D WindowManager: Input focus has changed to Window{c01f911 u0 com.pax.techpos/com.pax.easypos.display.ActivityList}
05-18 15:09:06.168 14188 14217 I appium  : AppiumResponse: {"sessionId":"74f12314-28c1-4523-b58d-76d0d6d9b4ff","value":{"error":"no such element","message":"An element could not be located on the page using the given search parameters","stacktrace":"io.appium.uiautomator2.common.exceptions.ElementNotFoundException: An element could not be located on the page using the given search parameters\n\tat io.appium.uiautomator2.utils.ElementLocationHelpers.findElement(ElementLocationHelpers.java:153)\n\tat io.appium.uiautomator2.handler.FindElement.safeHandle(FindElement.java:60)\n\tat io.appium.uiautomator2.handler.request.SafeRequestHandler.handle(SafeRequestHandler.java:59)\n\tat io.appium.uiautomator2.server.AppiumServlet.handleRequest(AppiumServlet.java:267)\n\tat io.appium.uiautomator2.server.AppiumServlet.handleHttpRequest(AppiumServlet.java:261)\n\tat io.appium.uiautomator2.http.ServerHandler.channelRead(ServerHandler.java:77)\n\tat io.netty.channel.AbstractChannelHandlerContext.fireChannelRead(AbstractChannelHandlerContext.java:356)\n\tat io.netty.handler.codec.MessageToMessageDecoder.channelRead(MessageToMessageDecoder.java:107)\n\tat io.netty.channel.AbstractChannelHandlerContext.fireChannelRead(AbstractChannelHandlerContext.java:356)\n\tat io.netty.channel.CombinedChannelDuplexHandler$DelegatingChannelHandlerContext.fireChannelRead(CombinedChannelDuplexHandler.java:434)\n\tat io.netty.handler.codec.ByteToMessageDecoder.fireChannelRead(ByteToMessageDecoder.java:346)\n\tat io.netty.handler.codec.ByteToMessageDecoder.channelRead(ByteToMessageDecoder.java:318)\n\tat io.netty.channel.CombinedChannelDuplexHandler.channelRead(CombinedChannelDuplexHandler.java:249)\n\tat io.netty.channel.AbstractChannelHandlerContext.fireChannelRead(AbstractChannelHandlerContext.java:354)\n\tat io.netty.handler.timeout.IdleStateHandler.channelRead(IdleStateHandler.java:293)\n\tat io.netty.channel.AbstractChannelHandlerContext.fireChannelRead(AbstractChannelHandlerContext.java:354)\n\tat io.netty.channel.DefaultChannelPipeline$HeadContext.channelRead(DefaultChannelPipeline.java:1429)\n\tat io.netty.channel.DefaultChannelPipeline.fireChannelRead(DefaultChannelPipeline.java:918)\n\tat io.netty.channel.nio.AbstractNioByteChannel$NioByteUnsafe.read(AbstractNioByteChannel.java:168)\n\tat io.netty.channel.nio.AbstractNioChannel$AbstractNioUnsafe.handle(AbstractNioChannel.java:445)\n\tat io.netty.channel.nio.NioIoHandler$DefaultNioRegistration.handle(NioIoHandler.java:388)\n\tat io.netty.channel.nio.NioIoHandler.processSelectedKey(NioIoHandler.java:596)\n\tat io.netty.channel.nio.NioIoHandler.processSelectedKeysOptimized(NioIoHandler.java:571)\n\tat io.netty.channel.nio.NioIoHandler.processSelectedKeys(NioIoHandler.java:512)\n\tat io.netty.channel.nio.NioIoHandler.run(NioIoHandler.java:484)\n\tat io.netty.channel.SingleThreadIoEventLoop.runIo(SingleThreadIoEventLoop.java:225)\n\tat io.netty.channel.SingleThreadIoEventLoop.run(SingleThreadIoEventLoop.java:196)\n\tat io.netty.util.concurrent.SingleThreadEventExecutor$5.run(SingleThreadEventExecutor.java:1193)\n\tat io.netty.util.internal.ThreadExecutorMap$2.run(ThreadExecutorMap.java:74)\n\tat io.netty.util.concurrent.FastThreadLocalRunnable.run(FastThreadLocalRunnable.java:30)\n\tat java.lang.Thread.run(Thread.java:764)\n"}}
05-18 15:09:06.403   669  8686 D WindowManager: Input focus has changed to Window{6e0b802 u0 com.pax.techpos/com.pax.easypos.display.ActivityList}
05-18 15:09:06.507   669  1264 I ActivityManager: START u0 {cmp=com.pax.techpos/com.pax.easypos.display.ActivityList (has extras)} from uid 10055, pid 12090
05-18 15:09:06.508   669  1264 W ActivityManager: startActivity ActivityRecord r=ActivityRecord{5965d26 u0 com.pax.techpos/com.pax.easypos.display.ActivityList t-1}
05-18 15:09:06.542   669  1264 I ActivityManager: ->startActivity for ActivityRecord{5965d26 u0 com.pax.techpos/com.pax.easypos.display.ActivityList t251} result:0
05-18 15:09:06.888   296   444 D ENGPC   : parse_event: event { 'change', '/devices/platform/battery/power_supply/battery', 'power_supply', '' }
05-18 15:09:06.890   296   444 D ENGPC   : parse_event: event { 'change', '/devices/platform/battery/power_supply/battery', 'power_supply', '' }
05-18 15:09:07.032 14188 14217 I appium  : AppiumResponse: {"sessionId":"74f12314-28c1-4523-b58d-76d0d6d9b4ff","value":{"error":"no such element","message":"An element could not be located on the page using the given search parameters","stacktrace":"io.appium.uiautomator2.common.exceptions.ElementNotFoundException: An element could not be located on the page using the given search parameters\n\tat io.appium.uiautomator2.utils.ElementLocationHelpers.findElement(ElementLocationHelpers.java:153)\n\tat io.appium.uiautomator2.handler.FindElement.safeHandle(FindElement.java:60)\n\tat io.appium.uiautomator2.handler.request.SafeRequestHandler.handle(SafeRequestHandler.java:59)\n\tat io.appium.uiautomator2.server.AppiumServlet.handleRequest(AppiumServlet.java:267)\n\tat io.appium.uiautomator2.server.AppiumServlet.handleHttpRequest(AppiumServlet.java:261)\n\tat io.appium.uiautomator2.http.ServerHandler.channelRead(ServerHandler.java:77)\n\tat io.netty.channel.AbstractChannelHandlerContext.fireChannelRead(AbstractChannelHandlerContext.java:356)\n\tat io.netty.handler.codec.MessageToMessageDecoder.channelRead(MessageToMessageDecoder.java:107)\n\tat io.netty.channel.AbstractChannelHandlerContext.fireChannelRead(AbstractChannelHandlerContext.java:356)\n\tat io.netty.channel.CombinedChannelDuplexHandler$DelegatingChannelHandlerContext.fireChannelRead(CombinedChannelDuplexHandler.java:434)\n\tat io.netty.handler.codec.ByteToMessageDecoder.fireChannelRead(ByteToMessageDecoder.java:346)\n\tat io.netty.handler.codec.ByteToMessageDecoder.channelRead(ByteToMessageDecoder.java:318)\n\tat io.netty.channel.CombinedChannelDuplexHandler.channelRead(CombinedChannelDuplexHandler.java:249)\n\tat io.netty.channel.AbstractChannelHandlerContext.fireChannelRead(AbstractChannelHandlerContext.java:354)\n\tat io.netty.handler.timeout.IdleStateHandler.channelRead(IdleStateHandler.java:293)\n\tat io.netty.channel.AbstractChannelHandlerContext.fireChannelRead(AbstractChannelHandlerContext.java:354)\n\tat io.netty.channel.DefaultChannelPipeline$HeadContext.channelRead(DefaultChannelPipeline.java:1429)\n\tat io.netty.channel.DefaultChannelPipeline.fireChannelRead(DefaultChannelPipeline.java:918)\n\tat io.netty.channel.nio.AbstractNioByteChannel$NioByteUnsafe.read(AbstractNioByteChannel.java:168)\n\tat io.netty.channel.nio.AbstractNioChannel$AbstractNioUnsafe.handle(AbstractNioChannel.java:445)\n\tat io.netty.channel.nio.NioIoHandler$DefaultNioRegistration.handle(NioIoHandler.java:388)\n\tat io.netty.channel.nio.NioIoHandler.processSelectedKey(NioIoHandler.java:596)\n\tat io.netty.channel.nio.NioIoHandler.processSelectedKeysOptimized(NioIoHandler.java:571)\n\tat io.netty.channel.nio.NioIoHandler.processSelectedKeys(NioIoHandler.java:512)\n\tat io.netty.channel.nio.NioIoHandler.run(NioIoHandler.java:484)\n\tat io.netty.channel.SingleThreadIoEventLoop.runIo(SingleThreadIoEventLoop.java:225)\n\tat io.netty.channel.SingleThreadIoEventLoop.run(SingleThreadIoEventLoop.java:196)\n\tat io.netty.util.concurrent.SingleThreadEventExecutor$5.run(SingleThreadEventExecutor.java:1193)\n\tat io.netty.util.internal.ThreadExecutorMap$2.run(ThreadExecutorMap.java:74)\n\tat io.netty.util.concurrent.FastThreadLocalRunnable.run(FastThreadLocalRunnable.java:30)\n\tat java.lang.Thread.run(Thread.java:764)\n"}}
05-18 15:09:07.055   669  1264 D WindowManager: Input focus has changed to Window{3977903 u0 com.pax.techpos/com.pax.easypos.display.ActivityList}
05-18 15:09:07.311   669  1025 V AlarmManager: set(PendingIntent{5d6d008: PendingIntentRecord{e0933a1 android broadcastIntent}}) : type=3 triggerAtTime=20435314 win=225000 tElapsed=20435314 maxElapsed=20660314 interval=0 flags=0x8
05-18 15:09:08.074 14188 14217 I appium  : AppiumResponse: {"sessionId":"74f12314-28c1-4523-b58d-76d0d6d9b4ff","value":{"ELEMENT":"00000000-0000-0130-ffff-ffff00000084","element-6066-11e4-a52e-4f735466cecf":"00000000-0000-0130-ffff-ffff00000084"}}
05-18 15:09:08.116 14188 14217 I appium  : AppiumResponse: {"sessionId":"74f12314-28c1-4523-b58d-76d0d6d9b4ff","value":"true"}
05-18 15:09:08.252 14188 14217 I appium  : AppiumResponse: {"sessionId":"74f12314-28c1-4523-b58d-76d0d6d9b4ff","value":{"ELEMENT":"00000000-0000-0130-ffff-ffff00000084","element-6066-11e4-a52e-4f735466cecf":"00000000-0000-0130-ffff-ffff00000084"}}
05-18 15:09:08.892 14188 14217 I appium  : AppiumResponse: {"sessionId":"74f12314-28c1-4523-b58d-76d0d6d9b4ff","value":null}
05-18 15:09:09.009 14188 14217 I appium  : AppiumResponse: {"sessionId":"74f12314-28c1-4523-b58d-76d0d6d9b4ff","value":{"error":"no such element","message":"An element could not be located on the page using the given search parameters","stacktrace":"io.appium.uiautomator2.common.exceptions.ElementNotFoundException: An element could not be located on the page using the given search parameters\n\tat io.appium.uiautomator2.utils.ElementLocationHelpers.findElement(ElementLocationHelpers.java:153)\n\tat io.appium.uiautomator2.handler.FindElement.safeHandle(FindElement.java:60)\n\tat io.appium.uiautomator2.handler.request.SafeRequestHandler.handle(SafeRequestHandler.java:59)\n\tat io.appium.uiautomator2.server.AppiumServlet.handleRequest(AppiumServlet.java:267)\n\tat io.appium.uiautomator2.server.AppiumServlet.handleHttpRequest(AppiumServlet.java:261)\n\tat io.appium.uiautomator2.http.ServerHandler.channelRead(ServerHandler.java:77)\n\tat io.netty.channel.AbstractChannelHandlerContext.fireChannelRead(AbstractChannelHandlerContext.java:356)\n\tat io.netty.handler.codec.MessageToMessageDecoder.channelRead(MessageToMessageDecoder.java:107)\n\tat io.netty.channel.AbstractChannelHandlerContext.fireChannelRead(AbstractChannelHandlerContext.java:356)\n\tat io.netty.channel.CombinedChannelDuplexHandler$DelegatingChannelHandlerContext.fireChannelRead(CombinedChannelDuplexHandler.java:434)\n\tat io.netty.handler.codec.ByteToMessageDecoder.fireChannelRead(ByteToMessageDecoder.java:346)\n\tat io.netty.handler.codec.ByteToMessageDecoder.channelRead(ByteToMessageDecoder.java:318)\n\tat io.netty.channel.CombinedChannelDuplexHandler.channelRead(CombinedChannelDuplexHandler.java:249)\n\tat io.netty.channel.AbstractChannelHandlerContext.fireChannelRead(AbstractChannelHandlerContext.java:354)\n\tat io.netty.handler.timeout.IdleStateHandler.channelRead(IdleStateHandler.java:293)\n\tat io.netty.channel.AbstractChannelHandlerContext.fireChannelRead(AbstractChannelHandlerContext.java:354)\n\tat io.netty.channel.DefaultChannelPipeline$HeadContext.channelRead(DefaultChannelPipeline.java:1429)\n\tat io.netty.channel.DefaultChannelPipeline.fireChannelRead(DefaultChannelPipeline.java:918)\n\tat io.netty.channel.nio.AbstractNioByteChannel$NioByteUnsafe.read(AbstractNioByteChannel.java:168)\n\tat io.netty.channel.nio.AbstractNioChannel$AbstractNioUnsafe.handle(AbstractNioChannel.java:445)\n\tat io.netty.channel.nio.NioIoHandler$DefaultNioRegistration.handle(NioIoHandler.java:388)\n\tat io.netty.channel.nio.NioIoHandler.processSelectedKey(NioIoHandler.java:596)\n\tat io.netty.channel.nio.NioIoHandler.processSelectedKeysOptimized(NioIoHandler.java:571)\n\tat io.netty.channel.nio.NioIoHandler.processSelectedKeys(NioIoHandler.java:512)\n\tat io.netty.channel.nio.NioIoHandler.run(NioIoHandler.java:484)\n\tat io.netty.channel.SingleThreadIoEventLoop.runIo(SingleThreadIoEventLoop.java:225)\n\tat io.netty.channel.SingleThreadIoEventLoop.run(SingleThreadIoEventLoop.java:196)\n\tat io.netty.util.concurrent.SingleThreadEventExecutor$5.run(SingleThreadEventExecutor.java:1193)\n\tat io.netty.util.internal.ThreadExecutorMap$2.run(ThreadExecutorMap.java:74)\n\tat io.netty.util.concurrent.FastThreadLocalRunnable.run(FastThreadLocalRunnable.java:30)\n\tat java.lang.Thread.run(Thread.java:764)\n"}}
05-18 15:09:09.637 14188 14217 I appium  : AppiumResponse: {"sessionId":"74f12314-28c1-4523-b58d-76d0d6d9b4ff","value":{"error":"no such element","message":"An element could not be located on the page using the given search parameters","stacktrace":"io.appium.uiautomator2.common.exceptions.ElementNotFoundException: An element could not be located on the page using the given search parameters\n\tat io.appium.uiautomator2.utils.ElementLocationHelpers.findElement(ElementLocationHelpers.java:153)\n\tat io.appium.uiautomator2.handler.FindElement.safeHandle(FindElement.java:60)\n\tat io.appium.uiautomator2.handler.request.SafeRequestHandler.handle(SafeRequestHandler.java:59)\n\tat io.appium.uiautomator2.server.AppiumServlet.handleRequest(AppiumServlet.java:267)\n\tat io.appium.uiautomator2.server.AppiumServlet.handleHttpRequest(AppiumServlet.java:261)\n\tat io.appium.uiautomator2.http.ServerHandler.channelRead(ServerHandler.java:77)\n\tat io.netty.channel.AbstractChannelHandlerContext.fireChannelRead(AbstractChannelHandlerContext.java:356)\n\tat io.netty.handler.codec.MessageToMessageDecoder.channelRead(MessageToMessageDecoder.java:107)\n\tat io.netty.channel.AbstractChannelHandlerContext.fireChannelRead(AbstractChannelHandlerContext.java:356)\n\tat io.netty.channel.CombinedChannelDuplexHandler$DelegatingChannelHandlerContext.fireChannelRead(CombinedChannelDuplexHandler.java:434)\n\tat io.netty.handler.codec.ByteToMessageDecoder.fireChannelRead(ByteToMessageDecoder.java:346)\n\tat io.netty.handler.codec.ByteToMessageDecoder.channelRead(ByteToMessageDecoder.java:318)\n\tat io.netty.channel.CombinedChannelDuplexHandler.channelRead(CombinedChannelDuplexHandler.java:249)\n\tat io.netty.channel.AbstractChannelHandlerContext.fireChannelRead(AbstractChannelHandlerContext.java:354)\n\tat io.netty.handler.timeout.IdleStateHandler.channelRead(IdleStateHandler.java:293)\n\tat io.netty.channel.AbstractChannelHandlerContext.fireChannelRead(AbstractChannelHandlerContext.java:354)\n\tat io.netty.channel.DefaultChannelPipeline$HeadContext.channelRead(DefaultChannelPipeline.java:1429)\n\tat io.netty.channel.DefaultChannelPipeline.fireChannelRead(DefaultChannelPipeline.java:918)\n\tat io.netty.channel.nio.AbstractNioByteChannel$NioByteUnsafe.read(AbstractNioByteChannel.java:168)\n\tat io.netty.channel.nio.AbstractNioChannel$AbstractNioUnsafe.handle(AbstractNioChannel.java:445)\n\tat io.netty.channel.nio.NioIoHandler$DefaultNioRegistration.handle(NioIoHandler.java:388)\n\tat io.netty.channel.nio.NioIoHandler.processSelectedKey(NioIoHandler.java:596)\n\tat io.netty.channel.nio.NioIoHandler.processSelectedKeysOptimized(NioIoHandler.java:571)\n\tat io.netty.channel.nio.NioIoHandler.processSelectedKeys(NioIoHandler.java:512)\n\tat io.netty.channel.nio.NioIoHandler.run(NioIoHandler.java:484)\n\tat io.netty.channel.SingleThreadIoEventLoop.runIo(SingleThreadIoEventLoop.java:225)\n\tat io.netty.channel.SingleThreadIoEventLoop.run(SingleThreadIoEventLoop.java:196)\n\tat io.netty.util.concurrent.SingleThreadEventExecutor$5.run(SingleThreadEventExecutor.java:1193)\n\tat io.netty.util.internal.ThreadExecutorMap$2.run(ThreadExecutorMap.java:74)\n\tat io.netty.util.concurrent.FastThreadLocalRunnable.run(FastThreadLocalRunnable.java:30)\n\tat java.lang.Thread.run(Thread.java:764)\n"}}
05-18 15:09:10.261 14188 14217 I appium  : AppiumResponse: {"sessionId":"74f12314-28c1-4523-b58d-76d0d6d9b4ff","value":{"error":"no such element","message":"An element could not be located on the page using the given search parameters","stacktrace":"io.appium.uiautomator2.common.exceptions.ElementNotFoundException: An element could not be located on the page using the given search parameters\n\tat io.appium.uiautomator2.utils.ElementLocationHelpers.findElement(ElementLocationHelpers.java:153)\n\tat io.appium.uiautomator2.handler.FindElement.safeHandle(FindElement.java:60)\n\tat io.appium.uiautomator2.handler.request.SafeRequestHandler.handle(SafeRequestHandler.java:59)\n\tat io.appium.uiautomator2.server.AppiumServlet.handleRequest(AppiumServlet.java:267)\n\tat io.appium.uiautomator2.server.AppiumServlet.handleHttpRequest(AppiumServlet.java:261)\n\tat io.appium.uiautomator2.http.ServerHandler.channelRead(ServerHandler.java:77)\n\tat io.netty.channel.AbstractChannelHandlerContext.fireChannelRead(AbstractChannelHandlerContext.java:356)\n\tat io.netty.handler.codec.MessageToMessageDecoder.channelRead(MessageToMessageDecoder.java:107)\n\tat io.netty.channel.AbstractChannelHandlerContext.fireChannelRead(AbstractChannelHandlerContext.java:356)\n\tat io.netty.channel.CombinedChannelDuplexHandler$DelegatingChannelHandlerContext.fireChannelRead(CombinedChannelDuplexHandler.java:434)\n\tat io.netty.handler.codec.ByteToMessageDecoder.fireChannelRead(ByteToMessageDecoder.java:346)\n\tat io.netty.handler.codec.ByteToMessageDecoder.channelRead(ByteToMessageDecoder.java:318)\n\tat io.netty.channel.CombinedChannelDuplexHandler.channelRead(CombinedChannelDuplexHandler.java:249)\n\tat io.netty.channel.AbstractChannelHandlerContext.fireChannelRead(AbstractChannelHandlerContext.java:354)\n\tat io.netty.handler.timeout.IdleStateHandler.channelRead(IdleStateHandler.java:293)\n\tat io.netty.channel.AbstractChannelHandlerContext.fireChannelRead(AbstractChannelHandlerContext.java:354)\n\tat io.netty.channel.DefaultChannelPipeline$HeadContext.channelRead(DefaultChannelPipeline.java:1429)\n\tat io.netty.channel.DefaultChannelPipeline.fireChannelRead(DefaultChannelPipeline.java:918)\n\tat io.netty.channel.nio.AbstractNioByteChannel$NioByteUnsafe.read(AbstractNioByteChannel.java:168)\n\tat io.netty.channel.nio.AbstractNioChannel$AbstractNioUnsafe.handle(AbstractNioChannel.java:445)\n\tat io.netty.channel.nio.NioIoHandler$DefaultNioRegistration.handle(NioIoHandler.java:388)\n\tat io.netty.channel.nio.NioIoHandler.processSelectedKey(NioIoHandler.java:596)\n\tat io.netty.channel.nio.NioIoHandler.processSelectedKeysOptimized(NioIoHandler.java:571)\n\tat io.netty.channel.nio.NioIoHandler.processSelectedKeys(NioIoHandler.java:512)\n\tat io.netty.channel.nio.NioIoHandler.run(NioIoHandler.java:484)\n\tat io.netty.channel.SingleThreadIoEventLoop.runIo(SingleThreadIoEventLoop.java:225)\n\tat io.netty.channel.SingleThreadIoEventLoop.run(SingleThreadIoEventLoop.java:196)\n\tat io.netty.util.concurrent.SingleThreadEventExecutor$5.run(SingleThreadEventExecutor.java:1193)\n\tat io.netty.util.internal.ThreadExecutorMap$2.run(ThreadExecutorMap.java:74)\n\tat io.netty.util.concurrent.FastThreadLocalRunnable.run(FastThreadLocalRunnable.java:30)\n\tat java.lang.Thread.run(Thread.java:764)\n"}}
05-18 15:09:10.896 14188 14217 I appium  : AppiumResponse: {"sessionId":"74f12314-28c1-4523-b58d-76d0d6d9b4ff","value":{"error":"no such element","message":"An element could not be located on the page using the given search parameters","stacktrace":"io.appium.uiautomator2.common.exceptions.ElementNotFoundException: An element could not be located on the page using the given search parameters\n\tat io.appium.uiautomator2.utils.ElementLocationHelpers.findElement(ElementLocationHelpers.java:153)\n\tat io.appium.uiautomator2.handler.FindElement.safeHandle(FindElement.java:60)\n\tat io.appium.uiautomator2.handler.request.SafeRequestHandler.handle(SafeRequestHandler.java:59)\n\tat io.appium.uiautomator2.server.AppiumServlet.handleRequest(AppiumServlet.java:267)\n\tat io.appium.uiautomator2.server.AppiumServlet.handleHttpRequest(AppiumServlet.java:261)\n\tat io.appium.uiautomator2.http.ServerHandler.channelRead(ServerHandler.java:77)\n\tat io.netty.channel.AbstractChannelHandlerContext.fireChannelRead(AbstractChannelHandlerContext.java:356)\n\tat io.netty.handler.codec.MessageToMessageDecoder.channelRead(MessageToMessageDecoder.java:107)\n\tat io.netty.channel.AbstractChannelHandlerContext.fireChannelRead(AbstractChannelHandlerContext.java:356)\n\tat io.netty.channel.CombinedChannelDuplexHandler$DelegatingChannelHandlerContext.fireChannelRead(CombinedChannelDuplexHandler.java:434)\n\tat io.netty.handler.codec.ByteToMessageDecoder.fireChannelRead(ByteToMessageDecoder.java:346)\n\tat io.netty.handler.codec.ByteToMessageDecoder.channelRead(ByteToMessageDecoder.java:318)\n\tat io.netty.channel.CombinedChannelDuplexHandler.channelRead(CombinedChannelDuplexHandler.java:249)\n\tat io.netty.channel.AbstractChannelHandlerContext.fireChannelRead(AbstractChannelHandlerContext.java:354)\n\tat io.netty.handler.timeout.IdleStateHandler.channelRead(IdleStateHandler.java:293)\n\tat io.netty.channel.AbstractChannelHandlerContext.fireChannelRead(AbstractChannelHandlerContext.java:354)\n\tat io.netty.channel.DefaultChannelPipeline$HeadContext.channelRead(DefaultChannelPipeline.java:1429)\n\tat io.netty.channel.DefaultChannelPipeline.fireChannelRead(DefaultChannelPipeline.java:918)\n\tat io.netty.channel.nio.AbstractNioByteChannel$NioByteUnsafe.read(AbstractNioByteChannel.java:168)\n\tat io.netty.channel.nio.AbstractNioChannel$AbstractNioUnsafe.handle(AbstractNioChannel.java:445)\n\tat io.netty.channel.nio.NioIoHandler$DefaultNioRegistration.handle(NioIoHandler.java:388)\n\tat io.netty.channel.nio.NioIoHandler.processSelectedKey(NioIoHandler.java:596)\n\tat io.netty.channel.nio.NioIoHandler.processSelectedKeysOptimized(NioIoHandler.java:571)\n\tat io.netty.channel.nio.NioIoHandler.processSelectedKeys(NioIoHandler.java:512)\n\tat io.netty.channel.nio.NioIoHandler.run(NioIoHandler.java:484)\n\tat io.netty.channel.SingleThreadIoEventLoop.runIo(SingleThreadIoEventLoop.java:225)\n\tat io.netty.channel.SingleThreadIoEventLoop.run(SingleThreadIoEventLoop.java:196)\n\tat io.netty.util.concurrent.SingleThreadEventExecutor$5.run(SingleThreadEventExecutor.java:1193)\n\tat io.netty.util.internal.ThreadExecutorMap$2.run(ThreadExecutorMap.java:74)\n\tat io.netty.util.concurrent.FastThreadLocalRunnable.run(FastThreadLocalRunnable.java:30)\n\tat java.lang.Thread.run(Thread.java:764)\n"}}
05-18 15:09:11.525 14188 14217 I appium  : AppiumResponse: {"sessionId":"74f12314-28c1-4523-b58d-76d0d6d9b4ff","value":{"error":"no such element","message":"An element could not be located on the page using the given search parameters","stacktrace":"io.appium.uiautomator2.common.exceptions.ElementNotFoundException: An element could not be located on the page using the given search parameters\n\tat io.appium.uiautomator2.utils.ElementLocationHelpers.findElement(ElementLocationHelpers.java:153)\n\tat io.appium.uiautomator2.handler.FindElement.safeHandle(FindElement.java:60)\n\tat io.appium.uiautomator2.handler.request.SafeRequestHandler.handle(SafeRequestHandler.java:59)\n\tat io.appium.uiautomator2.server.AppiumServlet.handleRequest(AppiumServlet.java:267)\n\tat io.appium.uiautomator2.server.AppiumServlet.handleHttpRequest(AppiumServlet.java:261)\n\tat io.appium.uiautomator2.http.ServerHandler.channelRead(ServerHandler.java:77)\n\tat io.netty.channel.AbstractChannelHandlerContext.fireChannelRead(AbstractChannelHandlerContext.java:356)\n\tat io.netty.handler.codec.MessageToMessageDecoder.channelRead(MessageToMessageDecoder.java:107)\n\tat io.netty.channel.AbstractChannelHandlerContext.fireChannelRead(AbstractChannelHandlerContext.java:356)\n\tat io.netty.channel.CombinedChannelDuplexHandler$DelegatingChannelHandlerContext.fireChannelRead(CombinedChannelDuplexHandler.java:434)\n\tat io.netty.handler.codec.ByteToMessageDecoder.fireChannelRead(ByteToMessageDecoder.java:346)\n\tat io.netty.handler.codec.ByteToMessageDecoder.channelRead(ByteToMessageDecoder.java:318)\n\tat io.netty.channel.CombinedChannelDuplexHandler.channelRead(CombinedChannelDuplexHandler.java:249)\n\tat io.netty.channel.AbstractChannelHandlerContext.fireChannelRead(AbstractChannelHandlerContext.java:354)\n\tat io.netty.handler.timeout.IdleStateHandler.channelRead(IdleStateHandler.java:293)\n\tat io.netty.channel.AbstractChannelHandlerContext.fireChannelRead(AbstractChannelHandlerContext.java:354)\n\tat io.netty.channel.DefaultChannelPipeline$HeadContext.channelRead(DefaultChannelPipeline.java:1429)\n\tat io.netty.channel.DefaultChannelPipeline.fireChannelRead(DefaultChannelPipeline.java:918)\n\tat io.netty.channel.nio.AbstractNioByteChannel$NioByteUnsafe.read(AbstractNioByteChannel.java:168)\n\tat io.netty.channel.nio.AbstractNioChannel$AbstractNioUnsafe.handle(AbstractNioChannel.java:445)\n\tat io.netty.channel.nio.NioIoHandler$DefaultNioRegistration.handle(NioIoHandler.java:388)\n\tat io.netty.channel.nio.NioIoHandler.processSelectedKey(NioIoHandler.java:596)\n\tat io.netty.channel.nio.NioIoHandler.processSelectedKeysOptimized(NioIoHandler.java:571)\n\tat io.netty.channel.nio.NioIoHandler.processSelectedKeys(NioIoHandler.java:512)\n\tat io.netty.channel.nio.NioIoHandler.run(NioIoHandler.java:484)\n\tat io.netty.channel.SingleThreadIoEventLoop.runIo(SingleThreadIoEventLoop.java:225)\n\tat io.netty.channel.SingleThreadIoEventLoop.run(SingleThreadIoEventLoop.java:196)\n\tat io.netty.util.concurrent.SingleThreadEventExecutor$5.run(SingleThreadEventExecutor.java:1193)\n\tat io.netty.util.internal.ThreadExecutorMap$2.run(ThreadExecutorMap.java:74)\n\tat io.netty.util.concurrent.FastThreadLocalRunnable.run(FastThreadLocalRunnable.java:30)\n\tat java.lang.Thread.run(Thread.java:764)\n"}}
05-18 15:09:11.592 12090 14439 I Print   : endOfDay jsonObjTitle {"endOfDay":{"acquirerSlipDatas":[{"acqId":"0010","acqName":"T.C.ZİRAAT BANKASI A.Ş.","amount":0,"count":0,"currencySlipDatas":[{"currencyCode":"0840","currencyName":"USD","eodTransSlipData":[]},{"currencyCode":"0949","currencyName":" TL","eodTransSlipData":[]},{"currencyCode":"0978","currencyName":"EUR","eodTransSlipData":[]},{"currencyCode":"0392","currencyName":"JPY","eodTransSlipData":[]},{"currencyCode":"0826","currencyName":"GBP","eodTransSlipData":[]},{"currencyCode":"0643","currencyName":"RUB","eodTransSlipData":[]}],"mercId":"000000000106674","termId":"00000107","title":"TechPOS SLİP BİLGİ"},{"acqId":"0015","acqName":"T.VAKIFLAR BANKASI T.A.O.","amount":0,"count":0,"currencySlipDatas":[{"currencyCode":"0840","currencyName":"USD","eodTransSlipData":[]},{"currencyCode":"0949","currencyName":" TL","eodTransSlipData":[]},{"currencyCode":"0978","currencyName":"EUR","eodTransSlipData":[]},{"currencyCode":"0392","currencyName":"JPY","eodTransSlipData":[]},{"currencyCode":"0826","currencyName":"GBP","eodTransSlipData":[]},{"currencyCode":"0643","currencyName":"RUB","eodTransSlipData":[]}],"mercId":"000100000002228","termId":"PS002723","title":"TechPOS SLİP BİLGİ"},{"acqId":"0059","acqName":"ŞEKERBANK T.A.Ş.","amount":0,"count":0,"currencySlipDatas":[{"currencyCode":"0840","currencyName":"USD","eodTransSlipData":[]},{"currencyCode":"0949","currencyName":" TL","eodTransSlipData":[]},{"currencyCode":"0978","currencyName":"EUR","eodTransSlipData":[]},{"currencyCode":"0392","currencyName":"JPY","eodTransSlipData":[]},{"currencyCode":"0826","currencyName":"GBP","eodTransSlipData":[]},{"currencyCode":"0643","currencyName":"RUB","eodTransSlipData":[]}],"mercId":"000003400102922","termId":"00053617","title":"TechPOS SLİP BİLGİ"},{"acqId":"0062","acqName":"T.GARANTİ BANKASI A.Ş.","amount":0,"count":0,"currencySlipDatas":[{"currencyCode":"0840","currencyName":"USD","eodTransSlipData":[]},{"currencyCode":"0949","currencyName":" TL","eodTransSlipData":[]},{"currencyCode":"0978","currencyName":"EUR","eodTransSlipData":[]},{"currencyCode":"0392","currencyName":"JPY","eodTransSlipData":[]},{"currencyCode":"0826","currencyName":"GBP","eodTransSlipData":[]},{"currencyCode":"0643","currencyName":"RUB","eodTransSlipData":[]}],"mercId":"000000000603175","termId":"04008200","title":"TechPOS SLİP BİLGİ"},{"acqId":"0064","acqName":"T.İŞ BANKASI A.Ş.","amount":0,"count":0,"currencySlipDatas":[{"currencyCode":"0840","currencyName":"USD","eodTransSlipData":[]},{"currencyCode":"0949","currencyName":" TL","eodTransSlipData":[]},{"currencyCode":"0978","currencyName":"EUR","eodTransSlipData":[]},{"currencyCode":"0392","currencyName":"JPY","eodTransSlipData":[]},{"currencyCode":"0826","currencyName":"GBP","eodTransSlipData":[]},{"currencyCode":"0643","currencyName":"RUB","eodTransSlipData":[]}],"mercId":"000000655062057","termId":"S0098Q08","title":"TechPOS SLİP BİLGİ"},{"acqId":"0067","acqName":"YAPI VE KREDİ BANKASI A.Ş.","amount":0,"count":0,"currencySlipDatas":[{"currencyCode":"0840","currencyName":"USD","eodTransSlipData":[]},{"currencyCode":"0949","currencyName":" TL","eodTransSlipData":[]},{"currencyCode":"0978","currencyName":"EUR","eodTransSlipData":[]},{"currencyCode":"0392","currencyName":"JPY","eodTransSlipData":[]},{"currencyCode":"0826","currencyName":"GBP","eodTransSlipData":[]},{"currencyCode":"0643","currencyName":"RUB","eodTransSlipData":[]}],"mercId":"000002685422228","termId":"00483435","title":"TechPOS SLİP BİLGİ"},{"acqId":"0111","acqName":"QNB BANK A.Ş.","amount":0,"count":0,"currencySlipDatas":[{"currencyCode":"0840","currencyName":"USD","eodTransSlipData":[]},{"currencyCode":"0949","currencyName":" TL","eodTransSlipData":[]},{"currencyCode":"0978","currencyName":"EUR","eodTransSlipData":[]},{"currencyCode":"0392","currencyName":"JPY","eodTransSlipData":[]},{"currencyCode":"0826","currencyName":"GBP","eodTransSlipData":[]},{"currencyCode":"0643","currencyName":"RUB","eodTransSlipData":[]}],"mercId":"090200000002557","termId":"PS028750","titl
05-18 15:09:12.140 14188 14217 I appium  : AppiumResponse: {"sessionId":"74f12314-28c1-4523-b58d-76d0d6d9b4ff","value":{"error":"no such element","message":"An element could not be located on the page using the given search parameters","stacktrace":"io.appium.uiautomator2.common.exceptions.ElementNotFoundException: An element could not be located on the page using the given search parameters\n\tat io.appium.uiautomator2.utils.ElementLocationHelpers.findElement(ElementLocationHelpers.java:153)\n\tat io.appium.uiautomator2.handler.FindElement.safeHandle(FindElement.java:60)\n\tat io.appium.uiautomator2.handler.request.SafeRequestHandler.handle(SafeRequestHandler.java:59)\n\tat io.appium.uiautomator2.server.AppiumServlet.handleRequest(AppiumServlet.java:267)\n\tat io.appium.uiautomator2.server.AppiumServlet.handleHttpRequest(AppiumServlet.java:261)\n\tat io.appium.uiautomator2.http.ServerHandler.channelRead(ServerHandler.java:77)\n\tat io.netty.channel.AbstractChannelHandlerContext.fireChannelRead(AbstractChannelHandlerContext.java:356)\n\tat io.netty.handler.codec.MessageToMessageDecoder.channelRead(MessageToMessageDecoder.java:107)\n\tat io.netty.channel.AbstractChannelHandlerContext.fireChannelRead(AbstractChannelHandlerContext.java:356)\n\tat io.netty.channel.CombinedChannelDuplexHandler$DelegatingChannelHandlerContext.fireChannelRead(CombinedChannelDuplexHandler.java:434)\n\tat io.netty.handler.codec.ByteToMessageDecoder.fireChannelRead(ByteToMessageDecoder.java:346)\n\tat io.netty.handler.codec.ByteToMessageDecoder.channelRead(ByteToMessageDecoder.java:318)\n\tat io.netty.channel.CombinedChannelDuplexHandler.channelRead(CombinedChannelDuplexHandler.java:249)\n\tat io.netty.channel.AbstractChannelHandlerContext.fireChannelRead(AbstractChannelHandlerContext.java:354)\n\tat io.netty.handler.timeout.IdleStateHandler.channelRead(IdleStateHandler.java:293)\n\tat io.netty.channel.AbstractChannelHandlerContext.fireChannelRead(AbstractChannelHandlerContext.java:354)\n\tat io.netty.channel.DefaultChannelPipeline$HeadContext.channelRead(DefaultChannelPipeline.java:1429)\n\tat io.netty.channel.DefaultChannelPipeline.fireChannelRead(DefaultChannelPipeline.java:918)\n\tat io.netty.channel.nio.AbstractNioByteChannel$NioByteUnsafe.read(AbstractNioByteChannel.java:168)\n\tat io.netty.channel.nio.AbstractNioChannel$AbstractNioUnsafe.handle(AbstractNioChannel.java:445)\n\tat io.netty.channel.nio.NioIoHandler$DefaultNioRegistration.handle(NioIoHandler.java:388)\n\tat io.netty.channel.nio.NioIoHandler.processSelectedKey(NioIoHandler.java:596)\n\tat io.netty.channel.nio.NioIoHandler.processSelectedKeysOptimized(NioIoHandler.java:571)\n\tat io.netty.channel.nio.NioIoHandler.processSelectedKeys(NioIoHandler.java:512)\n\tat io.netty.channel.nio.NioIoHandler.run(NioIoHandler.java:484)\n\tat io.netty.channel.SingleThreadIoEventLoop.runIo(SingleThreadIoEventLoop.java:225)\n\tat io.netty.channel.SingleThreadIoEventLoop.run(SingleThreadIoEventLoop.java:196)\n\tat io.netty.util.concurrent.SingleThreadEventExecutor$5.run(SingleThreadEventExecutor.java:1193)\n\tat io.netty.util.internal.ThreadExecutorMap$2.run(ThreadExecutorMap.java:74)\n\tat io.netty.util.concurrent.FastThreadLocalRunnable.run(FastThreadLocalRunnable.java:30)\n\tat java.lang.Thread.run(Thread.java:764)\n"}}
05-18 15:09:12.761 14188 14217 I appium  : AppiumResponse: {"sessionId":"74f12314-28c1-4523-b58d-76d0d6d9b4ff","value":{"error":"no such element","message":"An element could not be located on the page using the given search parameters","stacktrace":"io.appium.uiautomator2.common.exceptions.ElementNotFoundException: An element could not be located on the page using the given search parameters\n\tat io.appium.uiautomator2.utils.ElementLocationHelpers.findElement(ElementLocationHelpers.java:153)\n\tat io.appium.uiautomator2.handler.FindElement.safeHandle(FindElement.java:60)\n\tat io.appium.uiautomator2.handler.request.SafeRequestHandler.handle(SafeRequestHandler.java:59)\n\tat io.appium.uiautomator2.server.AppiumServlet.handleRequest(AppiumServlet.java:267)\n\tat io.appium.uiautomator2.server.AppiumServlet.handleHttpRequest(AppiumServlet.java:261)\n\tat io.appium.uiautomator2.http.ServerHandler.channelRead(ServerHandler.java:77)\n\tat io.netty.channel.AbstractChannelHandlerContext.fireChannelRead(AbstractChannelHandlerContext.java:356)\n\tat io.netty.handler.codec.MessageToMessageDecoder.channelRead(MessageToMessageDecoder.java:107)\n\tat io.netty.channel.AbstractChannelHandlerContext.fireChannelRead(AbstractChannelHandlerContext.java:356)\n\tat io.netty.channel.CombinedChannelDuplexHandler$DelegatingChannelHandlerContext.fireChannelRead(CombinedChannelDuplexHandler.java:434)\n\tat io.netty.handler.codec.ByteToMessageDecoder.fireChannelRead(ByteToMessageDecoder.java:346)\n\tat io.netty.handler.codec.ByteToMessageDecoder.channelRead(ByteToMessageDecoder.java:318)\n\tat io.netty.channel.CombinedChannelDuplexHandler.channelRead(CombinedChannelDuplexHandler.java:249)\n\tat io.netty.channel.AbstractChannelHandlerContext.fireChannelRead(AbstractChannelHandlerContext.java:354)\n\tat io.netty.handler.timeout.IdleStateHandler.channelRead(IdleStateHandler.java:293)\n\tat io.netty.channel.AbstractChannelHandlerContext.fireChannelRead(AbstractChannelHandlerContext.java:354)\n\tat io.netty.channel.DefaultChannelPipeline$HeadContext.channelRead(DefaultChannelPipeline.java:1429)\n\tat io.netty.channel.DefaultChannelPipeline.fireChannelRead(DefaultChannelPipeline.java:918)\n\tat io.netty.channel.nio.AbstractNioByteChannel$NioByteUnsafe.read(AbstractNioByteChannel.java:168)\n\tat io.netty.channel.nio.AbstractNioChannel$AbstractNioUnsafe.handle(AbstractNioChannel.java:445)\n\tat io.netty.channel.nio.NioIoHandler$DefaultNioRegistration.handle(NioIoHandler.java:388)\n\tat io.netty.channel.nio.NioIoHandler.processSelectedKey(NioIoHandler.java:596)\n\tat io.netty.channel.nio.NioIoHandler.processSelectedKeysOptimized(NioIoHandler.java:571)\n\tat io.netty.channel.nio.NioIoHandler.processSelectedKeys(NioIoHandler.java:512)\n\tat io.netty.channel.nio.NioIoHandler.run(NioIoHandler.java:484)\n\tat io.netty.channel.SingleThreadIoEventLoop.runIo(SingleThreadIoEventLoop.java:225)\n\tat io.netty.channel.SingleThreadIoEventLoop.run(SingleThreadIoEventLoop.java:196)\n\tat io.netty.util.concurrent.SingleThreadEventExecutor$5.run(SingleThreadEventExecutor.java:1193)\n\tat io.netty.util.internal.ThreadExecutorMap$2.run(ThreadExecutorMap.java:74)\n\tat io.netty.util.concurrent.FastThreadLocalRunnable.run(FastThreadLocalRunnable.java:30)\n\tat java.lang.Thread.run(Thread.java:764)\n"}}
05-18 15:09:13.383 14188 14217 I appium  : AppiumResponse: {"sessionId":"74f12314-28c1-4523-b58d-76d0d6d9b4ff","value":{"error":"no such element","message":"An element could not be located on the page using the given search parameters","stacktrace":"io.appium.uiautomator2.common.exceptions.ElementNotFoundException: An element could not be located on the page using the given search parameters\n\tat io.appium.uiautomator2.utils.ElementLocationHelpers.findElement(ElementLocationHelpers.java:153)\n\tat io.appium.uiautomator2.handler.FindElement.safeHandle(FindElement.java:60)\n\tat io.appium.uiautomator2.handler.request.SafeRequestHandler.handle(SafeRequestHandler.java:59)\n\tat io.appium.uiautomator2.server.AppiumServlet.handleRequest(AppiumServlet.java:267)\n\tat io.appium.uiautomator2.server.AppiumServlet.handleHttpRequest(AppiumServlet.java:261)\n\tat io.appium.uiautomator2.http.ServerHandler.channelRead(ServerHandler.java:77)\n\tat io.netty.channel.AbstractChannelHandlerContext.fireChannelRead(AbstractChannelHandlerContext.java:356)\n\tat io.netty.handler.codec.MessageToMessageDecoder.channelRead(MessageToMessageDecoder.java:107)\n\tat io.netty.channel.AbstractChannelHandlerContext.fireChannelRead(AbstractChannelHandlerContext.java:356)\n\tat io.netty.channel.CombinedChannelDuplexHandler$DelegatingChannelHandlerContext.fireChannelRead(CombinedChannelDuplexHandler.java:434)\n\tat io.netty.handler.codec.ByteToMessageDecoder.fireChannelRead(ByteToMessageDecoder.java:346)\n\tat io.netty.handler.codec.ByteToMessageDecoder.channelRead(ByteToMessageDecoder.java:318)\n\tat io.netty.channel.CombinedChannelDuplexHandler.channelRead(CombinedChannelDuplexHandler.java:249)\n\tat io.netty.channel.AbstractChannelHandlerContext.fireChannelRead(AbstractChannelHandlerContext.java:354)\n\tat io.netty.handler.timeout.IdleStateHandler.channelRead(IdleStateHandler.java:293)\n\tat io.netty.channel.AbstractChannelHandlerContext.fireChannelRead(AbstractChannelHandlerContext.java:354)\n\tat io.netty.channel.DefaultChannelPipeline$HeadContext.channelRead(DefaultChannelPipeline.java:1429)\n\tat io.netty.channel.DefaultChannelPipeline.fireChannelRead(DefaultChannelPipeline.java:918)\n\tat io.netty.channel.nio.AbstractNioByteChannel$NioByteUnsafe.read(AbstractNioByteChannel.java:168)\n\tat io.netty.channel.nio.AbstractNioChannel$AbstractNioUnsafe.handle(AbstractNioChannel.java:445)\n\tat io.netty.channel.nio.NioIoHandler$DefaultNioRegistration.handle(NioIoHandler.java:388)\n\tat io.netty.channel.nio.NioIoHandler.processSelectedKey(NioIoHandler.java:596)\n\tat io.netty.channel.nio.NioIoHandler.processSelectedKeysOptimized(NioIoHandler.java:571)\n\tat io.netty.channel.nio.NioIoHandler.processSelectedKeys(NioIoHandler.java:512)\n\tat io.netty.channel.nio.NioIoHandler.run(NioIoHandler.java:484)\n\tat io.netty.channel.SingleThreadIoEventLoop.runIo(SingleThreadIoEventLoop.java:225)\n\tat io.netty.channel.SingleThreadIoEventLoop.run(SingleThreadIoEventLoop.java:196)\n\tat io.netty.util.concurrent.SingleThreadEventExecutor$5.run(SingleThreadEventExecutor.java:1193)\n\tat io.netty.util.internal.ThreadExecutorMap$2.run(ThreadExecutorMap.java:74)\n\tat io.netty.util.concurrent.FastThreadLocalRunnable.run(FastThreadLocalRunnable.java:30)\n\tat java.lang.Thread.run(Thread.java:764)\n"}}
05-18 15:09:14.657 14188 14217 I appium  : AppiumResponse: {"sessionId":"74f12314-28c1-4523-b58d-76d0d6d9b4ff","value":{"error":"no such element","message":"An element could not be located on the page using the given search parameters","stacktrace":"io.appium.uiautomator2.common.exceptions.ElementNotFoundException: An element could not be located on the page using the given search parameters\n\tat io.appium.uiautomator2.utils.ElementLocationHelpers.findElement(ElementLocationHelpers.java:153)\n\tat io.appium.uiautomator2.handler.FindElement.safeHandle(FindElement.java:60)\n\tat io.appium.uiautomator2.handler.request.SafeRequestHandler.handle(SafeRequestHandler.java:59)\n\tat io.appium.uiautomator2.server.AppiumServlet.handleRequest(AppiumServlet.java:267)\n\tat io.appium.uiautomator2.server.AppiumServlet.handleHttpRequest(AppiumServlet.java:261)\n\tat io.appium.uiautomator2.http.ServerHandler.channelRead(ServerHandler.java:77)\n\tat io.netty.channel.AbstractChannelHandlerContext.fireChannelRead(AbstractChannelHandlerContext.java:356)\n\tat io.netty.handler.codec.MessageToMessageDecoder.channelRead(MessageToMessageDecoder.java:107)\n\tat io.netty.channel.AbstractChannelHandlerContext.fireChannelRead(AbstractChannelHandlerContext.java:356)\n\tat io.netty.channel.CombinedChannelDuplexHandler$DelegatingChannelHandlerContext.fireChannelRead(CombinedChannelDuplexHandler.java:434)\n\tat io.netty.handler.codec.ByteToMessageDecoder.fireChannelRead(ByteToMessageDecoder.java:346)\n\tat io.netty.handler.codec.ByteToMessageDecoder.channelRead(ByteToMessageDecoder.java:318)\n\tat io.netty.channel.CombinedChannelDuplexHandler.channelRead(CombinedChannelDuplexHandler.java:249)\n\tat io.netty.channel.AbstractChannelHandlerContext.fireChannelRead(AbstractChannelHandlerContext.java:354)\n\tat io.netty.handler.timeout.IdleStateHandler.channelRead(IdleStateHandler.java:293)\n\tat io.netty.channel.AbstractChannelHandlerContext.fireChannelRead(AbstractChannelHandlerContext.java:354)\n\tat io.netty.channel.DefaultChannelPipeline$HeadContext.channelRead(DefaultChannelPipeline.java:1429)\n\tat io.netty.channel.DefaultChannelPipeline.fireChannelRead(DefaultChannelPipeline.java:918)\n\tat io.netty.channel.nio.AbstractNioByteChannel$NioByteUnsafe.read(AbstractNioByteChannel.java:168)\n\tat io.netty.channel.nio.AbstractNioChannel$AbstractNioUnsafe.handle(AbstractNioChannel.java:445)\n\tat io.netty.channel.nio.NioIoHandler$DefaultNioRegistration.handle(NioIoHandler.java:388)\n\tat io.netty.channel.nio.NioIoHandler.processSelectedKey(NioIoHandler.java:596)\n\tat io.netty.channel.nio.NioIoHandler.processSelectedKeysOptimized(NioIoHandler.java:571)\n\tat io.netty.channel.nio.NioIoHandler.processSelectedKeys(NioIoHandler.java:512)\n\tat io.netty.channel.nio.NioIoHandler.run(NioIoHandler.java:484)\n\tat io.netty.channel.SingleThreadIoEventLoop.runIo(SingleThreadIoEventLoop.java:225)\n\tat io.netty.channel.SingleThreadIoEventLoop.run(SingleThreadIoEventLoop.java:196)\n\tat io.netty.util.concurrent.SingleThreadEventExecutor$5.run(SingleThreadEventExecutor.java:1193)\n\tat io.netty.util.internal.ThreadExecutorMap$2.run(ThreadExecutorMap.java:74)\n\tat io.netty.util.concurrent.FastThreadLocalRunnable.run(FastThreadLocalRunnable.java:30)\n\tat java.lang.Thread.run(Thread.java:764)\n"}}
05-18 15:09:15.292 14188 14217 I appium  : AppiumResponse: {"sessionId":"74f12314-28c1-4523-b58d-76d0d6d9b4ff","value":{"error":"no such element","message":"An element could not be located on the page using the given search parameters","stacktrace":"io.appium.uiautomator2.common.exceptions.ElementNotFoundException: An element could not be located on the page using the given search parameters\n\tat io.appium.uiautomator2.utils.ElementLocationHelpers.findElement(ElementLocationHelpers.java:153)\n\tat io.appium.uiautomator2.handler.FindElement.safeHandle(FindElement.java:60)\n\tat io.appium.uiautomator2.handler.request.SafeRequestHandler.handle(SafeRequestHandler.java:59)\n\tat io.appium.uiautomator2.server.AppiumServlet.handleRequest(AppiumServlet.java:267)\n\tat io.appium.uiautomator2.server.AppiumServlet.handleHttpRequest(AppiumServlet.java:261)\n\tat io.appium.uiautomator2.http.ServerHandler.channelRead(ServerHandler.java:77)\n\tat io.netty.channel.AbstractChannelHandlerContext.fireChannelRead(AbstractChannelHandlerContext.java:356)\n\tat io.netty.handler.codec.MessageToMessageDecoder.channelRead(MessageToMessageDecoder.java:107)\n\tat io.netty.channel.AbstractChannelHandlerContext.fireChannelRead(AbstractChannelHandlerContext.java:356)\n\tat io.netty.channel.CombinedChannelDuplexHandler$DelegatingChannelHandlerContext.fireChannelRead(CombinedChannelDuplexHandler.java:434)\n\tat io.netty.handler.codec.ByteToMessageDecoder.fireChannelRead(ByteToMessageDecoder.java:346)\n\tat io.netty.handler.codec.ByteToMessageDecoder.channelRead(ByteToMessageDecoder.java:318)\n\tat io.netty.channel.CombinedChannelDuplexHandler.channelRead(CombinedChannelDuplexHandler.java:249)\n\tat io.netty.channel.AbstractChannelHandlerContext.fireChannelRead(AbstractChannelHandlerContext.java:354)\n\tat io.netty.handler.timeout.IdleStateHandler.channelRead(IdleStateHandler.java:293)\n\tat io.netty.channel.AbstractChannelHandlerContext.fireChannelRead(AbstractChannelHandlerContext.java:354)\n\tat io.netty.channel.DefaultChannelPipeline$HeadContext.channelRead(DefaultChannelPipeline.java:1429)\n\tat io.netty.channel.DefaultChannelPipeline.fireChannelRead(DefaultChannelPipeline.java:918)\n\tat io.netty.channel.nio.AbstractNioByteChannel$NioByteUnsafe.read(AbstractNioByteChannel.java:168)\n\tat io.netty.channel.nio.AbstractNioChannel$AbstractNioUnsafe.handle(AbstractNioChannel.java:445)\n\tat io.netty.channel.nio.NioIoHandler$DefaultNioRegistration.handle(NioIoHandler.java:388)\n\tat io.netty.channel.nio.NioIoHandler.processSelectedKey(NioIoHandler.java:596)\n\tat io.netty.channel.nio.NioIoHandler.processSelectedKeysOptimized(NioIoHandler.java:571)\n\tat io.netty.channel.nio.NioIoHandler.processSelectedKeys(NioIoHandler.java:512)\n\tat io.netty.channel.nio.NioIoHandler.run(NioIoHandler.java:484)\n\tat io.netty.channel.SingleThreadIoEventLoop.runIo(SingleThreadIoEventLoop.java:225)\n\tat io.netty.channel.SingleThreadIoEventLoop.run(SingleThreadIoEventLoop.java:196)\n\tat io.netty.util.concurrent.SingleThreadEventExecutor$5.run(SingleThreadEventExecutor.java:1193)\n\tat io.netty.util.internal.ThreadExecutorMap$2.run(ThreadExecutorMap.java:74)\n\tat io.netty.util.concurrent.FastThreadLocalRunnable.run(FastThreadLocalRunnable.java:30)\n\tat java.lang.Thread.run(Thread.java:764)\n"}}
05-18 15:09:15.911 14188 14217 I appium  : AppiumResponse: {"sessionId":"74f12314-28c1-4523-b58d-76d0d6d9b4ff","value":{"error":"no such element","message":"An element could not be located on the page using the given search parameters","stacktrace":"io.appium.uiautomator2.common.exceptions.ElementNotFoundException: An element could not be located on the page using the given search parameters\n\tat io.appium.uiautomator2.utils.ElementLocationHelpers.findElement(ElementLocationHelpers.java:153)\n\tat io.appium.uiautomator2.handler.FindElement.safeHandle(FindElement.java:60)\n\tat io.appium.uiautomator2.handler.request.SafeRequestHandler.handle(SafeRequestHandler.java:59)\n\tat io.appium.uiautomator2.server.AppiumServlet.handleRequest(AppiumServlet.java:267)\n\tat io.appium.uiautomator2.server.AppiumServlet.handleHttpRequest(AppiumServlet.java:261)\n\tat io.appium.uiautomator2.http.ServerHandler.channelRead(ServerHandler.java:77)\n\tat io.netty.channel.AbstractChannelHandlerContext.fireChannelRead(AbstractChannelHandlerContext.java:356)\n\tat io.netty.handler.codec.MessageToMessageDecoder.channelRead(MessageToMessageDecoder.java:107)\n\tat io.netty.channel.AbstractChannelHandlerContext.fireChannelRead(AbstractChannelHandlerContext.java:356)\n\tat io.netty.channel.CombinedChannelDuplexHandler$DelegatingChannelHandlerContext.fireChannelRead(CombinedChannelDuplexHandler.java:434)\n\tat io.netty.handler.codec.ByteToMessageDecoder.fireChannelRead(ByteToMessageDecoder.java:346)\n\tat io.netty.handler.codec.ByteToMessageDecoder.channelRead(ByteToMessageDecoder.java:318)\n\tat io.netty.channel.CombinedChannelDuplexHandler.channelRead(CombinedChannelDuplexHandler.java:249)\n\tat io.netty.channel.AbstractChannelHandlerContext.fireChannelRead(AbstractChannelHandlerContext.java:354)\n\tat io.netty.handler.timeout.IdleStateHandler.channelRead(IdleStateHandler.java:293)\n\tat io.netty.channel.AbstractChannelHandlerContext.fireChannelRead(AbstractChannelHandlerContext.java:354)\n\tat io.netty.channel.DefaultChannelPipeline$HeadContext.channelRead(DefaultChannelPipeline.java:1429)\n\tat io.netty.channel.DefaultChannelPipeline.fireChannelRead(DefaultChannelPipeline.java:918)\n\tat io.netty.channel.nio.AbstractNioByteChannel$NioByteUnsafe.read(AbstractNioByteChannel.java:168)\n\tat io.netty.channel.nio.AbstractNioChannel$AbstractNioUnsafe.handle(AbstractNioChannel.java:445)\n\tat io.netty.channel.nio.NioIoHandler$DefaultNioRegistration.handle(NioIoHandler.java:388)\n\tat io.netty.channel.nio.NioIoHandler.processSelectedKey(NioIoHandler.java:596)\n\tat io.netty.channel.nio.NioIoHandler.processSelectedKeysOptimized(NioIoHandler.java:571)\n\tat io.netty.channel.nio.NioIoHandler.processSelectedKeys(NioIoHandler.java:512)\n\tat io.netty.channel.nio.NioIoHandler.run(NioIoHandler.java:484)\n\tat io.netty.channel.SingleThreadIoEventLoop.runIo(SingleThreadIoEventLoop.java:225)\n\tat io.netty.channel.SingleThreadIoEventLoop.run(SingleThreadIoEventLoop.java:196)\n\tat io.netty.util.concurrent.SingleThreadEventExecutor$5.run(SingleThreadEventExecutor.java:1193)\n\tat io.netty.util.internal.ThreadExecutorMap$2.run(ThreadExecutorMap.java:74)\n\tat io.netty.util.concurrent.FastThreadLocalRunnable.run(FastThreadLocalRunnable.java:30)\n\tat java.lang.Thread.run(Thread.java:764)\n"}}
05-18 15:09:16.543 14188 14217 I appium  : AppiumResponse: {"sessionId":"74f12314-28c1-4523-b58d-76d0d6d9b4ff","value":{"error":"no such element","message":"An element could not be located on the page using the given search parameters","stacktrace":"io.appium.uiautomator2.common.exceptions.ElementNotFoundException: An element could not be located on the page using the given search parameters\n\tat io.appium.uiautomator2.utils.ElementLocationHelpers.findElement(ElementLocationHelpers.java:153)\n\tat io.appium.uiautomator2.handler.FindElement.safeHandle(FindElement.java:60)\n\tat io.appium.uiautomator2.handler.request.SafeRequestHandler.handle(SafeRequestHandler.java:59)\n\tat io.appium.uiautomator2.server.AppiumServlet.handleRequest(AppiumServlet.java:267)\n\tat io.appium.uiautomator2.server.AppiumServlet.handleHttpRequest(AppiumServlet.java:261)\n\tat io.appium.uiautomator2.http.ServerHandler.channelRead(ServerHandler.java:77)\n\tat io.netty.channel.AbstractChannelHandlerContext.fireChannelRead(AbstractChannelHandlerContext.java:356)\n\tat io.netty.handler.codec.MessageToMessageDecoder.channelRead(MessageToMessageDecoder.java:107)\n\tat io.netty.channel.AbstractChannelHandlerContext.fireChannelRead(AbstractChannelHandlerContext.java:356)\n\tat io.netty.channel.CombinedChannelDuplexHandler$DelegatingChannelHandlerContext.fireChannelRead(CombinedChannelDuplexHandler.java:434)\n\tat io.netty.handler.codec.ByteToMessageDecoder.fireChannelRead(ByteToMessageDecoder.java:346)\n\tat io.netty.handler.codec.ByteToMessageDecoder.channelRead(ByteToMessageDecoder.java:318)\n\tat io.netty.channel.CombinedChannelDuplexHandler.channelRead(CombinedChannelDuplexHandler.java:249)\n\tat io.netty.channel.AbstractChannelHandlerContext.fireChannelRead(AbstractChannelHandlerContext.java:354)\n\tat io.netty.handler.timeout.IdleStateHandler.channelRead(IdleStateHandler.java:293)\n\tat io.netty.channel.AbstractChannelHandlerContext.fireChannelRead(AbstractChannelHandlerContext.java:354)\n\tat io.netty.channel.DefaultChannelPipeline$HeadContext.channelRead(DefaultChannelPipeline.java:1429)\n\tat io.netty.channel.DefaultChannelPipeline.fireChannelRead(DefaultChannelPipeline.java:918)\n\tat io.netty.channel.nio.AbstractNioByteChannel$NioByteUnsafe.read(AbstractNioByteChannel.java:168)\n\tat io.netty.channel.nio.AbstractNioChannel$AbstractNioUnsafe.handle(AbstractNioChannel.java:445)\n\tat io.netty.channel.nio.NioIoHandler$DefaultNioRegistration.handle(NioIoHandler.java:388)\n\tat io.netty.channel.nio.NioIoHandler.processSelectedKey(NioIoHandler.java:596)\n\tat io.netty.channel.nio.NioIoHandler.processSelectedKeysOptimized(NioIoHandler.java:571)\n\tat io.netty.channel.nio.NioIoHandler.processSelectedKeys(NioIoHandler.java:512)\n\tat io.netty.channel.nio.NioIoHandler.run(NioIoHandler.java:484)\n\tat io.netty.channel.SingleThreadIoEventLoop.runIo(SingleThreadIoEventLoop.java:225)\n\tat io.netty.channel.SingleThreadIoEventLoop.run(SingleThreadIoEventLoop.java:196)\n\tat io.netty.util.concurrent.SingleThreadEventExecutor$5.run(SingleThreadEventExecutor.java:1193)\n\tat io.netty.util.internal.ThreadExecutorMap$2.run(ThreadExecutorMap.java:74)\n\tat io.netty.util.concurrent.FastThreadLocalRunnable.run(FastThreadLocalRunnable.java:30)\n\tat java.lang.Thread.run(Thread.java:764)\n"}}
05-18 15:09:17.173 14188 14217 I appium  : AppiumResponse: {"sessionId":"74f12314-28c1-4523-b58d-76d0d6d9b4ff","value":{"error":"no such element","message":"An element could not be located on the page using the given search parameters","stacktrace":"io.appium.uiautomator2.common.exceptions.ElementNotFoundException: An element could not be located on the page using the given search parameters\n\tat io.appium.uiautomator2.utils.ElementLocationHelpers.findElement(ElementLocationHelpers.java:153)\n\tat io.appium.uiautomator2.handler.FindElement.safeHandle(FindElement.java:60)\n\tat io.appium.uiautomator2.handler.request.SafeRequestHandler.handle(SafeRequestHandler.java:59)\n\tat io.appium.uiautomator2.server.AppiumServlet.handleRequest(AppiumServlet.java:267)\n\tat io.appium.uiautomator2.server.AppiumServlet.handleHttpRequest(AppiumServlet.java:261)\n\tat io.appium.uiautomator2.http.ServerHandler.channelRead(ServerHandler.java:77)\n\tat io.netty.channel.AbstractChannelHandlerContext.fireChannelRead(AbstractChannelHandlerContext.java:356)\n\tat io.netty.handler.codec.MessageToMessageDecoder.channelRead(MessageToMessageDecoder.java:107)\n\tat io.netty.channel.AbstractChannelHandlerContext.fireChannelRead(AbstractChannelHandlerContext.java:356)\n\tat io.netty.channel.CombinedChannelDuplexHandler$DelegatingChannelHandlerContext.fireChannelRead(CombinedChannelDuplexHandler.java:434)\n\tat io.netty.handler.codec.ByteToMessageDecoder.fireChannelRead(ByteToMessageDecoder.java:346)\n\tat io.netty.handler.codec.ByteToMessageDecoder.channelRead(ByteToMessageDecoder.java:318)\n\tat io.netty.channel.CombinedChannelDuplexHandler.channelRead(CombinedChannelDuplexHandler.java:249)\n\tat io.netty.channel.AbstractChannelHandlerContext.fireChannelRead(AbstractChannelHandlerContext.java:354)\n\tat io.netty.handler.timeout.IdleStateHandler.channelRead(IdleStateHandler.java:293)\n\tat io.netty.channel.AbstractChannelHandlerContext.fireChannelRead(AbstractChannelHandlerContext.java:354)\n\tat io.netty.channel.DefaultChannelPipeline$HeadContext.channelRead(DefaultChannelPipeline.java:1429)\n\tat io.netty.channel.DefaultChannelPipeline.fireChannelRead(DefaultChannelPipeline.java:918)\n\tat io.netty.channel.nio.AbstractNioByteChannel$NioByteUnsafe.read(AbstractNioByteChannel.java:168)\n\tat io.netty.channel.nio.AbstractNioChannel$AbstractNioUnsafe.handle(AbstractNioChannel.java:445)\n\tat io.netty.channel.nio.NioIoHandler$DefaultNioRegistration.handle(NioIoHandler.java:388)\n\tat io.netty.channel.nio.NioIoHandler.processSelectedKey(NioIoHandler.java:596)\n\tat io.netty.channel.nio.NioIoHandler.processSelectedKeysOptimized(NioIoHandler.java:571)\n\tat io.netty.channel.nio.NioIoHandler.processSelectedKeys(NioIoHandler.java:512)\n\tat io.netty.channel.nio.NioIoHandler.run(NioIoHandler.java:484)\n\tat io.netty.channel.SingleThreadIoEventLoop.runIo(SingleThreadIoEventLoop.java:225)\n\tat io.netty.channel.SingleThreadIoEventLoop.run(SingleThreadIoEventLoop.java:196)\n\tat io.netty.util.concurrent.SingleThreadEventExecutor$5.run(SingleThreadEventExecutor.java:1193)\n\tat io.netty.util.internal.ThreadExecutorMap$2.run(ThreadExecutorMap.java:74)\n\tat io.netty.util.concurrent.FastThreadLocalRunnable.run(FastThreadLocalRunnable.java:30)\n\tat java.lang.Thread.run(Thread.java:764)\n"}}
05-18 15:09:17.781 14188 14217 I appium  : AppiumResponse: {"sessionId":"74f12314-28c1-4523-b58d-76d0d6d9b4ff","value":{"error":"no such element","message":"An element could not be located on the page using the given search parameters","stacktrace":"io.appium.uiautomator2.common.exceptions.ElementNotFoundException: An element could not be located on the page using the given search parameters\n\tat io.appium.uiautomator2.utils.ElementLocationHelpers.findElement(ElementLocationHelpers.java:153)\n\tat io.appium.uiautomator2.handler.FindElement.safeHandle(FindElement.java:60)\n\tat io.appium.uiautomator2.handler.request.SafeRequestHandler.handle(SafeRequestHandler.java:59)\n\tat io.appium.uiautomator2.server.AppiumServlet.handleRequest(AppiumServlet.java:267)\n\tat io.appium.uiautomator2.server.AppiumServlet.handleHttpRequest(AppiumServlet.java:261)\n\tat io.appium.uiautomator2.http.ServerHandler.channelRead(ServerHandler.java:77)\n\tat io.netty.channel.AbstractChannelHandlerContext.fireChannelRead(AbstractChannelHandlerContext.java:356)\n\tat io.netty.handler.codec.MessageToMessageDecoder.channelRead(MessageToMessageDecoder.java:107)\n\tat io.netty.channel.AbstractChannelHandlerContext.fireChannelRead(AbstractChannelHandlerContext.java:356)\n\tat io.netty.channel.CombinedChannelDuplexHandler$DelegatingChannelHandlerContext.fireChannelRead(CombinedChannelDuplexHandler.java:434)\n\tat io.netty.handler.codec.ByteToMessageDecoder.fireChannelRead(ByteToMessageDecoder.java:346)\n\tat io.netty.handler.codec.ByteToMessageDecoder.channelRead(ByteToMessageDecoder.java:318)\n\tat io.netty.channel.CombinedChannelDuplexHandler.channelRead(CombinedChannelDuplexHandler.java:249)\n\tat io.netty.channel.AbstractChannelHandlerContext.fireChannelRead(AbstractChannelHandlerContext.java:354)\n\tat io.netty.handler.timeout.IdleStateHandler.channelRead(IdleStateHandler.java:293)\n\tat io.netty.channel.AbstractChannelHandlerContext.fireChannelRead(AbstractChannelHandlerContext.java:354)\n\tat io.netty.channel.DefaultChannelPipeline$HeadContext.channelRead(DefaultChannelPipeline.java:1429)\n\tat io.netty.channel.DefaultChannelPipeline.fireChannelRead(DefaultChannelPipeline.java:918)\n\tat io.netty.channel.nio.AbstractNioByteChannel$NioByteUnsafe.read(AbstractNioByteChannel.java:168)\n\tat io.netty.channel.nio.AbstractNioChannel$AbstractNioUnsafe.handle(AbstractNioChannel.java:445)\n\tat io.netty.channel.nio.NioIoHandler$DefaultNioRegistration.handle(NioIoHandler.java:388)\n\tat io.netty.channel.nio.NioIoHandler.processSelectedKey(NioIoHandler.java:596)\n\tat io.netty.channel.nio.NioIoHandler.processSelectedKeysOptimized(NioIoHandler.java:571)\n\tat io.netty.channel.nio.NioIoHandler.processSelectedKeys(NioIoHandler.java:512)\n\tat io.netty.channel.nio.NioIoHandler.run(NioIoHandler.java:484)\n\tat io.netty.channel.SingleThreadIoEventLoop.runIo(SingleThreadIoEventLoop.java:225)\n\tat io.netty.channel.SingleThreadIoEventLoop.run(SingleThreadIoEventLoop.java:196)\n\tat io.netty.util.concurrent.SingleThreadEventExecutor$5.run(SingleThreadEventExecutor.java:1193)\n\tat io.netty.util.internal.ThreadExecutorMap$2.run(ThreadExecutorMap.java:74)\n\tat io.netty.util.concurrent.FastThreadLocalRunnable.run(FastThreadLocalRunnable.java:30)\n\tat java.lang.Thread.run(Thread.java:764)\n"}}
05-18 15:09:18.392   669  1025 V AlarmManager: set(PendingIntent{5d6d008: PendingIntentRecord{e0933a1 android broadcastIntent}}) : type=3 triggerAtTime=20446395 win=225000 tElapsed=20446395 maxElapsed=20671395 interval=0 flags=0x8
05-18 15:09:18.411 14188 14217 I appium  : AppiumResponse: {"sessionId":"74f12314-28c1-4523-b58d-76d0d6d9b4ff","value":{"error":"no such element","message":"An element could not be located on the page using the given search parameters","stacktrace":"io.appium.uiautomator2.common.exceptions.ElementNotFoundException: An element could not be located on the page using the given search parameters\n\tat io.appium.uiautomator2.utils.ElementLocationHelpers.findElement(ElementLocationHelpers.java:153)\n\tat io.appium.uiautomator2.handler.FindElement.safeHandle(FindElement.java:60)\n\tat io.appium.uiautomator2.handler.request.SafeRequestHandler.handle(SafeRequestHandler.java:59)\n\tat io.appium.uiautomator2.server.AppiumServlet.handleRequest(AppiumServlet.java:267)\n\tat io.appium.uiautomator2.server.AppiumServlet.handleHttpRequest(AppiumServlet.java:261)\n\tat io.appium.uiautomator2.http.ServerHandler.channelRead(ServerHandler.java:77)\n\tat io.netty.channel.AbstractChannelHandlerContext.fireChannelRead(AbstractChannelHandlerContext.java:356)\n\tat io.netty.handler.codec.MessageToMessageDecoder.channelRead(MessageToMessageDecoder.java:107)\n\tat io.netty.channel.AbstractChannelHandlerContext.fireChannelRead(AbstractChannelHandlerContext.java:356)\n\tat io.netty.channel.CombinedChannelDuplexHandler$DelegatingChannelHandlerContext.fireChannelRead(CombinedChannelDuplexHandler.java:434)\n\tat io.netty.handler.codec.ByteToMessageDecoder.fireChannelRead(ByteToMessageDecoder.java:346)\n\tat io.netty.handler.codec.ByteToMessageDecoder.channelRead(ByteToMessageDecoder.java:318)\n\tat io.netty.channel.CombinedChannelDuplexHandler.channelRead(CombinedChannelDuplexHandler.java:249)\n\tat io.netty.channel.AbstractChannelHandlerContext.fireChannelRead(AbstractChannelHandlerContext.java:354)\n\tat io.netty.handler.timeout.IdleStateHandler.channelRead(IdleStateHandler.java:293)\n\tat io.netty.channel.AbstractChannelHandlerContext.fireChannelRead(AbstractChannelHandlerContext.java:354)\n\tat io.netty.channel.DefaultChannelPipeline$HeadContext.channelRead(DefaultChannelPipeline.java:1429)\n\tat io.netty.channel.DefaultChannelPipeline.fireChannelRead(DefaultChannelPipeline.java:918)\n\tat io.netty.channel.nio.AbstractNioByteChannel$NioByteUnsafe.read(AbstractNioByteChannel.java:168)\n\tat io.netty.channel.nio.AbstractNioChannel$AbstractNioUnsafe.handle(AbstractNioChannel.java:445)\n\tat io.netty.channel.nio.NioIoHandler$DefaultNioRegistration.handle(NioIoHandler.java:388)\n\tat io.netty.channel.nio.NioIoHandler.processSelectedKey(NioIoHandler.java:596)\n\tat io.netty.channel.nio.NioIoHandler.processSelectedKeysOptimized(NioIoHandler.java:571)\n\tat io.netty.channel.nio.NioIoHandler.processSelectedKeys(NioIoHandler.java:512)\n\tat io.netty.channel.nio.NioIoHandler.run(NioIoHandler.java:484)\n\tat io.netty.channel.SingleThreadIoEventLoop.runIo(SingleThreadIoEventLoop.java:225)\n\tat io.netty.channel.SingleThreadIoEventLoop.run(SingleThreadIoEventLoop.java:196)\n\tat io.netty.util.concurrent.SingleThreadEventExecutor$5.run(SingleThreadEventExecutor.java:1193)\n\tat io.netty.util.internal.ThreadExecutorMap$2.run(ThreadExecutorMap.java:74)\n\tat io.netty.util.concurrent.FastThreadLocalRunnable.run(FastThreadLocalRunnable.java:30)\n\tat java.lang.Thread.run(Thread.java:764)\n"}}
05-18 15:09:18.518   296   444 D ENGPC   : parse_event: event { 'change', '/devices/virtual/xt_idletimer/timers', 'xt_idletimer', '' }
05-18 15:09:19.019 14188 14217 I appium  : AppiumResponse: {"sessionId":"74f12314-28c1-4523-b58d-76d0d6d9b4ff","value":{"error":"no such element","message":"An element could not be located on the page using the given search parameters","stacktrace":"io.appium.uiautomator2.common.exceptions.ElementNotFoundException: An element could not be located on the page using the given search parameters\n\tat io.appium.uiautomator2.utils.ElementLocationHelpers.findElement(ElementLocationHelpers.java:153)\n\tat io.appium.uiautomator2.handler.FindElement.safeHandle(FindElement.java:60)\n\tat io.appium.uiautomator2.handler.request.SafeRequestHandler.handle(SafeRequestHandler.java:59)\n\tat io.appium.uiautomator2.server.AppiumServlet.handleRequest(AppiumServlet.java:267)\n\tat io.appium.uiautomator2.server.AppiumServlet.handleHttpRequest(AppiumServlet.java:261)\n\tat io.appium.uiautomator2.http.ServerHandler.channelRead(ServerHandler.java:77)\n\tat io.netty.channel.AbstractChannelHandlerContext.fireChannelRead(AbstractChannelHandlerContext.java:356)\n\tat io.netty.handler.codec.MessageToMessageDecoder.channelRead(MessageToMessageDecoder.java:107)\n\tat io.netty.channel.AbstractChannelHandlerContext.fireChannelRead(AbstractChannelHandlerContext.java:356)\n\tat io.netty.channel.CombinedChannelDuplexHandler$DelegatingChannelHandlerContext.fireChannelRead(CombinedChannelDuplexHandler.java:434)\n\tat io.netty.handler.codec.ByteToMessageDecoder.fireChannelRead(ByteToMessageDecoder.java:346)\n\tat io.netty.handler.codec.ByteToMessageDecoder.channelRead(ByteToMessageDecoder.java:318)\n\tat io.netty.channel.CombinedChannelDuplexHandler.channelRead(CombinedChannelDuplexHandler.java:249)\n\tat io.netty.channel.AbstractChannelHandlerContext.fireChannelRead(AbstractChannelHandlerContext.java:354)\n\tat io.netty.handler.timeout.IdleStateHandler.channelRead(IdleStateHandler.java:293)\n\tat io.netty.channel.AbstractChannelHandlerContext.fireChannelRead(AbstractChannelHandlerContext.java:354)\n\tat io.netty.channel.DefaultChannelPipeline$HeadContext.channelRead(DefaultChannelPipeline.java:1429)\n\tat io.netty.channel.DefaultChannelPipeline.fireChannelRead(DefaultChannelPipeline.java:918)\n\tat io.netty.channel.nio.AbstractNioByteChannel$NioByteUnsafe.read(AbstractNioByteChannel.java:168)\n\tat io.netty.channel.nio.AbstractNioChannel$AbstractNioUnsafe.handle(AbstractNioChannel.java:445)\n\tat io.netty.channel.nio.NioIoHandler$DefaultNioRegistration.handle(NioIoHandler.java:388)\n\tat io.netty.channel.nio.NioIoHandler.processSelectedKey(NioIoHandler.java:596)\n\tat io.netty.channel.nio.NioIoHandler.processSelectedKeysOptimized(NioIoHandler.java:571)\n\tat io.netty.channel.nio.NioIoHandler.processSelectedKeys(NioIoHandler.java:512)\n\tat io.netty.channel.nio.NioIoHandler.run(NioIoHandler.java:484)\n\tat io.netty.channel.SingleThreadIoEventLoop.runIo(SingleThreadIoEventLoop.java:225)\n\tat io.netty.channel.SingleThreadIoEventLoop.run(SingleThreadIoEventLoop.java:196)\n\tat io.netty.util.concurrent.SingleThreadEventExecutor$5.run(SingleThreadEventExecutor.java:1193)\n\tat io.netty.util.internal.ThreadExecutorMap$2.run(ThreadExecutorMap.java:74)\n\tat io.netty.util.concurrent.FastThreadLocalRunnable.run(FastThreadLocalRunnable.java:30)\n\tat java.lang.Thread.run(Thread.java:764)\n"}}
05-18 15:09:19.517   296   444 D ENGPC   : parse_event: event { 'change', '/devices/virtual/xt_idletimer/timers', 'xt_idletimer', '' }
05-18 15:09:19.638   669  8686 D WindowManager: Input focus has changed to Window{aa5057b u0 com.pax.techpos/com.pax.easypos.display.ActivityList}
05-18 15:09:21.888   296   444 D ENGPC   : parse_event: event { 'change', '/devices/platform/battery/power_supply/battery', 'power_supply', '' }
05-18 15:09:21.889   296   444 D ENGPC   : parse_event: event { 'change', '/devices/platform/battery/power_supply/battery', 'power_supply', '' }
05-18 15:09:21.897   669   669 D BroadcastQueue: Add broadcast <BroadcastRecord{4ad53f1 u-1 android.intent.action.BATTERY_CHANGED}> into [parallel | background], pending size 0
05-18 15:09:21.905   669   683 D BroadcastQueue: Done with parallel broadcast [background] [BroadcastRecord{4ad53f1 u-1 android.intent.action.BATTERY_CHANGED}]
