2026-05-22 03:12:43.956 WARN  LogFilter.processRawLog:144 [kullanici iade islemi yapar] - LogFilter: Slip JSON bulunamad˝ ? Configuration.properties g¸ncellenmedi.
2026-05-22 03:12:43.966 INFO  LogFilter.processRawLog:165 [kullanici iade islemi yapar] - LogFilter: RAW log i˛lendi (senaryo: kullanici iade islemi yapar).
2026-05-22 03:12:43.976 INFO  TestHooks.afterAll:87  - === TEST SUITE B›TT› ===
2026-05-22 09:29:16.270 INFO  TestHooks.beforeAll:22  - === TEST SUITE BAﬁLADI ===
2026-05-22 09:29:16.425 INFO  TestHooks.beforeScenario:28 [kullanici samplesale uzerinden garanti1 kart ile MKE satis islemi gecer] - Senaryo ba˛lad˝: kullanici samplesale uzerinden garanti1 kart ile MKE satis islemi gecer
2026-05-22 09:29:21.557 INFO  TestHooks.beforeStep:45 [kullanici samplesale uzerinden garanti1 kart ile MKE satis islemi gecer] - ? Logcat ilk stepte ba˛lat˝ld˝.
2026-05-22 09:33:08.190 INFO  TestHooks.beforeAll:22  - === TEST SUITE BAﬁLADI ===
2026-05-22 09:33:08.284 INFO  TestHooks.beforeScenario:28 [kullanici samplesale uzerinden CTLS satis islemi gecer] - Senaryo ba˛lad˝: kullanici samplesale uzerinden CTLS satis islemi gecer
2026-05-22 09:33:13.367 INFO  TestHooks.beforeStep:45 [kullanici samplesale uzerinden CTLS satis islemi gecer] - ? Logcat ilk stepte ba˛lat˝ld˝.
2026-05-22 09:33:33.895 WARN  TestHooks.afterStep:57 [kullanici samplesale uzerinden CTLS satis islemi gecer] - ? Ad˝m FAIL oldu ? Screenshot al˝n˝yor...
2026-05-22 09:33:33.897 ERROR TestHooks.afterScenario:68 [kullanici samplesale uzerinden CTLS satis islemi gecer] - ? Senaryo FAIL ? kullanici samplesale uzerinden CTLS satis islemi gecer
2026-05-22 09:33:52.077 WARN  LogFilter.processRawLog:144 [kullanici samplesale uzerinden CTLS satis islemi gecer] - LogFilter: Slip JSON bulunamad˝ ? Configuration.properties g¸ncellenmedi.
2026-05-22 09:33:52.078 INFO  LogFilter.processRawLog:165 [kullanici samplesale uzerinden CTLS satis islemi gecer] - LogFilter: RAW log i˛lendi (senaryo: kullanici samplesale uzerinden CTLS satis islemi gecer).
2026-05-22 09:33:52.106 INFO  TestHooks.afterAll:87  - === TEST SUITE B›TT› ===
2026-05-22 09:33:58.593 INFO  TestHooks.beforeAll:22  - === TEST SUITE BAﬁLADI ===
2026-05-22 09:33:58.689 INFO  TestHooks.beforeScenario:28 [kullanici samplesale uzerinden CTLS satis islemi gecer] - Senaryo ba˛lad˝: kullanici samplesale uzerinden CTLS satis islemi gecer
2026-05-22 09:34:03.783 INFO  TestHooks.beforeStep:45 [kullanici samplesale uzerinden CTLS satis islemi gecer] - ? Logcat ilk stepte ba˛lat˝ld˝.
2026-05-22 09:35:11.420 WARN  TestHooks.afterStep:57 [kullanici samplesale uzerinden CTLS satis islemi gecer] - ? Ad˝m FAIL oldu ? Screenshot al˝n˝yor...
2026-05-22 09:35:11.422 ERROR TestHooks.afterScenario:68 [kullanici samplesale uzerinden CTLS satis islemi gecer] - ? Senaryo FAIL ? kullanici samplesale uzerinden CTLS satis islemi gecer
2026-05-22 09:35:29.708 WARN  LogFilter.processRawLog:144 [kullanici samplesale uzerinden CTLS satis islemi gecer] - LogFilter: Slip JSON bulunamad˝ ? Configuration.properties g¸ncellenmedi.
2026-05-22 09:35:29.708 INFO  LogFilter.processRawLog:165 [kullanici samplesale uzerinden CTLS satis islemi gecer] - LogFilter: RAW log i˛lendi (senaryo: kullanici samplesale uzerinden CTLS satis islemi gecer).
2026-05-22 09:35:29.736 INFO  TestHooks.afterAll:87  - === TEST SUITE B›TT› ===
2026-05-22 09:35:36.089 INFO  TestHooks.beforeAll:22  - === TEST SUITE BAﬁLADI ===
2026-05-22 09:35:36.198 INFO  TestHooks.beforeScenario:28 [kullanici samplesale uzerinden CTLS satis islemi gecer] - Senaryo ba˛lad˝: kullanici samplesale uzerinden CTLS satis islemi gecer
2026-05-22 09:35:41.306 INFO  TestHooks.beforeStep:45 [kullanici samplesale uzerinden CTLS satis islemi gecer] - ? Logcat ilk stepte ba˛lat˝ld˝.
2026-05-22 09:36:01.892 WARN  TestHooks.afterStep:57 [kullanici samplesale uzerinden CTLS satis islemi gecer] - ? Ad˝m FAIL oldu ? Screenshot al˝n˝yor...
2026-05-22 09:36:01.894 ERROR TestHooks.afterScenario:68 [kullanici samplesale uzerinden CTLS satis islemi gecer] - ? Senaryo FAIL ? kullanici samplesale uzerinden CTLS satis islemi gecer
2026-05-22 09:36:20.186 WARN  LogFilter.processRawLog:144 [kullanici samplesale uzerinden CTLS satis islemi gecer] - LogFilter: Slip JSON bulunamad˝ ? Configuration.properties g¸ncellenmedi.
2026-05-22 09:36:20.186 INFO  LogFilter.processRawLog:165 [kullanici samplesale uzerinden CTLS satis islemi gecer] - LogFilter: RAW log i˛lendi (senaryo: kullanici samplesale uzerinden CTLS satis islemi gecer).
2026-05-22 09:36:20.209 INFO  TestHooks.afterAll:87  - === TEST SUITE B›TT› ===
2026-05-22 09:36:28.020 INFO  TestHooks.beforeAll:22  - === TEST SUITE BAﬁLADI ===
2026-05-22 09:36:28.118 INFO  TestHooks.beforeScenario:28 [kullanici samplesale uzerinden CTLS satis islemi gecer] - Senaryo ba˛lad˝: kullanici samplesale uzerinden CTLS satis islemi gecer
2026-05-22 09:36:33.214 INFO  TestHooks.beforeStep:45 [kullanici samplesale uzerinden CTLS satis islemi gecer] - ? Logcat ilk stepte ba˛lat˝ld˝.
2026-05-22 09:36:33.507 WARN  TestHooks.afterStep:57 [kullanici samplesale uzerinden CTLS satis islemi gecer] - ? Ad˝m FAIL oldu ? Screenshot al˝n˝yor...
2026-05-22 09:36:33.510 ERROR TestHooks.afterScenario:68 [kullanici samplesale uzerinden CTLS satis islemi gecer] - ? Senaryo FAIL ? kullanici samplesale uzerinden CTLS satis islemi gecer
2026-05-22 09:36:51.746 WARN  LogFilter.processRawLog:144 [kullanici samplesale uzerinden CTLS satis islemi gecer] - LogFilter: Slip JSON bulunamad˝ ? Configuration.properties g¸ncellenmedi.
2026-05-22 09:36:51.746 INFO  LogFilter.processRawLog:165 [kullanici samplesale uzerinden CTLS satis islemi gecer] - LogFilter: RAW log i˛lendi (senaryo: kullanici samplesale uzerinden CTLS satis islemi gecer).
2026-05-22 09:36:51.764 INFO  TestHooks.afterAll:87  - === TEST SUITE B›TT› ===
2026-05-22 09:37:46.557 INFO  TestHooks.beforeAll:22  - === TEST SUITE BAﬁLADI ===
2026-05-22 09:37:46.663 INFO  TestHooks.beforeScenario:28 [kullanici samplesale uzerinden CTLS satis islemi gecer] - Senaryo ba˛lad˝: kullanici samplesale uzerinden CTLS satis islemi gecer
2026-05-22 09:37:47.006 INFO  TestHooks.beforeStep:45 [kullanici samplesale uzerinden CTLS satis islemi gecer] - ? Logcat ilk stepte ba˛lat˝ld˝.
2026-05-22 09:39:27.732 INFO  TestHooks.afterScenario:71 [kullanici samplesale uzerinden CTLS satis islemi gecer] - ? Senaryo PASS ? kullanici samplesale uzerinden CTLS satis islemi gecer
2026-05-22 09:39:38.917 WARN  LogFilter.processRawLog:144 [kullanici samplesale uzerinden CTLS satis islemi gecer] - LogFilter: Slip JSON bulunamad˝ ? Configuration.properties g¸ncellenmedi.
2026-05-22 09:39:38.921 INFO  LogFilter.processRawLog:156 [kullanici samplesale uzerinden CTLS satis islemi gecer] - LogFilter: Exception log yaz˝ld˝ ? logs\exception\kullanici_samplesale_uzerinden_CTLS_satis_islemi_gecer.log
2026-05-22 09:39:38.923 INFO  LogFilter.processRawLog:162 [kullanici samplesale uzerinden CTLS satis islemi gecer] - LogFilter: JSON benzeri sat˝rlar yaz˝ld˝ ? logs\jsonSlip\kullanici_samplesale_uzerinden_CTLS_satis_islemi_gecer.log
2026-05-22 09:39:38.923 INFO  LogFilter.processRawLog:165 [kullanici samplesale uzerinden CTLS satis islemi gecer] - LogFilter: RAW log i˛lendi (senaryo: kullanici samplesale uzerinden CTLS satis islemi gecer).
2026-05-22 09:39:38.942 INFO  TestHooks.afterAll:87  - === TEST SUITE B›TT› ===
2026-05-22 09:39:45.124 INFO  TestHooks.beforeAll:22  - === TEST SUITE BAﬁLADI ===
2026-05-22 09:39:45.217 INFO  TestHooks.beforeScenario:28 [kullanici samplesale uzerinden CTLS satis islemi gecer] - Senaryo ba˛lad˝: kullanici samplesale uzerinden CTLS satis islemi gecer
2026-05-22 09:39:45.420 INFO  TestHooks.beforeStep:45 [kullanici samplesale uzerinden CTLS satis islemi gecer] - ? Logcat ilk stepte ba˛lat˝ld˝.
2026-05-22 09:41:11.407 INFO  TestHooks.afterScenario:71 [kullanici samplesale uzerinden CTLS satis islemi gecer] - ? Senaryo PASS ? kullanici samplesale uzerinden CTLS satis islemi gecer
2026-05-22 09:41:22.622 WARN  LogFilter.processRawLog:144 [kullanici samplesale uzerinden CTLS satis islemi gecer] - LogFilter: Slip JSON bulunamad˝ ? Configuration.properties g¸ncellenmedi.
2026-05-22 09:41:22.632 INFO  LogFilter.processRawLog:156 [kullanici samplesale uzerinden CTLS satis islemi gecer] - LogFilter: Exception log yaz˝ld˝ ? logs\exception\kullanici_samplesale_uzerinden_CTLS_satis_islemi_gecer.log
2026-05-22 09:41:22.639 INFO  LogFilter.processRawLog:162 [kullanici samplesale uzerinden CTLS satis islemi gecer] - LogFilter: JSON benzeri sat˝rlar yaz˝ld˝ ? logs\jsonSlip\kullanici_samplesale_uzerinden_CTLS_satis_islemi_gecer.log
2026-05-22 09:41:22.640 INFO  LogFilter.processRawLog:165 [kullanici samplesale uzerinden CTLS satis islemi gecer] - LogFilter: RAW log i˛lendi (senaryo: kullanici samplesale uzerinden CTLS satis islemi gecer).
2026-05-22 09:41:22.656 INFO  TestHooks.afterAll:87  - === TEST SUITE B›TT› ===
2026-05-22 09:41:28.363 INFO  TestHooks.beforeAll:22  - === TEST SUITE BAﬁLADI ===
2026-05-22 09:41:28.456 INFO  TestHooks.beforeScenario:28 [kullanici samplesale uzerinden CTLS satis islemi gecer] - Senaryo ba˛lad˝: kullanici samplesale uzerinden CTLS satis islemi gecer
2026-05-22 09:41:28.662 INFO  TestHooks.beforeStep:45 [kullanici samplesale uzerinden CTLS satis islemi gecer] - ? Logcat ilk stepte ba˛lat˝ld˝.
2026-05-22 09:41:55.651 WARN  TestHooks.afterStep:57 [kullanici samplesale uzerinden CTLS satis islemi gecer] - ? Ad˝m FAIL oldu ? Screenshot al˝n˝yor...
2026-05-22 09:41:59.667 INFO  ScreenshotUtil.captureAndAttach:46 [kullanici samplesale uzerinden CTLS satis islemi gecer] - Screenshot kaydedildi: C:\Users\ozgun.tufenkci\IdeaProjects\PaxAutomationAndroid\logs\test\kullanici_samplesale_uzerinden_CTLS_satis_islemi_gecer_20260522-094159662.png
2026-05-22 09:41:59.671 ERROR TestHooks.afterScenario:68 [kullanici samplesale uzerinden CTLS satis islemi gecer] - ? Senaryo FAIL ? kullanici samplesale uzerinden CTLS satis islemi gecer
2026-05-22 09:42:12.393 WARN  LogFilter.processRawLog:144 [kullanici samplesale uzerinden CTLS satis islemi gecer] - LogFilter: Slip JSON bulunamad˝ ? Configuration.properties g¸ncellenmedi.
2026-05-22 09:42:12.397 INFO  LogFilter.processRawLog:156 [kullanici samplesale uzerinden CTLS satis islemi gecer] - LogFilter: Exception log yaz˝ld˝ ? logs\exception\kullanici_samplesale_uzerinden_CTLS_satis_islemi_gecer.log
2026-05-22 09:42:12.399 INFO  LogFilter.processRawLog:162 [kullanici samplesale uzerinden CTLS satis islemi gecer] - LogFilter: JSON benzeri sat˝rlar yaz˝ld˝ ? logs\jsonSlip\kullanici_samplesale_uzerinden_CTLS_satis_islemi_gecer.log
2026-05-22 09:42:12.400 INFO  LogFilter.processRawLog:165 [kullanici samplesale uzerinden CTLS satis islemi gecer] - LogFilter: RAW log i˛lendi (senaryo: kullanici samplesale uzerinden CTLS satis islemi gecer).
2026-05-22 09:42:12.427 INFO  TestHooks.afterAll:87  - === TEST SUITE B›TT› ===
2026-05-22 09:42:18.377 INFO  TestHooks.beforeAll:22  - === TEST SUITE BAﬁLADI ===
2026-05-22 09:42:18.473 INFO  TestHooks.beforeScenario:28 [kullanici samplesale uzerinden CTLS satis islemi gecer] - Senaryo ba˛lad˝: kullanici samplesale uzerinden CTLS satis islemi gecer
2026-05-22 09:42:18.673 INFO  TestHooks.beforeStep:45 [kullanici samplesale uzerinden CTLS satis islemi gecer] - ? Logcat ilk stepte ba˛lat˝ld˝.
2026-05-22 09:45:33.968 INFO  TestHooks.afterScenario:71 [kullanici samplesale uzerinden CTLS satis islemi gecer] - ? Senaryo PASS ? kullanici samplesale uzerinden CTLS satis islemi gecer
2026-05-22 09:45:46.759 WARN  LogFilter.processRawLog:144 [kullanici samplesale uzerinden CTLS satis islemi gecer] - LogFilter: Slip JSON bulunamad˝ ? Configuration.properties g¸ncellenmedi.
2026-05-22 09:45:46.764 INFO  LogFilter.processRawLog:156 [kullanici samplesale uzerinden CTLS satis islemi gecer] - LogFilter: Exception log yaz˝ld˝ ? logs\exception\kullanici_samplesale_uzerinden_CTLS_satis_islemi_gecer.log
2026-05-22 09:45:46.769 INFO  LogFilter.processRawLog:162 [kullanici samplesale uzerinden CTLS satis islemi gecer] - LogFilter: JSON benzeri sat˝rlar yaz˝ld˝ ? logs\jsonSlip\kullanici_samplesale_uzerinden_CTLS_satis_islemi_gecer.log
2026-05-22 09:45:46.769 INFO  LogFilter.processRawLog:165 [kullanici samplesale uzerinden CTLS satis islemi gecer] - LogFilter: RAW log i˛lendi (senaryo: kullanici samplesale uzerinden CTLS satis islemi gecer).
2026-05-22 09:45:46.784 INFO  TestHooks.afterAll:87  - === TEST SUITE B›TT› ===
2026-05-22 09:45:53.342 INFO  TestHooks.beforeAll:22  - === TEST SUITE BAﬁLADI ===
2026-05-22 09:45:53.499 INFO  TestHooks.beforeScenario:28 [kullanici samplesale uzerinden CTLS satis islemi gecer] - Senaryo ba˛lad˝: kullanici samplesale uzerinden CTLS satis islemi gecer
2026-05-22 09:45:53.644 INFO  TestHooks.beforeStep:54 [kullanici samplesale uzerinden CTLS satis islemi gecer] - ? Logcat ilk stepte ba˛lat˝ld˝.
2026-05-22 09:46:37.021 WARN  TestHooks.afterStep:66 [kullanici samplesale uzerinden CTLS satis islemi gecer] - ? Ad˝m FAIL oldu ? Screenshot al˝n˝yor...
2026-05-22 09:46:40.937 INFO  ScreenshotUtil.captureAndAttach:46 [kullanici samplesale uzerinden CTLS satis islemi gecer] - Screenshot kaydedildi: C:\Users\ozgun.tufenkci\IdeaProjects\PaxAutomationAndroid\logs\test\kullanici_samplesale_uzerinden_CTLS_satis_islemi_gecer_20260522-094640929.png
2026-05-22 09:46:40.942 ERROR TestHooks.afterScenario:77 [kullanici samplesale uzerinden CTLS satis islemi gecer] - ? Senaryo FAIL ? kullanici samplesale uzerinden CTLS satis islemi gecer
2026-05-22 09:46:55.168 WARN  LogFilter.processRawLog:144 [kullanici samplesale uzerinden CTLS satis islemi gecer] - LogFilter: Slip JSON bulunamad˝ ? Configuration.properties g¸ncellenmedi.
2026-05-22 09:46:55.172 INFO  LogFilter.processRawLog:156 [kullanici samplesale uzerinden CTLS satis islemi gecer] - LogFilter: Exception log yaz˝ld˝ ? logs\exception\kullanici_samplesale_uzerinden_CTLS_satis_islemi_gecer.log
2026-05-22 09:46:55.176 INFO  LogFilter.processRawLog:162 [kullanici samplesale uzerinden CTLS satis islemi gecer] - LogFilter: JSON benzeri sat˝rlar yaz˝ld˝ ? logs\jsonSlip\kullanici_samplesale_uzerinden_CTLS_satis_islemi_gecer.log
2026-05-22 09:46:55.176 INFO  LogFilter.processRawLog:165 [kullanici samplesale uzerinden CTLS satis islemi gecer] - LogFilter: RAW log i˛lendi (senaryo: kullanici samplesale uzerinden CTLS satis islemi gecer).
2026-05-22 09:46:55.205 INFO  TestHooks.afterAll:96  - === TEST SUITE B›TT› ===
2026-05-22 09:47:04.627 INFO  TestHooks.beforeAll:22  - === TEST SUITE BAﬁLADI ===
2026-05-22 09:47:04.791 INFO  TestHooks.beforeScenario:28 [kullanici samplesale uzerinden CTLS satis islemi gecer] - Senaryo ba˛lad˝: kullanici samplesale uzerinden CTLS satis islemi gecer
2026-05-22 09:47:04.947 INFO  TestHooks.beforeStep:53 [kullanici samplesale uzerinden CTLS satis islemi gecer] - ? Logcat ilk stepte ba˛lat˝ld˝.
2026-05-22 09:48:23.262 INFO  TestHooks.beforeAll:22  - === TEST SUITE BAﬁLADI ===
2026-05-22 09:48:23.425 INFO  TestHooks.beforeScenario:28 [kullanici samplesale uzerinden CTLS satis islemi gecer] - Senaryo ba˛lad˝: kullanici samplesale uzerinden CTLS satis islemi gecer
2026-05-22 09:48:23.586 INFO  TestHooks.beforeStep:53 [kullanici samplesale uzerinden CTLS satis islemi gecer] - ? Logcat ilk stepte ba˛lat˝ld˝.
2026-05-22 09:49:13.133 WARN  TestHooks.afterStep:65 [kullanici samplesale uzerinden CTLS satis islemi gecer] - ? Ad˝m FAIL oldu ? Screenshot al˝n˝yor...
2026-05-22 09:49:17.191 INFO  ScreenshotUtil.captureAndAttach:46 [kullanici samplesale uzerinden CTLS satis islemi gecer] - Screenshot kaydedildi: C:\Users\ozgun.tufenkci\IdeaProjects\PaxAutomationAndroid\logs\test\kullanici_samplesale_uzerinden_CTLS_satis_islemi_gecer_20260522-094917186.png
2026-05-22 09:49:17.196 ERROR TestHooks.afterScenario:76 [kullanici samplesale uzerinden CTLS satis islemi gecer] - ? Senaryo FAIL ? kullanici samplesale uzerinden CTLS satis islemi gecer
2026-05-22 09:49:30.770 WARN  LogFilter.processRawLog:144 [kullanici samplesale uzerinden CTLS satis islemi gecer] - LogFilter: Slip JSON bulunamad˝ ? Configuration.properties g¸ncellenmedi.
2026-05-22 09:49:30.775 INFO  LogFilter.processRawLog:156 [kullanici samplesale uzerinden CTLS satis islemi gecer] - LogFilter: Exception log yaz˝ld˝ ? logs\exception\kullanici_samplesale_uzerinden_CTLS_satis_islemi_gecer.log
2026-05-22 09:49:30.779 INFO  LogFilter.processRawLog:162 [kullanici samplesale uzerinden CTLS satis islemi gecer] - LogFilter: JSON benzeri sat˝rlar yaz˝ld˝ ? logs\jsonSlip\kullanici_samplesale_uzerinden_CTLS_satis_islemi_gecer.log
2026-05-22 09:49:30.780 INFO  LogFilter.processRawLog:165 [kullanici samplesale uzerinden CTLS satis islemi gecer] - LogFilter: RAW log i˛lendi (senaryo: kullanici samplesale uzerinden CTLS satis islemi gecer).
2026-05-22 09:49:30.803 INFO  TestHooks.afterAll:95  - === TEST SUITE B›TT› ===
2026-05-22 09:49:36.952 INFO  TestHooks.beforeAll:22  - === TEST SUITE BAﬁLADI ===
2026-05-22 09:49:37.106 INFO  TestHooks.beforeScenario:28 [kullanici samplesale uzerinden CTLS satis islemi gecer] - Senaryo ba˛lad˝: kullanici samplesale uzerinden CTLS satis islemi gecer
2026-05-22 09:49:37.250 INFO  TestHooks.beforeStep:53 [kullanici samplesale uzerinden CTLS satis islemi gecer] - ? Logcat ilk stepte ba˛lat˝ld˝.
2026-05-22 09:50:28.812 INFO  TestHooks.beforeAll:22  - === TEST SUITE BAﬁLADI ===
2026-05-22 09:50:28.974 INFO  TestHooks.beforeScenario:28 [kullanici samplesale uzerinden CTLS satis islemi gecer] - Senaryo ba˛lad˝: kullanici samplesale uzerinden CTLS satis islemi gecer
2026-05-22 09:50:29.103 INFO  TestHooks.beforeStep:53 [kullanici samplesale uzerinden CTLS satis islemi gecer] - ? Logcat ilk stepte ba˛lat˝ld˝.
2026-05-22 09:51:21.251 INFO  TestHooks.beforeAll:22  - === TEST SUITE BAﬁLADI ===
2026-05-22 09:51:21.399 INFO  TestHooks.beforeScenario:28 [kullanici samplesale uzerinden CTLS satis islemi gecer] - Senaryo ba˛lad˝: kullanici samplesale uzerinden CTLS satis islemi gecer
2026-05-22 09:51:21.541 INFO  TestHooks.beforeStep:53 [kullanici samplesale uzerinden CTLS satis islemi gecer] - ? Logcat ilk stepte ba˛lat˝ld˝.
2026-05-22 09:54:34.997 INFO  TestHooks.afterScenario:79 [kullanici samplesale uzerinden CTLS satis islemi gecer] - ? Senaryo PASS ? kullanici samplesale uzerinden CTLS satis islemi gecer
2026-05-22 09:54:47.011 WARN  LogFilter.processRawLog:144 [kullanici samplesale uzerinden CTLS satis islemi gecer] - LogFilter: Slip JSON bulunamad˝ ? Configuration.properties g¸ncellenmedi.
2026-05-22 09:54:47.025 INFO  LogFilter.processRawLog:156 [kullanici samplesale uzerinden CTLS satis islemi gecer] - LogFilter: Exception log yaz˝ld˝ ? logs\exception\kullanici_samplesale_uzerinden_CTLS_satis_islemi_gecer.log
2026-05-22 09:54:47.025 INFO  LogFilter.processRawLog:162 [kullanici samplesale uzerinden CTLS satis islemi gecer] - LogFilter: JSON benzeri sat˝rlar yaz˝ld˝ ? logs\jsonSlip\kullanici_samplesale_uzerinden_CTLS_satis_islemi_gecer.log
2026-05-22 09:54:47.025 INFO  LogFilter.processRawLog:165 [kullanici samplesale uzerinden CTLS satis islemi gecer] - LogFilter: RAW log i˛lendi (senaryo: kullanici samplesale uzerinden CTLS satis islemi gecer).
2026-05-22 09:54:47.051 INFO  TestHooks.afterAll:95  - === TEST SUITE B›TT› ===
2026-05-22 10:40:40.016 INFO  TestHooks.beforeAll:22  - === TEST SUITE BA≈ûLADI ===
2026-05-22 10:40:40.211 INFO  TestHooks.beforeScenario:28 [kullanici samplesale uzerinden CTLS satis islemi gecer] - Senaryo ba≈üladƒ±: kullanici samplesale uzerinden CTLS satis islemi gecer
2026-05-22 10:40:40.416 INFO  TestHooks.beforeStep:53 [kullanici samplesale uzerinden CTLS satis islemi gecer] - üîµ Logcat ilk stepte ba≈ülatƒ±ldƒ±.
2026-05-22 10:40:40.432 WARN  TestHooks.afterStep:65 [kullanici samplesale uzerinden CTLS satis islemi gecer] - ‚ùå Adƒ±m FAIL oldu ‚Üí Screenshot alƒ±nƒ±yor...
2026-05-22 10:40:40.432 ERROR TestHooks.afterScenario:76 [kullanici samplesale uzerinden CTLS satis islemi gecer] - ‚ùå Senaryo FAIL ‚Üí kullanici samplesale uzerinden CTLS satis islemi gecer
2026-05-22 10:40:49.119 WARN  LogFilter.processRawLog:144 [kullanici samplesale uzerinden CTLS satis islemi gecer] - LogFilter: Slip JSON bulunamadƒ± ‚Üí Configuration.properties g√ºncellenmedi.
2026-05-22 10:40:49.119 INFO  LogFilter.processRawLog:156 [kullanici samplesale uzerinden CTLS satis islemi gecer] - LogFilter: Exception log yazƒ±ldƒ± ‚Üí logs\exception\kullanici_samplesale_uzerinden_CTLS_satis_islemi_gecer.log
2026-05-22 10:40:49.129 INFO  LogFilter.processRawLog:162 [kullanici samplesale uzerinden CTLS satis islemi gecer] - LogFilter: JSON benzeri satƒ±rlar yazƒ±ldƒ± ‚Üí logs\jsonSlip\kullanici_samplesale_uzerinden_CTLS_satis_islemi_gecer.log
2026-05-22 10:40:49.129 INFO  LogFilter.processRawLog:165 [kullanici samplesale uzerinden CTLS satis islemi gecer] - LogFilter: RAW log i≈ülendi (senaryo: kullanici samplesale uzerinden CTLS satis islemi gecer).
2026-05-22 10:40:49.167 INFO  TestHooks.afterAll:95  - === TEST SUITE Bƒ∞TTƒ∞ ===
2026-05-22 10:47:40.519 INFO  TestHooks.beforeAll:21  - === TEST SUITE BA≈ûLADI ===
2026-05-22 10:47:54.930 INFO  TestHooks.beforeScenario:27 [kullanici samplesale uzerinden CTLS satis islemi gecer] - Senaryo ba≈üladƒ±: kullanici samplesale uzerinden CTLS satis islemi gecer
2026-05-22 10:47:55.057 INFO  TestHooks.beforeStep:52 [kullanici samplesale uzerinden CTLS satis islemi gecer] - üîµ Logcat ilk stepte ba≈ülatƒ±ldƒ±.
2026-05-22 10:50:07.237 INFO  TestHooks.beforeAll:21  - === TEST SUITE BA≈ûLADI ===
2026-05-22 10:50:18.512 INFO  TestHooks.beforeScenario:27 [kullanici samplesale uzerinden CTLS satis islemi gecer] - Senaryo ba≈üladƒ±: kullanici samplesale uzerinden CTLS satis islemi gecer
2026-05-22 10:50:18.655 INFO  TestHooks.beforeStep:52 [kullanici samplesale uzerinden CTLS satis islemi gecer] - üîµ Logcat ilk stepte ba≈ülatƒ±ldƒ±.
2026-05-22 10:50:50.289 WARN  TestHooks.afterStep:62 [kullanici samplesale uzerinden CTLS satis islemi gecer] - ‚ùå Adƒ±m FAIL oldu ‚Üí Screenshot alƒ±nƒ±yor...
2026-05-22 10:50:51.996 INFO  ScreenshotUtil.captureAndAttach:46 [kullanici samplesale uzerinden CTLS satis islemi gecer] - Screenshot kaydedildi: C:\Users\ozgun.tufenkci\IdeaProjects\PaxAutomationAndroid\logs\test\kullanici_samplesale_uzerinden_CTLS_satis_islemi_gecer_20260522-105051980.png
2026-05-22 10:50:51.996 ERROR TestHooks.afterScenario:72 [kullanici samplesale uzerinden CTLS satis islemi gecer] - ‚ùå Senaryo FAIL ‚Üí kullanici samplesale uzerinden CTLS satis islemi gecer
2026-05-22 10:51:02.768 WARN  LogFilter.processRawLog:144 [kullanici samplesale uzerinden CTLS satis islemi gecer] - LogFilter: Slip JSON bulunamadƒ± ‚Üí Configuration.properties g√ºncellenmedi.
2026-05-22 10:51:02.772 INFO  LogFilter.processRawLog:156 [kullanici samplesale uzerinden CTLS satis islemi gecer] - LogFilter: Exception log yazƒ±ldƒ± ‚Üí logs\exception\kullanici_samplesale_uzerinden_CTLS_satis_islemi_gecer.log
2026-05-22 10:51:02.776 INFO  LogFilter.processRawLog:162 [kullanici samplesale uzerinden CTLS satis islemi gecer] - LogFilter: JSON benzeri satƒ±rlar yazƒ±ldƒ± ‚Üí logs\jsonSlip\kullanici_samplesale_uzerinden_CTLS_satis_islemi_gecer.log
2026-05-22 10:51:02.776 INFO  LogFilter.processRawLog:165 [kullanici samplesale uzerinden CTLS satis islemi gecer] - LogFilter: RAW log i≈ülendi (senaryo: kullanici samplesale uzerinden CTLS satis islemi gecer).
2026-05-22 10:51:02.808 INFO  TestHooks.afterAll:88  - === TEST SUITE Bƒ∞TTƒ∞ ===
2026-05-22 10:52:26.808 INFO  TestHooks.beforeAll:21  - === TEST SUITE BA≈ûLADI ===
2026-05-22 10:52:40.497 INFO  TestHooks.beforeScenario:27 [kullanici samplesale uzerinden CTLS satis islemi gecer] - Senaryo ba≈üladƒ±: kullanici samplesale uzerinden CTLS satis islemi gecer
2026-05-22 10:52:40.610 INFO  TestHooks.beforeStep:52 [kullanici samplesale uzerinden CTLS satis islemi gecer] - üîµ Logcat ilk stepte ba≈ülatƒ±ldƒ±.
2026-05-22 10:53:10.693 INFO  TestHooks.beforeAll:21  - === TEST SUITE BA≈ûLADI ===
2026-05-22 10:53:24.883 INFO  TestHooks.beforeScenario:27 [kullanici samplesale uzerinden CTLS satis islemi gecer] - Senaryo ba≈üladƒ±: kullanici samplesale uzerinden CTLS satis islemi gecer
2026-05-22 10:53:25.032 INFO  TestHooks.beforeStep:52 [kullanici samplesale uzerinden CTLS satis islemi gecer] - üîµ Logcat ilk stepte ba≈ülatƒ±ldƒ±.
2026-05-22 10:53:57.047 WARN  TestHooks.afterStep:62 [kullanici samplesale uzerinden CTLS satis islemi gecer] - ‚ùå Adƒ±m FAIL oldu ‚Üí Screenshot alƒ±nƒ±yor...
2026-05-22 10:53:57.079 ERROR ScreenshotUtil.captureAndAttach:48 [kullanici samplesale uzerinden CTLS satis islemi gecer] - Screenshot alƒ±nƒ±rken hata: 'GET /screenshot' cannot be proxied to UiAutomator2 server because the instrumentation process is not running (probably crashed). Check the server log and/or the logcat output for more details
Build info: version: '4.23.0', revision: '4df0a231af'
System info: os.name: 'Windows 11', os.arch: 'amd64', os.version: '10.0', java.version: '11.0.29'
Driver info: io.appium.java_client.android.AndroidDriver
Command: [d5e88c6f-fdfd-47bf-af3a-d526d3e12eb5, screenshot {}]
Capabilities {appium:appActivity: com.pax.samplesalea.SaleAct..., appium:appPackage: com.pax.samplesalea, appium:autoGrantPermissions: true, appium:automationName: UiAutomator2, appium:databaseEnabled: false, appium:desired: {appActivity: com.pax.samplesalea.SaleAct..., appPackage: com.pax.samplesalea, autoGrantPermissions: true, automationName: UiAutomator2, deviceName: PaxA910s, disableWindowAnimation: true, dontStopAppOnReset: true, fullReset: false, ignoreHiddenApiPolicyError: true, newCommandTimeout: 300, noReset: true, platformName: ANDROID, udid: 2840152923}, appium:deviceApiLevel: 29, appium:deviceManufacturer: PAX, appium:deviceModel: A910S, appium:deviceName: 2840152923, appium:deviceScreenDensity: 320, appium:deviceScreenSize: 720x1280, appium:deviceUDID: 2840152923, appium:disableWindowAnimation: true, appium:dontStopAppOnReset: true, appium:fullReset: false, appium:ignoreHiddenApiPolicyError: true, appium:javascriptEnabled: true, appium:locationContextEnabled: false, appium:networkConnectionEnabled: true, appium:newCommandTimeout: 300, appium:noReset: true, appium:pixelRatio: 2, appium:platformVersion: 10, appium:statBarHeight: 48, appium:takesScreenshot: true, appium:udid: 2840152923, appium:viewportRect: {height: 1232, left: 0, top: 48, width: 720}, appium:warnings: {}, appium:webStorageEnabled: false, platformName: ANDROID}
Session ID: d5e88c6f-fdfd-47bf-af3a-d526d3e12eb5
org.openqa.selenium.WebDriverException: 'GET /screenshot' cannot be proxied to UiAutomator2 server because the instrumentation process is not running (probably crashed). Check the server log and/or the logcat output for more details
Build info: version: '4.23.0', revision: '4df0a231af'
System info: os.name: 'Windows 11', os.arch: 'amd64', os.version: '10.0', java.version: '11.0.29'
Driver info: io.appium.java_client.android.AndroidDriver
Command: [d5e88c6f-fdfd-47bf-af3a-d526d3e12eb5, screenshot {}]
Capabilities {appium:appActivity: com.pax.samplesalea.SaleAct..., appium:appPackage: com.pax.samplesalea, appium:autoGrantPermissions: true, appium:automationName: UiAutomator2, appium:databaseEnabled: false, appium:desired: {appActivity: com.pax.samplesalea.SaleAct..., appPackage: com.pax.samplesalea, autoGrantPermissions: true, automationName: UiAutomator2, deviceName: PaxA910s, disableWindowAnimation: true, dontStopAppOnReset: true, fullReset: false, ignoreHiddenApiPolicyError: true, newCommandTimeout: 300, noReset: true, platformName: ANDROID, udid: 2840152923}, appium:deviceApiLevel: 29, appium:deviceManufacturer: PAX, appium:deviceModel: A910S, appium:deviceName: 2840152923, appium:deviceScreenDensity: 320, appium:deviceScreenSize: 720x1280, appium:deviceUDID: 2840152923, appium:disableWindowAnimation: true, appium:dontStopAppOnReset: true, appium:fullReset: false, appium:ignoreHiddenApiPolicyError: true, appium:javascriptEnabled: true, appium:locationContextEnabled: false, appium:networkConnectionEnabled: true, appium:newCommandTimeout: 300, appium:noReset: true, appium:pixelRatio: 2, appium:platformVersion: 10, appium:statBarHeight: 48, appium:takesScreenshot: true, appium:udid: 2840152923, appium:viewportRect: {height: 1232, left: 0, top: 48, width: 720}, appium:warnings: {}, appium:webStorageEnabled: false, platformName: ANDROID}
Session ID: d5e88c6f-fdfd-47bf-af3a-d526d3e12eb5
	at java.base/jdk.internal.reflect.NativeConstructorAccessorImpl.newInstance0(Native Method) ~[?:?]
	at java.base/jdk.internal.reflect.NativeConstructorAccessorImpl.newInstance(NativeConstructorAccessorImpl.java:62) ~[?:?]
	at java.base/jdk.internal.reflect.DelegatingConstructorAccessorImpl.newInstance(DelegatingConstructorAccessorImpl.java:45) ~[?:?]
	at java.base/java.lang.reflect.Constructor.newInstance(Constructor.java:490) ~[?:?]
	at org.openqa.selenium.remote.ErrorCodec.decode(ErrorCodec.java:167) ~[selenium-remote-driver-4.23.0.jar:?]
	at org.openqa.selenium.remote.codec.w3c.W3CHttpResponseCodec.decode(W3CHttpResponseCodec.java:138) ~[selenium-remote-driver-4.23.0.jar:?]
	at org.openqa.selenium.remote.codec.w3c.W3CHttpResponseCodec.decode(W3CHttpResponseCodec.java:50) ~[selenium-remote-driver-4.23.0.jar:?]
	at org.openqa.selenium.remote.HttpCommandExecutor.execute(HttpCommandExecutor.java:190) ~[selenium-remote-driver-4.23.0.jar:?]
	at io.appium.java_client.remote.AppiumCommandExecutor.execute(AppiumCommandExecutor.java:237) ~[java-client-9.2.2.jar:?]
	at org.openqa.selenium.remote.RemoteWebDriver.execute(RemoteWebDriver.java:527) ~[selenium-remote-driver-4.23.0.jar:?]
	at org.openqa.selenium.remote.RemoteWebDriver.execute(RemoteWebDriver.java:600) ~[selenium-remote-driver-4.23.0.jar:?]
	at io.appium.java_client.AppiumDriver.execute(AppiumDriver.java:307) ~[java-client-9.2.2.jar:?]
	at org.openqa.selenium.remote.RemoteWebDriver.getScreenshotAs(RemoteWebDriver.java:323) ~[selenium-remote-driver-4.23.0.jar:?]
	at io.appium.java_client.AppiumDriver.getScreenshotAs(AppiumDriver.java:316) ~[java-client-9.2.2.jar:?]
	at utilities.ScreenshotUtil.captureAndAttach(ScreenshotUtil.java:28) ~[test-classes/:?]
	at hooks.TestHooks.afterStep(TestHooks.java:64) ~[test-classes/:?]
	at java.base/jdk.internal.reflect.NativeMethodAccessorImpl.invoke0(Native Method) ~[?:?]
	at java.base/jdk.internal.reflect.NativeMethodAccessorImpl.invoke(NativeMethodAccessorImpl.java:62) ~[?:?]
	at java.base/jdk.internal.reflect.DelegatingMethodAccessorImpl.invoke(DelegatingMethodAccessorImpl.java:43) ~[?:?]
	at java.base/java.lang.reflect.Method.invoke(Method.java:566) ~[?:?]
	at io.cucumber.java.Invoker.doInvoke(Invoker.java:66) ~[cucumber-java-7.14.0.jar:7.14.0]
	at io.cucumber.java.Invoker.invoke(Invoker.java:24) ~[cucumber-java-7.14.0.jar:7.14.0]
	at io.cucumber.java.AbstractGlueDefinition.invokeMethod(AbstractGlueDefinition.java:47) ~[cucumber-java-7.14.0.jar:7.14.0]
	at io.cucumber.java.JavaHookDefinition.execute(JavaHookDefinition.java:64) ~[cucumber-java-7.14.0.jar:7.14.0]
	at io.cucumber.core.runner.CoreHookDefinition.execute(CoreHookDefinition.java:46) ~[cucumber-core-7.14.0.jar:7.14.0]
	at io.cucumber.core.runner.HookDefinitionMatch.runStep(HookDefinitionMatch.java:21) ~[cucumber-core-7.14.0.jar:7.14.0]
	at io.cucumber.core.runner.ExecutionMode$1.execute(ExecutionMode.java:10) ~[cucumber-core-7.14.0.jar:7.14.0]
	at io.cucumber.core.runner.TestStep.executeStep(TestStep.java:84) ~[cucumber-core-7.14.0.jar:7.14.0]
	at io.cucumber.core.runner.TestStep.run(TestStep.java:56) ~[cucumber-core-7.14.0.jar:7.14.0]
	at io.cucumber.core.runner.PickleStepTestStep.run(PickleStepTestStep.java:56) ~[cucumber-core-7.14.0.jar:7.14.0]
	at io.cucumber.core.runner.TestCase.run(TestCase.java:84) ~[cucumber-core-7.14.0.jar:7.14.0]
	at io.cucumber.core.runner.Runner.runPickle(Runner.java:75) ~[cucumber-core-7.14.0.jar:7.14.0]
	at io.cucumber.junit.platform.engine.CucumberEngineExecutionContext.lambda$runTestCase$4(CucumberEngineExecutionContext.java:112) ~[cucumber-junit-platform-engine-7.14.0.jar:?]
	at io.cucumber.core.runtime.CucumberExecutionContext.lambda$runTestCase$5(CucumberExecutionContext.java:137) ~[cucumber-core-7.14.0.jar:7.14.0]
	at io.cucumber.core.runtime.RethrowingThrowableCollector.executeAndThrow(RethrowingThrowableCollector.java:23) ~[cucumber-core-7.14.0.jar:7.14.0]
	at io.cucumber.core.runtime.CucumberExecutionContext.runTestCase(CucumberExecutionContext.java:137) ~[cucumber-core-7.14.0.jar:7.14.0]
	at io.cucumber.junit.platform.engine.CucumberEngineExecutionContext.runTestCase(CucumberEngineExecutionContext.java:109) ~[cucumber-junit-platform-engine-7.14.0.jar:?]
	at io.cucumber.junit.platform.engine.NodeDescriptor$PickleDescriptor.execute(NodeDescriptor.java:168) ~[cucumber-junit-platform-engine-7.14.0.jar:?]
	at io.cucumber.junit.platform.engine.NodeDescriptor$PickleDescriptor.execute(NodeDescriptor.java:90) ~[cucumber-junit-platform-engine-7.14.0.jar:?]
	at org.junit.platform.engine.support.hierarchical.NodeTestTask.lambda$executeRecursively$6(NodeTestTask.java:151) ~[junit-platform-engine-1.10.2.jar:1.10.2]
	at org.junit.platform.engine.support.hierarchical.ThrowableCollector.execute(ThrowableCollector.java:73) ~[junit-platform-engine-1.10.2.jar:1.10.2]
	at org.junit.platform.engine.support.hierarchical.NodeTestTask.lambda$executeRecursively$8(NodeTestTask.java:141) ~[junit-platform-engine-1.10.2.jar:1.10.2]
	at org.junit.platform.engine.support.hierarchical.Node.around(Node.java:137) ~[junit-platform-engine-1.10.2.jar:1.10.2]
	at org.junit.platform.engine.support.hierarchical.NodeTestTask.lambda$executeRecursively$9(NodeTestTask.java:139) ~[junit-platform-engine-1.10.2.jar:1.10.2]
	at org.junit.platform.engine.support.hierarchical.ThrowableCollector.execute(ThrowableCollector.java:73) ~[junit-platform-engine-1.10.2.jar:1.10.2]
	at org.junit.platform.engine.support.hierarchical.NodeTestTask.executeRecursively(NodeTestTask.java:138) ~[junit-platform-engine-1.10.2.jar:1.10.2]
	at org.junit.platform.engine.support.hierarchical.NodeTestTask.execute(NodeTestTask.java:95) ~[junit-platform-engine-1.10.2.jar:1.10.2]
	at java.base/java.util.ArrayList.forEach(ArrayList.java:1541) ~[?:?]
	at org.junit.platform.engine.support.hierarchical.SameThreadHierarchicalTestExecutorService.invokeAll(SameThreadHierarchicalTestExecutorService.java:41) ~[junit-platform-engine-1.10.2.jar:1.10.2]
	at org.junit.platform.engine.support.hierarchical.NodeTestTask.lambda$executeRecursively$6(NodeTestTask.java:155) ~[junit-platform-engine-1.10.2.jar:1.10.2]
	at org.junit.platform.engine.support.hierarchical.ThrowableCollector.execute(ThrowableCollector.java:73) ~[junit-platform-engine-1.10.2.jar:1.10.2]
	at org.junit.platform.engine.support.hierarchical.NodeTestTask.lambda$executeRecursively$8(NodeTestTask.java:141) ~[junit-platform-engine-1.10.2.jar:1.10.2]
	at org.junit.platform.engine.support.hierarchical.Node.around(Node.java:137) ~[junit-platform-engine-1.10.2.jar:1.10.2]
	at org.junit.platform.engine.support.hierarchical.NodeTestTask.lambda$executeRecursively$9(NodeTestTask.java:139) ~[junit-platform-engine-1.10.2.jar:1.10.2]
	at org.junit.platform.engine.support.hierarchical.ThrowableCollector.execute(ThrowableCollector.java:73) ~[junit-platform-engine-1.10.2.jar:1.10.2]
	at org.junit.platform.engine.support.hierarchical.NodeTestTask.executeRecursively(NodeTestTask.java:138) ~[junit-platform-engine-1.10.2.jar:1.10.2]
	at org.junit.platform.engine.support.hierarchical.NodeTestTask.execute(NodeTestTask.java:95) ~[junit-platform-engine-1.10.2.jar:1.10.2]
	at java.base/java.util.ArrayList.forEach(ArrayList.java:1541) ~[?:?]
	at org.junit.platform.engine.support.hierarchical.SameThreadHierarchicalTestExecutorService.invokeAll(SameThreadHierarchicalTestExecutorService.java:41) ~[junit-platform-engine-1.10.2.jar:1.10.2]
	at org.junit.platform.engine.support.hierarchical.NodeTestTask.lambda$executeRecursively$6(NodeTestTask.java:155) ~[junit-platform-engine-1.10.2.jar:1.10.2]
	at org.junit.platform.engine.support.hierarchical.ThrowableCollector.execute(ThrowableCollector.java:73) ~[junit-platform-engine-1.10.2.jar:1.10.2]
	at org.junit.platform.engine.support.hierarchical.NodeTestTask.lambda$executeRecursively$8(NodeTestTask.java:141) ~[junit-platform-engine-1.10.2.jar:1.10.2]
	at org.junit.platform.engine.support.hierarchical.Node.around(Node.java:137) ~[junit-platform-engine-1.10.2.jar:1.10.2]
	at org.junit.platform.engine.support.hierarchical.NodeTestTask.lambda$executeRecursively$9(NodeTestTask.java:139) ~[junit-platform-engine-1.10.2.jar:1.10.2]
	at org.junit.platform.engine.support.hierarchical.ThrowableCollector.execute(ThrowableCollector.java:73) ~[junit-platform-engine-1.10.2.jar:1.10.2]
	at org.junit.platform.engine.support.hierarchical.NodeTestTask.executeRecursively(NodeTestTask.java:138) ~[junit-platform-engine-1.10.2.jar:1.10.2]
	at org.junit.platform.engine.support.hierarchical.NodeTestTask.execute(NodeTestTask.java:95) ~[junit-platform-engine-1.10.2.jar:1.10.2]
	at org.junit.platform.engine.support.hierarchical.SameThreadHierarchicalTestExecutorService.submit(SameThreadHierarchicalTestExecutorService.java:35) ~[junit-platform-engine-1.10.2.jar:1.10.2]
	at org.junit.platform.engine.support.hierarchical.HierarchicalTestExecutor.execute(HierarchicalTestExecutor.java:57) ~[junit-platform-engine-1.10.2.jar:1.10.2]
	at org.junit.platform.engine.support.hierarchical.HierarchicalTestEngine.execute(HierarchicalTestEngine.java:54) ~[junit-platform-engine-1.10.2.jar:1.10.2]
	at org.junit.platform.launcher.core.EngineExecutionOrchestrator.execute(EngineExecutionOrchestrator.java:198) ~[junit-platform-launcher-1.10.2.jar:1.10.2]
	at org.junit.platform.launcher.core.EngineExecutionOrchestrator.execute(EngineExecutionOrchestrator.java:169) ~[junit-platform-launcher-1.10.2.jar:1.10.2]
	at org.junit.platform.launcher.core.EngineExecutionOrchestrator.execute(EngineExecutionOrchestrator.java:93) ~[junit-platform-launcher-1.10.2.jar:1.10.2]
	at org.junit.platform.launcher.core.EngineExecutionOrchestrator.execute(EngineExecutionOrchestrator.java:76) ~[junit-platform-launcher-1.10.2.jar:1.10.2]
	at org.junit.platform.suite.engine.SuiteLauncher.execute(SuiteLauncher.java:63) ~[junit-platform-suite-engine-1.10.2.jar:1.10.2]
	at org.junit.platform.suite.engine.SuiteTestDescriptor.execute(SuiteTestDescriptor.java:128) ~[junit-platform-suite-engine-1.10.2.jar:1.10.2]
	at org.junit.platform.suite.engine.SuiteTestEngine.lambda$execute$0(SuiteTestEngine.java:73) ~[junit-platform-suite-engine-1.10.2.jar:1.10.2]
	at java.base/java.util.stream.ForEachOps$ForEachOp$OfRef.accept(ForEachOps.java:183) ~[?:?]
	at java.base/java.util.stream.ReferencePipeline$3$1.accept(ReferencePipeline.java:195) ~[?:?]
	at java.base/java.util.Iterator.forEachRemaining(Iterator.java:133) ~[?:?]
	at java.base/java.util.Spliterators$IteratorSpliterator.forEachRemaining(Spliterators.java:1801) ~[?:?]
	at java.base/java.util.stream.AbstractPipeline.copyInto(AbstractPipeline.java:484) ~[?:?]
	at java.base/java.util.stream.AbstractPipeline.wrapAndCopyInto(AbstractPipeline.java:474) ~[?:?]
	at java.base/java.util.stream.ForEachOps$ForEachOp.evaluateSequential(ForEachOps.java:150) ~[?:?]
	at java.base/java.util.stream.ForEachOps$ForEachOp$OfRef.evaluateSequential(ForEachOps.java:173) ~[?:?]
	at java.base/java.util.stream.AbstractPipeline.evaluate(AbstractPipeline.java:234) ~[?:?]
	at java.base/java.util.stream.ReferencePipeline.forEach(ReferencePipeline.java:497) ~[?:?]
	at org.junit.platform.suite.engine.SuiteTestEngine.execute(SuiteTestEngine.java:73) ~[junit-platform-suite-engine-1.10.2.jar:1.10.2]
	at org.junit.platform.launcher.core.EngineExecutionOrchestrator.execute(EngineExecutionOrchestrator.java:198) ~[junit-platform-launcher-1.10.2.jar:1.10.2]
	at org.junit.platform.launcher.core.EngineExecutionOrchestrator.execute(EngineExecutionOrchestrator.java:169) ~[junit-platform-launcher-1.10.2.jar:1.10.2]
	at org.junit.platform.launcher.core.EngineExecutionOrchestrator.execute(EngineExecutionOrchestrator.java:93) ~[junit-platform-launcher-1.10.2.jar:1.10.2]
	at org.junit.platform.launcher.core.EngineExecutionOrchestrator.lambda$execute$0(EngineExecutionOrchestrator.java:58) ~[junit-platform-launcher-1.10.2.jar:1.10.2]
	at org.junit.platform.launcher.core.EngineExecutionOrchestrator.withInterceptedStreams(EngineExecutionOrchestrator.java:141) [junit-platform-launcher-1.10.2.jar:1.10.2]
	at org.junit.platform.launcher.core.EngineExecutionOrchestrator.execute(EngineExecutionOrchestrator.java:57) [junit-platform-launcher-1.10.2.jar:1.10.2]
	at org.junit.platform.launcher.core.DefaultLauncher.execute(DefaultLauncher.java:103) [junit-platform-launcher-1.10.2.jar:1.10.2]
	at org.junit.platform.launcher.core.DefaultLauncher.execute(DefaultLauncher.java:85) [junit-platform-launcher-1.10.2.jar:1.10.2]
	at org.junit.platform.launcher.core.DelegatingLauncher.execute(DelegatingLauncher.java:47) [junit-platform-launcher-1.10.2.jar:1.10.2]
	at org.junit.platform.launcher.core.SessionPerRequestLauncher.execute(SessionPerRequestLauncher.java:63) [junit-platform-launcher-1.10.2.jar:1.10.2]
	at com.intellij.junit5.JUnit5IdeaTestRunner.startRunnerWithArgs(JUnit5IdeaTestRunner.java:66) [junit5-rt.jar:?]
	at com.intellij.rt.junit.IdeaTestRunner$Repeater$1.execute(IdeaTestRunner.java:38) [junit-rt.jar:?]
	at com.intellij.rt.execution.junit.TestsRepeater.repeat(TestsRepeater.java:11) [idea_rt.jar:?]
	at com.intellij.rt.junit.IdeaTestRunner$Repeater.startRunnerWithArgs(IdeaTestRunner.java:35) [junit-rt.jar:?]
	at com.intellij.rt.junit.JUnitStarter.prepareStreamsAndStart(JUnitStarter.java:237) [junit-rt.jar:?]
	at com.intellij.rt.junit.JUnitStarter.main(JUnitStarter.java:58) [junit-rt.jar:?]
2026-05-22 10:53:57.095 ERROR TestHooks.afterScenario:72 [kullanici samplesale uzerinden CTLS satis islemi gecer] - ‚ùå Senaryo FAIL ‚Üí kullanici samplesale uzerinden CTLS satis islemi gecer
2026-05-22 10:53:59.685 INFO  LogFilter.processRawLog:137 [kullanici samplesale uzerinden CTLS satis islemi gecer] - LogFilter: sonIslem* alanlarƒ± Configuration.properties'e yazƒ±ldƒ±. (rrn=614203310100, stanNo=7)
2026-05-22 10:53:59.685 INFO  LogFilter.processRawLog:156 [kullanici samplesale uzerinden CTLS satis islemi gecer] - LogFilter: Exception log yazƒ±ldƒ± ‚Üí logs\exception\kullanici_samplesale_uzerinden_CTLS_satis_islemi_gecer.log
2026-05-22 10:53:59.685 INFO  LogFilter.processRawLog:162 [kullanici samplesale uzerinden CTLS satis islemi gecer] - LogFilter: JSON benzeri satƒ±rlar yazƒ±ldƒ± ‚Üí logs\jsonSlip\kullanici_samplesale_uzerinden_CTLS_satis_islemi_gecer.log
2026-05-22 10:53:59.685 INFO  LogFilter.processRawLog:165 [kullanici samplesale uzerinden CTLS satis islemi gecer] - LogFilter: RAW log i≈ülendi (senaryo: kullanici samplesale uzerinden CTLS satis islemi gecer).
2026-05-22 10:53:59.729 INFO  TestHooks.afterAll:88  - === TEST SUITE Bƒ∞TTƒ∞ ===
2026-05-22 10:54:53.316 INFO  TestHooks.beforeAll:21  - === TEST SUITE BA≈ûLADI ===
2026-05-22 10:55:06.818 INFO  TestHooks.beforeScenario:27 [kullanici samplesale uzerinden CTLS satis islemi gecer] - Senaryo ba≈üladƒ±: kullanici samplesale uzerinden CTLS satis islemi gecer
2026-05-22 10:55:06.961 INFO  TestHooks.beforeStep:52 [kullanici samplesale uzerinden CTLS satis islemi gecer] - üîµ Logcat ilk stepte ba≈ülatƒ±ldƒ±.
2026-05-22 10:55:53.070 INFO  TestHooks.beforeAll:21  - === TEST SUITE BA≈ûLADI ===
2026-05-22 10:56:06.958 INFO  TestHooks.beforeScenario:27 [kullanici samplesale uzerinden CTLS satis islemi gecer] - Senaryo ba≈üladƒ±: kullanici samplesale uzerinden CTLS satis islemi gecer
2026-05-22 10:56:07.086 INFO  TestHooks.beforeStep:52 [kullanici samplesale uzerinden CTLS satis islemi gecer] - üîµ Logcat ilk stepte ba≈ülatƒ±ldƒ±.
2026-05-22 10:56:41.109 INFO  TestHooks.afterScenario:75 [kullanici samplesale uzerinden CTLS satis islemi gecer] - ‚úÖ Senaryo PASS ‚Üí kullanici samplesale uzerinden CTLS satis islemi gecer
2026-05-22 10:56:41.839 INFO  LogFilter.processRawLog:137 [kullanici samplesale uzerinden CTLS satis islemi gecer] - LogFilter: sonIslem* alanlarƒ± Configuration.properties'e yazƒ±ldƒ±. (rrn=614203310182, stanNo=8)
2026-05-22 10:56:41.839 INFO  LogFilter.processRawLog:156 [kullanici samplesale uzerinden CTLS satis islemi gecer] - LogFilter: Exception log yazƒ±ldƒ± ‚Üí logs\exception\kullanici_samplesale_uzerinden_CTLS_satis_islemi_gecer.log
2026-05-22 10:56:41.839 INFO  LogFilter.processRawLog:162 [kullanici samplesale uzerinden CTLS satis islemi gecer] - LogFilter: JSON benzeri satƒ±rlar yazƒ±ldƒ± ‚Üí logs\jsonSlip\kullanici_samplesale_uzerinden_CTLS_satis_islemi_gecer.log
2026-05-22 10:56:41.839 INFO  LogFilter.processRawLog:165 [kullanici samplesale uzerinden CTLS satis islemi gecer] - LogFilter: RAW log i≈ülendi (senaryo: kullanici samplesale uzerinden CTLS satis islemi gecer).
2026-05-22 10:56:41.877 INFO  TestHooks.afterAll:88  - === TEST SUITE Bƒ∞TTƒ∞ ===
2026-05-22 10:57:05.568 INFO  TestHooks.beforeAll:21  - === TEST SUITE BAﬁLADI ===
2026-05-22 10:57:15.593 INFO  TestHooks.beforeScenario:27 [kullanici samplesale uzerinden CTLS satis islemi gecer] - Senaryo ba˛lad˝: kullanici samplesale uzerinden CTLS satis islemi gecer
2026-05-22 10:57:15.736 INFO  TestHooks.beforeStep:52 [kullanici samplesale uzerinden CTLS satis islemi gecer] - ? Logcat ilk stepte ba˛lat˝ld˝.
2026-05-22 10:57:56.416 INFO  TestHooks.afterScenario:75 [kullanici samplesale uzerinden CTLS satis islemi gecer] - ? Senaryo PASS ? kullanici samplesale uzerinden CTLS satis islemi gecer
2026-05-22 10:57:57.003 INFO  LogFilter.processRawLog:137 [kullanici samplesale uzerinden CTLS satis islemi gecer] - LogFilter: sonIslem* alanlar˝ Configuration.properties'e yaz˝ld˝. (rrn=614203309326, stanNo=9)
2026-05-22 10:57:57.003 INFO  LogFilter.processRawLog:156 [kullanici samplesale uzerinden CTLS satis islemi gecer] - LogFilter: Exception log yaz˝ld˝ ? logs\exception\kullanici_samplesale_uzerinden_CTLS_satis_islemi_gecer.log
2026-05-22 10:57:57.003 INFO  LogFilter.processRawLog:162 [kullanici samplesale uzerinden CTLS satis islemi gecer] - LogFilter: JSON benzeri sat˝rlar yaz˝ld˝ ? logs\jsonSlip\kullanici_samplesale_uzerinden_CTLS_satis_islemi_gecer.log
2026-05-22 10:57:57.003 INFO  LogFilter.processRawLog:165 [kullanici samplesale uzerinden CTLS satis islemi gecer] - LogFilter: RAW log i˛lendi (senaryo: kullanici samplesale uzerinden CTLS satis islemi gecer).
2026-05-22 10:57:57.022 INFO  TestHooks.afterAll:88  - === TEST SUITE B›TT› ===
2026-05-22 10:58:03.067 INFO  TestHooks.beforeAll:21  - === TEST SUITE BAﬁLADI ===
2026-05-22 10:58:13.049 INFO  TestHooks.beforeScenario:27 [kullanici samplesale uzerinden CTLS satis islemi gecer] - Senaryo ba˛lad˝: kullanici samplesale uzerinden CTLS satis islemi gecer
2026-05-22 10:58:13.183 INFO  TestHooks.beforeStep:52 [kullanici samplesale uzerinden CTLS satis islemi gecer] - ? Logcat ilk stepte ba˛lat˝ld˝.
2026-05-22 10:58:44.459 INFO  TestHooks.afterScenario:75 [kullanici samplesale uzerinden CTLS satis islemi gecer] - ? Senaryo PASS ? kullanici samplesale uzerinden CTLS satis islemi gecer
2026-05-22 10:58:44.972 INFO  LogFilter.processRawLog:137 [kullanici samplesale uzerinden CTLS satis islemi gecer] - LogFilter: sonIslem* alanlar˝ Configuration.properties'e yaz˝ld˝. (rrn=614203309361, stanNo=10)
2026-05-22 10:58:44.972 INFO  LogFilter.processRawLog:156 [kullanici samplesale uzerinden CTLS satis islemi gecer] - LogFilter: Exception log yaz˝ld˝ ? logs\exception\kullanici_samplesale_uzerinden_CTLS_satis_islemi_gecer.log
2026-05-22 10:58:44.981 INFO  LogFilter.processRawLog:162 [kullanici samplesale uzerinden CTLS satis islemi gecer] - LogFilter: JSON benzeri sat˝rlar yaz˝ld˝ ? logs\jsonSlip\kullanici_samplesale_uzerinden_CTLS_satis_islemi_gecer.log
2026-05-22 10:58:44.981 INFO  LogFilter.processRawLog:165 [kullanici samplesale uzerinden CTLS satis islemi gecer] - LogFilter: RAW log i˛lendi (senaryo: kullanici samplesale uzerinden CTLS satis islemi gecer).
2026-05-22 10:58:44.988 INFO  TestHooks.afterAll:88  - === TEST SUITE B›TT› ===
2026-05-22 10:58:50.992 INFO  TestHooks.beforeAll:21  - === TEST SUITE BAﬁLADI ===
2026-05-22 10:59:01.098 INFO  TestHooks.beforeScenario:27 [kullanici samplesale uzerinden CTLS satis islemi gecer] - Senaryo ba˛lad˝: kullanici samplesale uzerinden CTLS satis islemi gecer
2026-05-22 10:59:01.225 INFO  TestHooks.beforeStep:52 [kullanici samplesale uzerinden CTLS satis islemi gecer] - ? Logcat ilk stepte ba˛lat˝ld˝.
2026-05-22 10:59:38.572 INFO  TestHooks.afterScenario:75 [kullanici samplesale uzerinden CTLS satis islemi gecer] - ? Senaryo PASS ? kullanici samplesale uzerinden CTLS satis islemi gecer
2026-05-22 10:59:39.112 INFO  LogFilter.processRawLog:137 [kullanici samplesale uzerinden CTLS satis islemi gecer] - LogFilter: sonIslem* alanlar˝ Configuration.properties'e yaz˝ld˝. (rrn=614203309396, stanNo=11)
2026-05-22 10:59:39.114 INFO  LogFilter.processRawLog:156 [kullanici samplesale uzerinden CTLS satis islemi gecer] - LogFilter: Exception log yaz˝ld˝ ? logs\exception\kullanici_samplesale_uzerinden_CTLS_satis_islemi_gecer.log
2026-05-22 10:59:39.114 INFO  LogFilter.processRawLog:162 [kullanici samplesale uzerinden CTLS satis islemi gecer] - LogFilter: JSON benzeri sat˝rlar yaz˝ld˝ ? logs\jsonSlip\kullanici_samplesale_uzerinden_CTLS_satis_islemi_gecer.log
2026-05-22 10:59:39.114 INFO  LogFilter.processRawLog:165 [kullanici samplesale uzerinden CTLS satis islemi gecer] - LogFilter: RAW log i˛lendi (senaryo: kullanici samplesale uzerinden CTLS satis islemi gecer).
2026-05-22 10:59:39.128 INFO  TestHooks.afterAll:88  - === TEST SUITE B›TT› ===
2026-05-22 10:59:45.202 INFO  TestHooks.beforeAll:21  - === TEST SUITE BAﬁLADI ===
2026-05-22 10:59:55.178 INFO  TestHooks.beforeScenario:27 [kullanici samplesale uzerinden CTLS satis islemi gecer] - Senaryo ba˛lad˝: kullanici samplesale uzerinden CTLS satis islemi gecer
2026-05-22 10:59:55.305 INFO  TestHooks.beforeStep:52 [kullanici samplesale uzerinden CTLS satis islemi gecer] - ? Logcat ilk stepte ba˛lat˝ld˝.
2026-05-22 11:00:22.848 INFO  TestHooks.afterScenario:75 [kullanici samplesale uzerinden CTLS satis islemi gecer] - ? Senaryo PASS ? kullanici samplesale uzerinden CTLS satis islemi gecer
2026-05-22 11:00:23.372 INFO  LogFilter.processRawLog:137 [kullanici samplesale uzerinden CTLS satis islemi gecer] - LogFilter: sonIslem* alanlar˝ Configuration.properties'e yaz˝ld˝. (rrn=614203310301, stanNo=12)
2026-05-22 11:00:23.372 INFO  LogFilter.processRawLog:156 [kullanici samplesale uzerinden CTLS satis islemi gecer] - LogFilter: Exception log yaz˝ld˝ ? logs\exception\kullanici_samplesale_uzerinden_CTLS_satis_islemi_gecer.log
2026-05-22 11:00:23.372 INFO  LogFilter.processRawLog:162 [kullanici samplesale uzerinden CTLS satis islemi gecer] - LogFilter: JSON benzeri sat˝rlar yaz˝ld˝ ? logs\jsonSlip\kullanici_samplesale_uzerinden_CTLS_satis_islemi_gecer.log
2026-05-22 11:00:23.372 INFO  LogFilter.processRawLog:165 [kullanici samplesale uzerinden CTLS satis islemi gecer] - LogFilter: RAW log i˛lendi (senaryo: kullanici samplesale uzerinden CTLS satis islemi gecer).
2026-05-22 11:00:23.401 INFO  TestHooks.afterAll:88  - === TEST SUITE B›TT› ===
2026-05-22 11:00:29.439 INFO  TestHooks.beforeAll:21  - === TEST SUITE BAﬁLADI ===
2026-05-22 11:00:39.229 INFO  TestHooks.beforeScenario:27 [kullanici samplesale uzerinden CTLS satis islemi gecer] - Senaryo ba˛lad˝: kullanici samplesale uzerinden CTLS satis islemi gecer
2026-05-22 11:00:39.372 INFO  TestHooks.beforeStep:52 [kullanici samplesale uzerinden CTLS satis islemi gecer] - ? Logcat ilk stepte ba˛lat˝ld˝.
2026-05-22 11:01:06.770 INFO  TestHooks.afterScenario:75 [kullanici samplesale uzerinden CTLS satis islemi gecer] - ? Senaryo PASS ? kullanici samplesale uzerinden CTLS satis islemi gecer
2026-05-22 11:01:07.472 INFO  LogFilter.processRawLog:137 [kullanici samplesale uzerinden CTLS satis islemi gecer] - LogFilter: sonIslem* alanlar˝ Configuration.properties'e yaz˝ld˝. (rrn=614203310317, stanNo=13)
2026-05-22 11:01:07.472 INFO  LogFilter.processRawLog:156 [kullanici samplesale uzerinden CTLS satis islemi gecer] - LogFilter: Exception log yaz˝ld˝ ? logs\exception\kullanici_samplesale_uzerinden_CTLS_satis_islemi_gecer.log
2026-05-22 11:01:07.472 INFO  LogFilter.processRawLog:162 [kullanici samplesale uzerinden CTLS satis islemi gecer] - LogFilter: JSON benzeri sat˝rlar yaz˝ld˝ ? logs\jsonSlip\kullanici_samplesale_uzerinden_CTLS_satis_islemi_gecer.log
2026-05-22 11:01:07.472 INFO  LogFilter.processRawLog:165 [kullanici samplesale uzerinden CTLS satis islemi gecer] - LogFilter: RAW log i˛lendi (senaryo: kullanici samplesale uzerinden CTLS satis islemi gecer).
2026-05-22 11:01:07.483 INFO  TestHooks.afterAll:88  - === TEST SUITE B›TT› ===
2026-05-22 11:01:13.556 INFO  TestHooks.beforeAll:21  - === TEST SUITE BAﬁLADI ===
2026-05-22 11:01:23.564 INFO  TestHooks.beforeScenario:27 [kullanici samplesale uzerinden CTLS satis islemi gecer] - Senaryo ba˛lad˝: kullanici samplesale uzerinden CTLS satis islemi gecer
2026-05-22 11:01:23.702 INFO  TestHooks.beforeStep:52 [kullanici samplesale uzerinden CTLS satis islemi gecer] - ? Logcat ilk stepte ba˛lat˝ld˝.
2026-05-22 11:01:46.820 INFO  TestHooks.afterScenario:75 [kullanici samplesale uzerinden CTLS satis islemi gecer] - ? Senaryo PASS ? kullanici samplesale uzerinden CTLS satis islemi gecer
2026-05-22 11:01:47.481 INFO  LogFilter.processRawLog:137 [kullanici samplesale uzerinden CTLS satis islemi gecer] - LogFilter: sonIslem* alanlar˝ Configuration.properties'e yaz˝ld˝. (rrn=614203309448, stanNo=14)
2026-05-22 11:01:47.481 INFO  LogFilter.processRawLog:156 [kullanici samplesale uzerinden CTLS satis islemi gecer] - LogFilter: Exception log yaz˝ld˝ ? logs\exception\kullanici_samplesale_uzerinden_CTLS_satis_islemi_gecer.log
2026-05-22 11:01:47.481 INFO  LogFilter.processRawLog:162 [kullanici samplesale uzerinden CTLS satis islemi gecer] - LogFilter: JSON benzeri sat˝rlar yaz˝ld˝ ? logs\jsonSlip\kullanici_samplesale_uzerinden_CTLS_satis_islemi_gecer.log
2026-05-22 11:01:47.481 INFO  LogFilter.processRawLog:165 [kullanici samplesale uzerinden CTLS satis islemi gecer] - LogFilter: RAW log i˛lendi (senaryo: kullanici samplesale uzerinden CTLS satis islemi gecer).
2026-05-22 11:01:47.496 INFO  TestHooks.afterAll:88  - === TEST SUITE B›TT› ===
2026-05-22 11:01:53.508 INFO  TestHooks.beforeAll:21  - === TEST SUITE BAﬁLADI ===
2026-05-22 11:02:03.226 INFO  TestHooks.beforeScenario:27 [kullanici samplesale uzerinden CTLS satis islemi gecer] - Senaryo ba˛lad˝: kullanici samplesale uzerinden CTLS satis islemi gecer
2026-05-22 11:02:03.369 INFO  TestHooks.beforeStep:52 [kullanici samplesale uzerinden CTLS satis islemi gecer] - ? Logcat ilk stepte ba˛lat˝ld˝.
2026-05-22 11:02:31.929 INFO  TestHooks.afterScenario:75 [kullanici samplesale uzerinden CTLS satis islemi gecer] - ? Senaryo PASS ? kullanici samplesale uzerinden CTLS satis islemi gecer
2026-05-22 11:02:32.483 INFO  LogFilter.processRawLog:137 [kullanici samplesale uzerinden CTLS satis islemi gecer] - LogFilter: sonIslem* alanlar˝ Configuration.properties'e yaz˝ld˝. (rrn=614203309467, stanNo=15)
2026-05-22 11:02:32.492 INFO  LogFilter.processRawLog:156 [kullanici samplesale uzerinden CTLS satis islemi gecer] - LogFilter: Exception log yaz˝ld˝ ? logs\exception\kullanici_samplesale_uzerinden_CTLS_satis_islemi_gecer.log
2026-05-22 11:02:32.492 INFO  LogFilter.processRawLog:162 [kullanici samplesale uzerinden CTLS satis islemi gecer] - LogFilter: JSON benzeri sat˝rlar yaz˝ld˝ ? logs\jsonSlip\kullanici_samplesale_uzerinden_CTLS_satis_islemi_gecer.log
2026-05-22 11:02:32.492 INFO  LogFilter.processRawLog:165 [kullanici samplesale uzerinden CTLS satis islemi gecer] - LogFilter: RAW log i˛lendi (senaryo: kullanici samplesale uzerinden CTLS satis islemi gecer).
2026-05-22 11:02:32.499 INFO  TestHooks.afterAll:88  - === TEST SUITE B›TT› ===
2026-05-22 11:02:38.736 INFO  TestHooks.beforeAll:21  - === TEST SUITE BAﬁLADI ===
2026-05-22 11:02:48.870 INFO  TestHooks.beforeScenario:27 [kullanici samplesale uzerinden CTLS satis islemi gecer] - Senaryo ba˛lad˝: kullanici samplesale uzerinden CTLS satis islemi gecer
2026-05-22 11:02:49.018 INFO  TestHooks.beforeStep:52 [kullanici samplesale uzerinden CTLS satis islemi gecer] - ? Logcat ilk stepte ba˛lat˝ld˝.
2026-05-22 11:03:02.002 INFO  TestHooks.afterScenario:75 [kullanici samplesale uzerinden CTLS satis islemi gecer] - ? Senaryo PASS ? kullanici samplesale uzerinden CTLS satis islemi gecer
2026-05-22 11:03:03.225 INFO  LogFilter.processRawLog:137 [kullanici samplesale uzerinden CTLS satis islemi gecer] - LogFilter: sonIslem* alanlar˝ Configuration.properties'e yaz˝ld˝. (rrn=614203310379, stanNo=16)
2026-05-22 11:03:03.229 INFO  LogFilter.processRawLog:156 [kullanici samplesale uzerinden CTLS satis islemi gecer] - LogFilter: Exception log yaz˝ld˝ ? logs\exception\kullanici_samplesale_uzerinden_CTLS_satis_islemi_gecer.log
2026-05-22 11:03:03.235 INFO  LogFilter.processRawLog:162 [kullanici samplesale uzerinden CTLS satis islemi gecer] - LogFilter: JSON benzeri sat˝rlar yaz˝ld˝ ? logs\jsonSlip\kullanici_samplesale_uzerinden_CTLS_satis_islemi_gecer.log
2026-05-22 11:03:03.235 INFO  LogFilter.processRawLog:165 [kullanici samplesale uzerinden CTLS satis islemi gecer] - LogFilter: RAW log i˛lendi (senaryo: kullanici samplesale uzerinden CTLS satis islemi gecer).
2026-05-22 11:03:03.253 INFO  TestHooks.afterAll:88  - === TEST SUITE B›TT› ===
2026-05-22 11:03:09.630 INFO  TestHooks.beforeAll:21  - === TEST SUITE BAﬁLADI ===
2026-05-22 11:03:19.565 INFO  TestHooks.beforeScenario:27 [kullanici samplesale uzerinden CTLS satis islemi gecer] - Senaryo ba˛lad˝: kullanici samplesale uzerinden CTLS satis islemi gecer
2026-05-22 11:03:19.687 INFO  TestHooks.beforeStep:52 [kullanici samplesale uzerinden CTLS satis islemi gecer] - ? Logcat ilk stepte ba˛lat˝ld˝.
2026-05-22 11:03:49.864 INFO  TestHooks.afterScenario:75 [kullanici samplesale uzerinden CTLS satis islemi gecer] - ? Senaryo PASS ? kullanici samplesale uzerinden CTLS satis islemi gecer
2026-05-22 11:03:50.391 INFO  LogFilter.processRawLog:137 [kullanici samplesale uzerinden CTLS satis islemi gecer] - LogFilter: sonIslem* alanlar˝ Configuration.properties'e yaz˝ld˝. (rrn=614203309519, stanNo=17)
2026-05-22 11:03:50.395 INFO  LogFilter.processRawLog:156 [kullanici samplesale uzerinden CTLS satis islemi gecer] - LogFilter: Exception log yaz˝ld˝ ? logs\exception\kullanici_samplesale_uzerinden_CTLS_satis_islemi_gecer.log
2026-05-22 11:03:50.399 INFO  LogFilter.processRawLog:162 [kullanici samplesale uzerinden CTLS satis islemi gecer] - LogFilter: JSON benzeri sat˝rlar yaz˝ld˝ ? logs\jsonSlip\kullanici_samplesale_uzerinden_CTLS_satis_islemi_gecer.log
2026-05-22 11:03:50.401 INFO  LogFilter.processRawLog:165 [kullanici samplesale uzerinden CTLS satis islemi gecer] - LogFilter: RAW log i˛lendi (senaryo: kullanici samplesale uzerinden CTLS satis islemi gecer).
2026-05-22 11:03:50.421 INFO  TestHooks.afterAll:88  - === TEST SUITE B›TT› ===
2026-05-22 11:03:56.624 INFO  TestHooks.beforeAll:21  - === TEST SUITE BAﬁLADI ===
2026-05-22 11:04:06.563 INFO  TestHooks.beforeScenario:27 [kullanici samplesale uzerinden CTLS satis islemi gecer] - Senaryo ba˛lad˝: kullanici samplesale uzerinden CTLS satis islemi gecer
2026-05-22 11:04:06.700 INFO  TestHooks.beforeStep:52 [kullanici samplesale uzerinden CTLS satis islemi gecer] - ? Logcat ilk stepte ba˛lat˝ld˝.
2026-05-22 11:04:34.175 INFO  TestHooks.afterScenario:75 [kullanici samplesale uzerinden CTLS satis islemi gecer] - ? Senaryo PASS ? kullanici samplesale uzerinden CTLS satis islemi gecer
2026-05-22 11:04:34.744 INFO  LogFilter.processRawLog:137 [kullanici samplesale uzerinden CTLS satis islemi gecer] - LogFilter: sonIslem* alanlar˝ Configuration.properties'e yaz˝ld˝. (rrn=614203309536, stanNo=18)
2026-05-22 11:04:34.748 INFO  LogFilter.processRawLog:156 [kullanici samplesale uzerinden CTLS satis islemi gecer] - LogFilter: Exception log yaz˝ld˝ ? logs\exception\kullanici_samplesale_uzerinden_CTLS_satis_islemi_gecer.log
2026-05-22 11:04:34.752 INFO  LogFilter.processRawLog:162 [kullanici samplesale uzerinden CTLS satis islemi gecer] - LogFilter: JSON benzeri sat˝rlar yaz˝ld˝ ? logs\jsonSlip\kullanici_samplesale_uzerinden_CTLS_satis_islemi_gecer.log
2026-05-22 11:04:34.753 INFO  LogFilter.processRawLog:165 [kullanici samplesale uzerinden CTLS satis islemi gecer] - LogFilter: RAW log i˛lendi (senaryo: kullanici samplesale uzerinden CTLS satis islemi gecer).
2026-05-22 11:04:34.771 INFO  TestHooks.afterAll:88  - === TEST SUITE B›TT› ===
2026-05-22 11:04:41.252 INFO  TestHooks.beforeAll:21  - === TEST SUITE BAﬁLADI ===
2026-05-22 11:04:51.320 INFO  TestHooks.beforeScenario:27 [kullanici samplesale uzerinden CTLS satis islemi gecer] - Senaryo ba˛lad˝: kullanici samplesale uzerinden CTLS satis islemi gecer
2026-05-22 11:04:51.458 INFO  TestHooks.beforeStep:52 [kullanici samplesale uzerinden CTLS satis islemi gecer] - ? Logcat ilk stepte ba˛lat˝ld˝.
2026-05-22 11:05:18.981 INFO  TestHooks.afterScenario:75 [kullanici samplesale uzerinden CTLS satis islemi gecer] - ? Senaryo PASS ? kullanici samplesale uzerinden CTLS satis islemi gecer
2026-05-22 11:05:19.533 INFO  LogFilter.processRawLog:137 [kullanici samplesale uzerinden CTLS satis islemi gecer] - LogFilter: sonIslem* alanlar˝ Configuration.properties'e yaz˝ld˝. (rrn=614203309561, stanNo=19)
2026-05-22 11:05:19.535 INFO  LogFilter.processRawLog:156 [kullanici samplesale uzerinden CTLS satis islemi gecer] - LogFilter: Exception log yaz˝ld˝ ? logs\exception\kullanici_samplesale_uzerinden_CTLS_satis_islemi_gecer.log
2026-05-22 11:05:19.539 INFO  LogFilter.processRawLog:162 [kullanici samplesale uzerinden CTLS satis islemi gecer] - LogFilter: JSON benzeri sat˝rlar yaz˝ld˝ ? logs\jsonSlip\kullanici_samplesale_uzerinden_CTLS_satis_islemi_gecer.log
2026-05-22 11:05:19.539 INFO  LogFilter.processRawLog:165 [kullanici samplesale uzerinden CTLS satis islemi gecer] - LogFilter: RAW log i˛lendi (senaryo: kullanici samplesale uzerinden CTLS satis islemi gecer).
2026-05-22 11:05:19.557 INFO  TestHooks.afterAll:88  - === TEST SUITE B›TT› ===
2026-05-22 11:05:25.916 INFO  TestHooks.beforeAll:21  - === TEST SUITE BAﬁLADI ===
2026-05-22 11:05:36.002 INFO  TestHooks.beforeScenario:27 [kullanici samplesale uzerinden CTLS satis islemi gecer] - Senaryo ba˛lad˝: kullanici samplesale uzerinden CTLS satis islemi gecer
2026-05-22 11:05:36.144 INFO  TestHooks.beforeStep:52 [kullanici samplesale uzerinden CTLS satis islemi gecer] - ? Logcat ilk stepte ba˛lat˝ld˝.
2026-05-22 11:06:03.303 INFO  TestHooks.afterScenario:75 [kullanici samplesale uzerinden CTLS satis islemi gecer] - ? Senaryo PASS ? kullanici samplesale uzerinden CTLS satis islemi gecer
2026-05-22 11:06:03.829 INFO  LogFilter.processRawLog:137 [kullanici samplesale uzerinden CTLS satis islemi gecer] - LogFilter: sonIslem* alanlar˝ Configuration.properties'e yaz˝ld˝. (rrn=614203310460, stanNo=20)
2026-05-22 11:06:03.845 INFO  LogFilter.processRawLog:156 [kullanici samplesale uzerinden CTLS satis islemi gecer] - LogFilter: Exception log yaz˝ld˝ ? logs\exception\kullanici_samplesale_uzerinden_CTLS_satis_islemi_gecer.log
2026-05-22 11:06:03.845 INFO  LogFilter.processRawLog:162 [kullanici samplesale uzerinden CTLS satis islemi gecer] - LogFilter: JSON benzeri sat˝rlar yaz˝ld˝ ? logs\jsonSlip\kullanici_samplesale_uzerinden_CTLS_satis_islemi_gecer.log
2026-05-22 11:06:03.845 INFO  LogFilter.processRawLog:165 [kullanici samplesale uzerinden CTLS satis islemi gecer] - LogFilter: RAW log i˛lendi (senaryo: kullanici samplesale uzerinden CTLS satis islemi gecer).
2026-05-22 11:06:03.861 INFO  TestHooks.afterAll:88  - === TEST SUITE B›TT› ===
2026-05-22 11:06:10.434 INFO  TestHooks.beforeAll:21  - === TEST SUITE BAﬁLADI ===
2026-05-22 11:06:20.882 INFO  TestHooks.beforeScenario:27 [kullanici samplesale uzerinden CTLS satis islemi gecer] - Senaryo ba˛lad˝: kullanici samplesale uzerinden CTLS satis islemi gecer
2026-05-22 11:06:21.018 INFO  TestHooks.beforeStep:52 [kullanici samplesale uzerinden CTLS satis islemi gecer] - ? Logcat ilk stepte ba˛lat˝ld˝.
2026-05-22 11:06:49.044 INFO  TestHooks.afterScenario:75 [kullanici samplesale uzerinden CTLS satis islemi gecer] - ? Senaryo PASS ? kullanici samplesale uzerinden CTLS satis islemi gecer
2026-05-22 11:06:49.582 INFO  LogFilter.processRawLog:137 [kullanici samplesale uzerinden CTLS satis islemi gecer] - LogFilter: sonIslem* alanlar˝ Configuration.properties'e yaz˝ld˝. (rrn=614203310474, stanNo=21)
2026-05-22 11:06:49.584 INFO  LogFilter.processRawLog:156 [kullanici samplesale uzerinden CTLS satis islemi gecer] - LogFilter: Exception log yaz˝ld˝ ? logs\exception\kullanici_samplesale_uzerinden_CTLS_satis_islemi_gecer.log
2026-05-22 11:06:49.589 INFO  LogFilter.processRawLog:162 [kullanici samplesale uzerinden CTLS satis islemi gecer] - LogFilter: JSON benzeri sat˝rlar yaz˝ld˝ ? logs\jsonSlip\kullanici_samplesale_uzerinden_CTLS_satis_islemi_gecer.log
2026-05-22 11:06:49.589 INFO  LogFilter.processRawLog:165 [kullanici samplesale uzerinden CTLS satis islemi gecer] - LogFilter: RAW log i˛lendi (senaryo: kullanici samplesale uzerinden CTLS satis islemi gecer).
2026-05-22 11:06:49.610 INFO  TestHooks.afterAll:88  - === TEST SUITE B›TT› ===
2026-05-22 11:06:56.030 INFO  TestHooks.beforeAll:21  - === TEST SUITE BAﬁLADI ===
2026-05-22 11:07:05.914 INFO  TestHooks.beforeScenario:27 [kullanici samplesale uzerinden CTLS satis islemi gecer] - Senaryo ba˛lad˝: kullanici samplesale uzerinden CTLS satis islemi gecer
2026-05-22 11:07:06.040 INFO  TestHooks.beforeStep:52 [kullanici samplesale uzerinden CTLS satis islemi gecer] - ? Logcat ilk stepte ba˛lat˝ld˝.
2026-05-22 11:07:34.437 INFO  TestHooks.afterScenario:75 [kullanici samplesale uzerinden CTLS satis islemi gecer] - ? Senaryo PASS ? kullanici samplesale uzerinden CTLS satis islemi gecer
2026-05-22 11:07:35.132 INFO  LogFilter.processRawLog:137 [kullanici samplesale uzerinden CTLS satis islemi gecer] - LogFilter: sonIslem* alanlar˝ Configuration.properties'e yaz˝ld˝. (rrn=614203309613, stanNo=22)
2026-05-22 11:07:35.135 INFO  LogFilter.processRawLog:156 [kullanici samplesale uzerinden CTLS satis islemi gecer] - LogFilter: Exception log yaz˝ld˝ ? logs\exception\kullanici_samplesale_uzerinden_CTLS_satis_islemi_gecer.log
2026-05-22 11:07:35.141 INFO  LogFilter.processRawLog:162 [kullanici samplesale uzerinden CTLS satis islemi gecer] - LogFilter: JSON benzeri sat˝rlar yaz˝ld˝ ? logs\jsonSlip\kullanici_samplesale_uzerinden_CTLS_satis_islemi_gecer.log
2026-05-22 11:07:35.142 INFO  LogFilter.processRawLog:165 [kullanici samplesale uzerinden CTLS satis islemi gecer] - LogFilter: RAW log i˛lendi (senaryo: kullanici samplesale uzerinden CTLS satis islemi gecer).
2026-05-22 11:07:35.171 INFO  TestHooks.afterAll:88  - === TEST SUITE B›TT› ===
2026-05-22 11:08:32.043 INFO  TestHooks.beforeAll:21  - === TEST SUITE BAﬁLADI ===
2026-05-22 11:08:45.753 INFO  TestHooks.beforeScenario:27 [kullanici samplesale uzerinden CTLS satis islemi gecer] - Senaryo ba˛lad˝: kullanici samplesale uzerinden CTLS satis islemi gecer
2026-05-22 11:08:45.912 INFO  TestHooks.beforeStep:52 [kullanici samplesale uzerinden CTLS satis islemi gecer] - ? Logcat ilk stepte ba˛lat˝ld˝.
2026-05-22 11:08:55.403 INFO  TestHooks.afterScenario:75 [kullanici samplesale uzerinden CTLS satis islemi gecer] - ? Senaryo PASS ? kullanici samplesale uzerinden CTLS satis islemi gecer
2026-05-22 11:09:05.073 WARN  LogFilter.processRawLog:144 [kullanici samplesale uzerinden CTLS satis islemi gecer] - LogFilter: Slip JSON bulunamad˝ ? Configuration.properties g¸ncellenmedi.
2026-05-22 11:09:05.073 INFO  LogFilter.processRawLog:156 [kullanici samplesale uzerinden CTLS satis islemi gecer] - LogFilter: Exception log yaz˝ld˝ ? logs\exception\kullanici_samplesale_uzerinden_CTLS_satis_islemi_gecer.log
2026-05-22 11:09:05.073 INFO  LogFilter.processRawLog:162 [kullanici samplesale uzerinden CTLS satis islemi gecer] - LogFilter: JSON benzeri sat˝rlar yaz˝ld˝ ? logs\jsonSlip\kullanici_samplesale_uzerinden_CTLS_satis_islemi_gecer.log
2026-05-22 11:09:05.073 INFO  LogFilter.processRawLog:165 [kullanici samplesale uzerinden CTLS satis islemi gecer] - LogFilter: RAW log i˛lendi (senaryo: kullanici samplesale uzerinden CTLS satis islemi gecer).
2026-05-22 11:09:05.089 INFO  TestHooks.afterAll:88  - === TEST SUITE B›TT› ===
2026-05-22 11:09:11.199 INFO  TestHooks.beforeAll:21  - === TEST SUITE BAﬁLADI ===
2026-05-22 11:09:22.034 INFO  TestHooks.beforeScenario:27 [kullanici samplesale uzerinden CTLS satis islemi gecer] - Senaryo ba˛lad˝: kullanici samplesale uzerinden CTLS satis islemi gecer
2026-05-22 11:09:22.170 INFO  TestHooks.beforeStep:52 [kullanici samplesale uzerinden CTLS satis islemi gecer] - ? Logcat ilk stepte ba˛lat˝ld˝.
2026-05-22 11:09:39.853 INFO  TestHooks.afterScenario:75 [kullanici samplesale uzerinden CTLS satis islemi gecer] - ? Senaryo PASS ? kullanici samplesale uzerinden CTLS satis islemi gecer
2026-05-22 11:09:48.949 WARN  LogFilter.processRawLog:144 [kullanici samplesale uzerinden CTLS satis islemi gecer] - LogFilter: Slip JSON bulunamad˝ ? Configuration.properties g¸ncellenmedi.
2026-05-22 11:09:48.952 INFO  LogFilter.processRawLog:156 [kullanici samplesale uzerinden CTLS satis islemi gecer] - LogFilter: Exception log yaz˝ld˝ ? logs\exception\kullanici_samplesale_uzerinden_CTLS_satis_islemi_gecer.log
2026-05-22 11:09:48.954 INFO  LogFilter.processRawLog:162 [kullanici samplesale uzerinden CTLS satis islemi gecer] - LogFilter: JSON benzeri sat˝rlar yaz˝ld˝ ? logs\jsonSlip\kullanici_samplesale_uzerinden_CTLS_satis_islemi_gecer.log
2026-05-22 11:09:48.956 INFO  LogFilter.processRawLog:165 [kullanici samplesale uzerinden CTLS satis islemi gecer] - LogFilter: RAW log i˛lendi (senaryo: kullanici samplesale uzerinden CTLS satis islemi gecer).
2026-05-22 11:09:48.967 INFO  TestHooks.afterAll:88  - === TEST SUITE B›TT› ===
2026-05-22 11:09:55.408 INFO  TestHooks.beforeAll:21  - === TEST SUITE BAﬁLADI ===
2026-05-22 11:10:05.425 INFO  TestHooks.beforeScenario:27 [kullanici samplesale uzerinden CTLS satis islemi gecer] - Senaryo ba˛lad˝: kullanici samplesale uzerinden CTLS satis islemi gecer
2026-05-22 11:10:05.566 INFO  TestHooks.beforeStep:52 [kullanici samplesale uzerinden CTLS satis islemi gecer] - ? Logcat ilk stepte ba˛lat˝ld˝.
2026-05-22 11:10:24.869 INFO  TestHooks.afterScenario:75 [kullanici samplesale uzerinden CTLS satis islemi gecer] - ? Senaryo PASS ? kullanici samplesale uzerinden CTLS satis islemi gecer
2026-05-22 11:10:33.867 WARN  LogFilter.processRawLog:144 [kullanici samplesale uzerinden CTLS satis islemi gecer] - LogFilter: Slip JSON bulunamad˝ ? Configuration.properties g¸ncellenmedi.
2026-05-22 11:10:33.870 INFO  LogFilter.processRawLog:156 [kullanici samplesale uzerinden CTLS satis islemi gecer] - LogFilter: Exception log yaz˝ld˝ ? logs\exception\kullanici_samplesale_uzerinden_CTLS_satis_islemi_gecer.log
2026-05-22 11:10:33.875 INFO  LogFilter.processRawLog:162 [kullanici samplesale uzerinden CTLS satis islemi gecer] - LogFilter: JSON benzeri sat˝rlar yaz˝ld˝ ? logs\jsonSlip\kullanici_samplesale_uzerinden_CTLS_satis_islemi_gecer.log
2026-05-22 11:10:33.875 INFO  LogFilter.processRawLog:165 [kullanici samplesale uzerinden CTLS satis islemi gecer] - LogFilter: RAW log i˛lendi (senaryo: kullanici samplesale uzerinden CTLS satis islemi gecer).
2026-05-22 11:10:33.891 INFO  TestHooks.afterAll:88  - === TEST SUITE B›TT› ===
2026-05-22 11:10:41.412 INFO  TestHooks.beforeAll:21  - === TEST SUITE BAﬁLADI ===
2026-05-22 11:10:51.769 INFO  TestHooks.beforeScenario:27 [kullanici samplesale uzerinden CTLS satis islemi gecer] - Senaryo ba˛lad˝: kullanici samplesale uzerinden CTLS satis islemi gecer
2026-05-22 11:10:51.908 INFO  TestHooks.beforeStep:52 [kullanici samplesale uzerinden CTLS satis islemi gecer] - ? Logcat ilk stepte ba˛lat˝ld˝.
2026-05-22 11:11:09.142 INFO  TestHooks.afterScenario:75 [kullanici samplesale uzerinden CTLS satis islemi gecer] - ? Senaryo PASS ? kullanici samplesale uzerinden CTLS satis islemi gecer
2026-05-22 11:11:18.369 WARN  LogFilter.processRawLog:144 [kullanici samplesale uzerinden CTLS satis islemi gecer] - LogFilter: Slip JSON bulunamad˝ ? Configuration.properties g¸ncellenmedi.
2026-05-22 11:11:18.375 INFO  LogFilter.processRawLog:156 [kullanici samplesale uzerinden CTLS satis islemi gecer] - LogFilter: Exception log yaz˝ld˝ ? logs\exception\kullanici_samplesale_uzerinden_CTLS_satis_islemi_gecer.log
2026-05-22 11:11:18.375 INFO  LogFilter.processRawLog:162 [kullanici samplesale uzerinden CTLS satis islemi gecer] - LogFilter: JSON benzeri sat˝rlar yaz˝ld˝ ? logs\jsonSlip\kullanici_samplesale_uzerinden_CTLS_satis_islemi_gecer.log
2026-05-22 11:11:18.375 INFO  LogFilter.processRawLog:165 [kullanici samplesale uzerinden CTLS satis islemi gecer] - LogFilter: RAW log i˛lendi (senaryo: kullanici samplesale uzerinden CTLS satis islemi gecer).
2026-05-22 11:11:18.385 INFO  TestHooks.afterAll:88  - === TEST SUITE B›TT› ===
2026-05-22 11:11:24.594 INFO  TestHooks.beforeAll:21  - === TEST SUITE BAﬁLADI ===
2026-05-22 11:11:35.494 INFO  TestHooks.beforeScenario:27 [kullanici samplesale uzerinden CTLS satis islemi gecer] - Senaryo ba˛lad˝: kullanici samplesale uzerinden CTLS satis islemi gecer
2026-05-22 11:11:35.644 INFO  TestHooks.beforeStep:52 [kullanici samplesale uzerinden CTLS satis islemi gecer] - ? Logcat ilk stepte ba˛lat˝ld˝.
2026-05-22 11:11:54.497 INFO  TestHooks.afterScenario:75 [kullanici samplesale uzerinden CTLS satis islemi gecer] - ? Senaryo PASS ? kullanici samplesale uzerinden CTLS satis islemi gecer
2026-05-22 11:12:03.444 WARN  LogFilter.processRawLog:144 [kullanici samplesale uzerinden CTLS satis islemi gecer] - LogFilter: Slip JSON bulunamad˝ ? Configuration.properties g¸ncellenmedi.
2026-05-22 11:12:03.448 INFO  LogFilter.processRawLog:156 [kullanici samplesale uzerinden CTLS satis islemi gecer] - LogFilter: Exception log yaz˝ld˝ ? logs\exception\kullanici_samplesale_uzerinden_CTLS_satis_islemi_gecer.log
2026-05-22 11:12:03.455 INFO  LogFilter.processRawLog:162 [kullanici samplesale uzerinden CTLS satis islemi gecer] - LogFilter: JSON benzeri sat˝rlar yaz˝ld˝ ? logs\jsonSlip\kullanici_samplesale_uzerinden_CTLS_satis_islemi_gecer.log
2026-05-22 11:12:03.456 INFO  LogFilter.processRawLog:165 [kullanici samplesale uzerinden CTLS satis islemi gecer] - LogFilter: RAW log i˛lendi (senaryo: kullanici samplesale uzerinden CTLS satis islemi gecer).
2026-05-22 11:12:03.482 INFO  TestHooks.afterAll:88  - === TEST SUITE B›TT› ===
2026-05-22 11:13:15.402 INFO  TestHooks.beforeAll:21  - === TEST SUITE BAﬁLADI ===
2026-05-22 11:13:29.077 INFO  TestHooks.beforeScenario:27 [kullanici samplesale uzerinden CTLS satis islemi gecer] - Senaryo ba˛lad˝: kullanici samplesale uzerinden CTLS satis islemi gecer
2026-05-22 11:13:29.260 INFO  TestHooks.beforeStep:52 [kullanici samplesale uzerinden CTLS satis islemi gecer] - ? Logcat ilk stepte ba˛lat˝ld˝.
2026-05-22 11:13:53.290 INFO  TestHooks.afterScenario:75 [kullanici samplesale uzerinden CTLS satis islemi gecer] - ? Senaryo PASS ? kullanici samplesale uzerinden CTLS satis islemi gecer
2026-05-22 11:13:53.913 INFO  LogFilter.processRawLog:137 [kullanici samplesale uzerinden CTLS satis islemi gecer] - LogFilter: sonIslem* alanlar˝ Configuration.properties'e yaz˝ld˝. (rrn=614203309774, stanNo=28)
2026-05-22 11:13:53.913 INFO  LogFilter.processRawLog:156 [kullanici samplesale uzerinden CTLS satis islemi gecer] - LogFilter: Exception log yaz˝ld˝ ? logs\exception\kullanici_samplesale_uzerinden_CTLS_satis_islemi_gecer.log
2026-05-22 11:13:53.921 INFO  LogFilter.processRawLog:162 [kullanici samplesale uzerinden CTLS satis islemi gecer] - LogFilter: JSON benzeri sat˝rlar yaz˝ld˝ ? logs\jsonSlip\kullanici_samplesale_uzerinden_CTLS_satis_islemi_gecer.log
2026-05-22 11:13:53.921 INFO  LogFilter.processRawLog:165 [kullanici samplesale uzerinden CTLS satis islemi gecer] - LogFilter: RAW log i˛lendi (senaryo: kullanici samplesale uzerinden CTLS satis islemi gecer).
2026-05-22 11:13:53.937 INFO  TestHooks.afterAll:88  - === TEST SUITE B›TT› ===
2026-05-22 11:14:00.512 INFO  TestHooks.beforeAll:21  - === TEST SUITE BAﬁLADI ===
2026-05-22 11:14:11.532 INFO  TestHooks.beforeScenario:27 [kullanici samplesale uzerinden CTLS satis islemi gecer] - Senaryo ba˛lad˝: kullanici samplesale uzerinden CTLS satis islemi gecer
2026-05-22 11:14:11.684 INFO  TestHooks.beforeStep:52 [kullanici samplesale uzerinden CTLS satis islemi gecer] - ? Logcat ilk stepte ba˛lat˝ld˝.
2026-05-22 11:14:45.430 INFO  TestHooks.afterScenario:75 [kullanici samplesale uzerinden CTLS satis islemi gecer] - ? Senaryo PASS ? kullanici samplesale uzerinden CTLS satis islemi gecer
2026-05-22 11:14:45.999 INFO  LogFilter.processRawLog:137 [kullanici samplesale uzerinden CTLS satis islemi gecer] - LogFilter: sonIslem* alanlar˝ Configuration.properties'e yaz˝ld˝. (rrn=614203310663, stanNo=29)
2026-05-22 11:14:46.002 INFO  LogFilter.processRawLog:156 [kullanici samplesale uzerinden CTLS satis islemi gecer] - LogFilter: Exception log yaz˝ld˝ ? logs\exception\kullanici_samplesale_uzerinden_CTLS_satis_islemi_gecer.log
2026-05-22 11:14:46.005 INFO  LogFilter.processRawLog:162 [kullanici samplesale uzerinden CTLS satis islemi gecer] - LogFilter: JSON benzeri sat˝rlar yaz˝ld˝ ? logs\jsonSlip\kullanici_samplesale_uzerinden_CTLS_satis_islemi_gecer.log
2026-05-22 11:14:46.007 INFO  LogFilter.processRawLog:165 [kullanici samplesale uzerinden CTLS satis islemi gecer] - LogFilter: RAW log i˛lendi (senaryo: kullanici samplesale uzerinden CTLS satis islemi gecer).
2026-05-22 11:14:46.025 INFO  TestHooks.afterAll:88  - === TEST SUITE B›TT› ===
2026-05-22 11:14:52.366 INFO  TestHooks.beforeAll:21  - === TEST SUITE BAﬁLADI ===
2026-05-22 11:15:02.171 INFO  TestHooks.beforeScenario:27 [kullanici samplesale uzerinden CTLS satis islemi gecer] - Senaryo ba˛lad˝: kullanici samplesale uzerinden CTLS satis islemi gecer
2026-05-22 11:15:02.317 INFO  TestHooks.beforeStep:52 [kullanici samplesale uzerinden CTLS satis islemi gecer] - ? Logcat ilk stepte ba˛lat˝ld˝.
2026-05-22 11:15:30.203 INFO  TestHooks.afterScenario:75 [kullanici samplesale uzerinden CTLS satis islemi gecer] - ? Senaryo PASS ? kullanici samplesale uzerinden CTLS satis islemi gecer
2026-05-22 11:15:30.752 INFO  LogFilter.processRawLog:137 [kullanici samplesale uzerinden CTLS satis islemi gecer] - LogFilter: sonIslem* alanlar˝ Configuration.properties'e yaz˝ld˝. (rrn=614203310675, stanNo=30)
2026-05-22 11:15:30.754 INFO  LogFilter.processRawLog:156 [kullanici samplesale uzerinden CTLS satis islemi gecer] - LogFilter: Exception log yaz˝ld˝ ? logs\exception\kullanici_samplesale_uzerinden_CTLS_satis_islemi_gecer.log
2026-05-22 11:15:30.758 INFO  LogFilter.processRawLog:162 [kullanici samplesale uzerinden CTLS satis islemi gecer] - LogFilter: JSON benzeri sat˝rlar yaz˝ld˝ ? logs\jsonSlip\kullanici_samplesale_uzerinden_CTLS_satis_islemi_gecer.log
2026-05-22 11:15:30.758 INFO  LogFilter.processRawLog:165 [kullanici samplesale uzerinden CTLS satis islemi gecer] - LogFilter: RAW log i˛lendi (senaryo: kullanici samplesale uzerinden CTLS satis islemi gecer).
2026-05-22 11:15:30.776 INFO  TestHooks.afterAll:88  - === TEST SUITE B›TT› ===
2026-05-22 11:15:36.769 INFO  TestHooks.beforeAll:21  - === TEST SUITE BAﬁLADI ===
2026-05-22 11:15:46.570 INFO  TestHooks.beforeScenario:27 [kullanici samplesale uzerinden CTLS satis islemi gecer] - Senaryo ba˛lad˝: kullanici samplesale uzerinden CTLS satis islemi gecer
2026-05-22 11:15:46.713 INFO  TestHooks.beforeStep:52 [kullanici samplesale uzerinden CTLS satis islemi gecer] - ? Logcat ilk stepte ba˛lat˝ld˝.
2026-05-22 11:16:10.466 INFO  TestHooks.afterScenario:75 [kullanici samplesale uzerinden CTLS satis islemi gecer] - ? Senaryo PASS ? kullanici samplesale uzerinden CTLS satis islemi gecer
2026-05-22 11:16:11.168 INFO  LogFilter.processRawLog:137 [kullanici samplesale uzerinden CTLS satis islemi gecer] - LogFilter: sonIslem* alanlar˝ Configuration.properties'e yaz˝ld˝. (rrn=614203310685, stanNo=31)
2026-05-22 11:16:11.168 INFO  LogFilter.processRawLog:156 [kullanici samplesale uzerinden CTLS satis islemi gecer] - LogFilter: Exception log yaz˝ld˝ ? logs\exception\kullanici_samplesale_uzerinden_CTLS_satis_islemi_gecer.log
2026-05-22 11:16:11.168 INFO  LogFilter.processRawLog:162 [kullanici samplesale uzerinden CTLS satis islemi gecer] - LogFilter: JSON benzeri sat˝rlar yaz˝ld˝ ? logs\jsonSlip\kullanici_samplesale_uzerinden_CTLS_satis_islemi_gecer.log
2026-05-22 11:16:11.168 INFO  LogFilter.processRawLog:165 [kullanici samplesale uzerinden CTLS satis islemi gecer] - LogFilter: RAW log i˛lendi (senaryo: kullanici samplesale uzerinden CTLS satis islemi gecer).
2026-05-22 11:16:11.184 INFO  TestHooks.afterAll:88  - === TEST SUITE B›TT› ===
2026-05-22 11:16:17.183 INFO  TestHooks.beforeAll:21  - === TEST SUITE BAﬁLADI ===
2026-05-22 11:16:27.867 INFO  TestHooks.beforeScenario:27 [kullanici samplesale uzerinden CTLS satis islemi gecer] - Senaryo ba˛lad˝: kullanici samplesale uzerinden CTLS satis islemi gecer
2026-05-22 11:16:27.994 INFO  TestHooks.beforeStep:52 [kullanici samplesale uzerinden CTLS satis islemi gecer] - ? Logcat ilk stepte ba˛lat˝ld˝.
2026-05-22 11:16:59.666 INFO  TestHooks.afterScenario:75 [kullanici samplesale uzerinden CTLS satis islemi gecer] - ? Senaryo PASS ? kullanici samplesale uzerinden CTLS satis islemi gecer
2026-05-22 11:17:00.322 INFO  LogFilter.processRawLog:137 [kullanici samplesale uzerinden CTLS satis islemi gecer] - LogFilter: sonIslem* alanlar˝ Configuration.properties'e yaz˝ld˝. (rrn=614203309832, stanNo=32)
2026-05-22 11:17:00.335 INFO  LogFilter.processRawLog:156 [kullanici samplesale uzerinden CTLS satis islemi gecer] - LogFilter: Exception log yaz˝ld˝ ? logs\exception\kullanici_samplesale_uzerinden_CTLS_satis_islemi_gecer.log
2026-05-22 11:17:00.335 INFO  LogFilter.processRawLog:162 [kullanici samplesale uzerinden CTLS satis islemi gecer] - LogFilter: JSON benzeri sat˝rlar yaz˝ld˝ ? logs\jsonSlip\kullanici_samplesale_uzerinden_CTLS_satis_islemi_gecer.log
2026-05-22 11:17:00.335 INFO  LogFilter.processRawLog:165 [kullanici samplesale uzerinden CTLS satis islemi gecer] - LogFilter: RAW log i˛lendi (senaryo: kullanici samplesale uzerinden CTLS satis islemi gecer).
2026-05-22 11:17:00.351 INFO  TestHooks.afterAll:88  - === TEST SUITE B›TT› ===
2026-05-22 11:17:06.278 INFO  TestHooks.beforeAll:21  - === TEST SUITE BAﬁLADI ===
2026-05-22 11:17:16.026 INFO  TestHooks.beforeScenario:27 [kullanici samplesale uzerinden CTLS satis islemi gecer] - Senaryo ba˛lad˝: kullanici samplesale uzerinden CTLS satis islemi gecer
2026-05-22 11:17:16.169 INFO  TestHooks.beforeStep:52 [kullanici samplesale uzerinden CTLS satis islemi gecer] - ? Logcat ilk stepte ba˛lat˝ld˝.
2026-05-22 11:17:43.317 INFO  TestHooks.afterScenario:75 [kullanici samplesale uzerinden CTLS satis islemi gecer] - ? Senaryo PASS ? kullanici samplesale uzerinden CTLS satis islemi gecer
2026-05-22 11:17:43.858 INFO  LogFilter.processRawLog:137 [kullanici samplesale uzerinden CTLS satis islemi gecer] - LogFilter: sonIslem* alanlar˝ Configuration.properties'e yaz˝ld˝. (rrn=614203309850, stanNo=33)
2026-05-22 11:17:43.858 INFO  LogFilter.processRawLog:156 [kullanici samplesale uzerinden CTLS satis islemi gecer] - LogFilter: Exception log yaz˝ld˝ ? logs\exception\kullanici_samplesale_uzerinden_CTLS_satis_islemi_gecer.log
2026-05-22 11:17:43.863 INFO  LogFilter.processRawLog:162 [kullanici samplesale uzerinden CTLS satis islemi gecer] - LogFilter: JSON benzeri sat˝rlar yaz˝ld˝ ? logs\jsonSlip\kullanici_samplesale_uzerinden_CTLS_satis_islemi_gecer.log
2026-05-22 11:17:43.863 INFO  LogFilter.processRawLog:165 [kullanici samplesale uzerinden CTLS satis islemi gecer] - LogFilter: RAW log i˛lendi (senaryo: kullanici samplesale uzerinden CTLS satis islemi gecer).
2026-05-22 11:17:43.873 INFO  TestHooks.afterAll:88  - === TEST SUITE B›TT› ===
2026-05-22 11:17:50.070 INFO  TestHooks.beforeAll:21  - === TEST SUITE BAﬁLADI ===
2026-05-22 11:18:00.160 INFO  TestHooks.beforeScenario:27 [kullanici samplesale uzerinden CTLS satis islemi gecer] - Senaryo ba˛lad˝: kullanici samplesale uzerinden CTLS satis islemi gecer
2026-05-22 11:18:00.304 INFO  TestHooks.beforeStep:52 [kullanici samplesale uzerinden CTLS satis islemi gecer] - ? Logcat ilk stepte ba˛lat˝ld˝.
2026-05-22 11:18:27.825 INFO  TestHooks.afterScenario:75 [kullanici samplesale uzerinden CTLS satis islemi gecer] - ? Senaryo PASS ? kullanici samplesale uzerinden CTLS satis islemi gecer
2026-05-22 11:18:28.364 INFO  LogFilter.processRawLog:137 [kullanici samplesale uzerinden CTLS satis islemi gecer] - LogFilter: sonIslem* alanlar˝ Configuration.properties'e yaz˝ld˝. (rrn=614203310742, stanNo=34)
2026-05-22 11:18:28.370 INFO  LogFilter.processRawLog:156 [kullanici samplesale uzerinden CTLS satis islemi gecer] - LogFilter: Exception log yaz˝ld˝ ? logs\exception\kullanici_samplesale_uzerinden_CTLS_satis_islemi_gecer.log
2026-05-22 11:18:28.370 INFO  LogFilter.processRawLog:162 [kullanici samplesale uzerinden CTLS satis islemi gecer] - LogFilter: JSON benzeri sat˝rlar yaz˝ld˝ ? logs\jsonSlip\kullanici_samplesale_uzerinden_CTLS_satis_islemi_gecer.log
2026-05-22 11:18:28.370 INFO  LogFilter.processRawLog:165 [kullanici samplesale uzerinden CTLS satis islemi gecer] - LogFilter: RAW log i˛lendi (senaryo: kullanici samplesale uzerinden CTLS satis islemi gecer).
2026-05-22 11:18:28.380 INFO  TestHooks.afterAll:88  - === TEST SUITE B›TT› ===
2026-05-22 11:18:34.371 INFO  TestHooks.beforeAll:21  - === TEST SUITE BAﬁLADI ===
2026-05-22 11:18:44.467 INFO  TestHooks.beforeScenario:27 [kullanici samplesale uzerinden CTLS satis islemi gecer] - Senaryo ba˛lad˝: kullanici samplesale uzerinden CTLS satis islemi gecer
2026-05-22 11:18:44.610 INFO  TestHooks.beforeStep:52 [kullanici samplesale uzerinden CTLS satis islemi gecer] - ? Logcat ilk stepte ba˛lat˝ld˝.
2026-05-22 11:18:58.775 INFO  TestHooks.afterScenario:75 [kullanici samplesale uzerinden CTLS satis islemi gecer] - ? Senaryo PASS ? kullanici samplesale uzerinden CTLS satis islemi gecer
2026-05-22 11:18:59.283 INFO  LogFilter.processRawLog:137 [kullanici samplesale uzerinden CTLS satis islemi gecer] - LogFilter: sonIslem* alanlar˝ Configuration.properties'e yaz˝ld˝. (rrn=614203310754, stanNo=35)
2026-05-22 11:18:59.283 INFO  LogFilter.processRawLog:156 [kullanici samplesale uzerinden CTLS satis islemi gecer] - LogFilter: Exception log yaz˝ld˝ ? logs\exception\kullanici_samplesale_uzerinden_CTLS_satis_islemi_gecer.log
2026-05-22 11:18:59.283 INFO  LogFilter.processRawLog:162 [kullanici samplesale uzerinden CTLS satis islemi gecer] - LogFilter: JSON benzeri sat˝rlar yaz˝ld˝ ? logs\jsonSlip\kullanici_samplesale_uzerinden_CTLS_satis_islemi_gecer.log
2026-05-22 11:18:59.283 INFO  LogFilter.processRawLog:165 [kullanici samplesale uzerinden CTLS satis islemi gecer] - LogFilter: RAW log i˛lendi (senaryo: kullanici samplesale uzerinden CTLS satis islemi gecer).
2026-05-22 11:18:59.298 INFO  TestHooks.afterAll:88  - === TEST SUITE B›TT› ===
2026-05-22 11:19:05.358 INFO  TestHooks.beforeAll:21  - === TEST SUITE BAﬁLADI ===
2026-05-22 11:19:16.130 INFO  TestHooks.beforeScenario:27 [kullanici samplesale uzerinden CTLS satis islemi gecer] - Senaryo ba˛lad˝: kullanici samplesale uzerinden CTLS satis islemi gecer
2026-05-22 11:19:16.272 INFO  TestHooks.beforeStep:52 [kullanici samplesale uzerinden CTLS satis islemi gecer] - ? Logcat ilk stepte ba˛lat˝ld˝.
2026-05-22 11:19:50.867 INFO  TestHooks.afterScenario:75 [kullanici samplesale uzerinden CTLS satis islemi gecer] - ? Senaryo PASS ? kullanici samplesale uzerinden CTLS satis islemi gecer
2026-05-22 11:19:51.524 INFO  LogFilter.processRawLog:137 [kullanici samplesale uzerinden CTLS satis islemi gecer] - LogFilter: sonIslem* alanlar˝ Configuration.properties'e yaz˝ld˝. (rrn=614203309905, stanNo=36)
2026-05-22 11:19:51.524 INFO  LogFilter.processRawLog:156 [kullanici samplesale uzerinden CTLS satis islemi gecer] - LogFilter: Exception log yaz˝ld˝ ? logs\exception\kullanici_samplesale_uzerinden_CTLS_satis_islemi_gecer.log
2026-05-22 11:19:51.524 INFO  LogFilter.processRawLog:162 [kullanici samplesale uzerinden CTLS satis islemi gecer] - LogFilter: JSON benzeri sat˝rlar yaz˝ld˝ ? logs\jsonSlip\kullanici_samplesale_uzerinden_CTLS_satis_islemi_gecer.log
2026-05-22 11:19:51.524 INFO  LogFilter.processRawLog:165 [kullanici samplesale uzerinden CTLS satis islemi gecer] - LogFilter: RAW log i˛lendi (senaryo: kullanici samplesale uzerinden CTLS satis islemi gecer).
2026-05-22 11:19:51.542 INFO  TestHooks.afterAll:88  - === TEST SUITE B›TT› ===
2026-05-22 11:19:57.563 INFO  TestHooks.beforeAll:21  - === TEST SUITE BAﬁLADI ===
2026-05-22 11:20:07.347 INFO  TestHooks.beforeScenario:27 [kullanici samplesale uzerinden CTLS satis islemi gecer] - Senaryo ba˛lad˝: kullanici samplesale uzerinden CTLS satis islemi gecer
2026-05-22 11:20:07.490 INFO  TestHooks.beforeStep:52 [kullanici samplesale uzerinden CTLS satis islemi gecer] - ? Logcat ilk stepte ba˛lat˝ld˝.
2026-05-22 11:20:30.795 INFO  TestHooks.afterScenario:75 [kullanici samplesale uzerinden CTLS satis islemi gecer] - ? Senaryo PASS ? kullanici samplesale uzerinden CTLS satis islemi gecer
2026-05-22 11:20:31.355 INFO  LogFilter.processRawLog:137 [kullanici samplesale uzerinden CTLS satis islemi gecer] - LogFilter: sonIslem* alanlar˝ Configuration.properties'e yaz˝ld˝. (rrn=614203310791, stanNo=37)
2026-05-22 11:20:31.355 INFO  LogFilter.processRawLog:156 [kullanici samplesale uzerinden CTLS satis islemi gecer] - LogFilter: Exception log yaz˝ld˝ ? logs\exception\kullanici_samplesale_uzerinden_CTLS_satis_islemi_gecer.log
2026-05-22 11:20:31.366 INFO  LogFilter.processRawLog:162 [kullanici samplesale uzerinden CTLS satis islemi gecer] - LogFilter: JSON benzeri sat˝rlar yaz˝ld˝ ? logs\jsonSlip\kullanici_samplesale_uzerinden_CTLS_satis_islemi_gecer.log
2026-05-22 11:20:31.366 INFO  LogFilter.processRawLog:165 [kullanici samplesale uzerinden CTLS satis islemi gecer] - LogFilter: RAW log i˛lendi (senaryo: kullanici samplesale uzerinden CTLS satis islemi gecer).
2026-05-22 11:20:31.369 INFO  TestHooks.afterAll:88  - === TEST SUITE B›TT› ===
2026-05-22 11:20:37.450 INFO  TestHooks.beforeAll:21  - === TEST SUITE BAﬁLADI ===
2026-05-22 11:20:47.107 INFO  TestHooks.beforeScenario:27 [kullanici samplesale uzerinden CTLS satis islemi gecer] - Senaryo ba˛lad˝: kullanici samplesale uzerinden CTLS satis islemi gecer
2026-05-22 11:20:47.234 INFO  TestHooks.beforeStep:52 [kullanici samplesale uzerinden CTLS satis islemi gecer] - ? Logcat ilk stepte ba˛lat˝ld˝.
2026-05-22 11:21:15.968 WARN  TestHooks.afterStep:62 [kullanici samplesale uzerinden CTLS satis islemi gecer] - ? Ad˝m FAIL oldu ? Screenshot al˝n˝yor...
2026-05-22 11:21:15.983 ERROR ScreenshotUtil.captureAndAttach:48 [kullanici samplesale uzerinden CTLS satis islemi gecer] - Screenshot al˝n˝rken hata: 'GET /screenshot' cannot be proxied to UiAutomator2 server because the instrumentation process is not running (probably crashed). Check the server log and/or the logcat output for more details
Build info: version: '4.23.0', revision: '4df0a231af'
System info: os.name: 'Windows 11', os.arch: 'amd64', os.version: '10.0', java.version: '11.0.29'
Driver info: io.appium.java_client.android.AndroidDriver
Command: [d86e0b3f-48a6-4874-b874-d61bbd107104, screenshot {}]
Capabilities {appium:appActivity: com.pax.samplesalea.SaleAct..., appium:appPackage: com.pax.samplesalea, appium:autoGrantPermissions: true, appium:automationName: UiAutomator2, appium:databaseEnabled: false, appium:desired: {appActivity: com.pax.samplesalea.SaleAct..., appPackage: com.pax.samplesalea, autoGrantPermissions: true, automationName: UiAutomator2, deviceName: PaxA910s, disableWindowAnimation: true, dontStopAppOnReset: true, fullReset: false, ignoreHiddenApiPolicyError: true, newCommandTimeout: 300, noReset: true, platformName: ANDROID, udid: 2840152923}, appium:deviceApiLevel: 29, appium:deviceManufacturer: PAX, appium:deviceModel: A910S, appium:deviceName: 2840152923, appium:deviceScreenDensity: 320, appium:deviceScreenSize: 720x1280, appium:deviceUDID: 2840152923, appium:disableWindowAnimation: true, appium:dontStopAppOnReset: true, appium:fullReset: false, appium:ignoreHiddenApiPolicyError: true, appium:javascriptEnabled: true, appium:locationContextEnabled: false, appium:networkConnectionEnabled: true, appium:newCommandTimeout: 300, appium:noReset: true, appium:pixelRatio: 2, appium:platformVersion: 10, appium:statBarHeight: 48, appium:takesScreenshot: true, appium:udid: 2840152923, appium:viewportRect: {height: 1232, left: 0, top: 48, width: 720}, appium:warnings: {}, appium:webStorageEnabled: false, platformName: ANDROID}
Session ID: d86e0b3f-48a6-4874-b874-d61bbd107104
org.openqa.selenium.WebDriverException: 'GET /screenshot' cannot be proxied to UiAutomator2 server because the instrumentation process is not running (probably crashed). Check the server log and/or the logcat output for more details
Build info: version: '4.23.0', revision: '4df0a231af'
System info: os.name: 'Windows 11', os.arch: 'amd64', os.version: '10.0', java.version: '11.0.29'
Driver info: io.appium.java_client.android.AndroidDriver
Command: [d86e0b3f-48a6-4874-b874-d61bbd107104, screenshot {}]
Capabilities {appium:appActivity: com.pax.samplesalea.SaleAct..., appium:appPackage: com.pax.samplesalea, appium:autoGrantPermissions: true, appium:automationName: UiAutomator2, appium:databaseEnabled: false, appium:desired: {appActivity: com.pax.samplesalea.SaleAct..., appPackage: com.pax.samplesalea, autoGrantPermissions: true, automationName: UiAutomator2, deviceName: PaxA910s, disableWindowAnimation: true, dontStopAppOnReset: true, fullReset: false, ignoreHiddenApiPolicyError: true, newCommandTimeout: 300, noReset: true, platformName: ANDROID, udid: 2840152923}, appium:deviceApiLevel: 29, appium:deviceManufacturer: PAX, appium:deviceModel: A910S, appium:deviceName: 2840152923, appium:deviceScreenDensity: 320, appium:deviceScreenSize: 720x1280, appium:deviceUDID: 2840152923, appium:disableWindowAnimation: true, appium:dontStopAppOnReset: true, appium:fullReset: false, appium:ignoreHiddenApiPolicyError: true, appium:javascriptEnabled: true, appium:locationContextEnabled: false, appium:networkConnectionEnabled: true, appium:newCommandTimeout: 300, appium:noReset: true, appium:pixelRatio: 2, appium:platformVersion: 10, appium:statBarHeight: 48, appium:takesScreenshot: true, appium:udid: 2840152923, appium:viewportRect: {height: 1232, left: 0, top: 48, width: 720}, appium:warnings: {}, appium:webStorageEnabled: false, platformName: ANDROID}
Session ID: d86e0b3f-48a6-4874-b874-d61bbd107104
	at java.base/jdk.internal.reflect.NativeConstructorAccessorImpl.newInstance0(Native Method) ~[?:?]
	at java.base/jdk.internal.reflect.NativeConstructorAccessorImpl.newInstance(NativeConstructorAccessorImpl.java:62) ~[?:?]
	at java.base/jdk.internal.reflect.DelegatingConstructorAccessorImpl.newInstance(DelegatingConstructorAccessorImpl.java:45) ~[?:?]
	at java.base/java.lang.reflect.Constructor.newInstance(Constructor.java:490) ~[?:?]
	at org.openqa.selenium.remote.ErrorCodec.decode(ErrorCodec.java:167) ~[selenium-remote-driver-4.23.0.jar:?]
	at org.openqa.selenium.remote.codec.w3c.W3CHttpResponseCodec.decode(W3CHttpResponseCodec.java:138) ~[selenium-remote-driver-4.23.0.jar:?]
	at org.openqa.selenium.remote.codec.w3c.W3CHttpResponseCodec.decode(W3CHttpResponseCodec.java:50) ~[selenium-remote-driver-4.23.0.jar:?]
	at org.openqa.selenium.remote.HttpCommandExecutor.execute(HttpCommandExecutor.java:190) ~[selenium-remote-driver-4.23.0.jar:?]
	at io.appium.java_client.remote.AppiumCommandExecutor.execute(AppiumCommandExecutor.java:237) ~[java-client-9.2.2.jar:?]
	at org.openqa.selenium.remote.RemoteWebDriver.execute(RemoteWebDriver.java:527) ~[selenium-remote-driver-4.23.0.jar:?]
	at org.openqa.selenium.remote.RemoteWebDriver.execute(RemoteWebDriver.java:600) ~[selenium-remote-driver-4.23.0.jar:?]
	at io.appium.java_client.AppiumDriver.execute(AppiumDriver.java:307) ~[java-client-9.2.2.jar:?]
	at org.openqa.selenium.remote.RemoteWebDriver.getScreenshotAs(RemoteWebDriver.java:323) ~[selenium-remote-driver-4.23.0.jar:?]
	at io.appium.java_client.AppiumDriver.getScreenshotAs(AppiumDriver.java:316) ~[java-client-9.2.2.jar:?]
	at utilities.ScreenshotUtil.captureAndAttach(ScreenshotUtil.java:28) ~[test-classes/:?]
	at hooks.TestHooks.afterStep(TestHooks.java:64) ~[test-classes/:?]
	at java.base/jdk.internal.reflect.NativeMethodAccessorImpl.invoke0(Native Method) ~[?:?]
	at java.base/jdk.internal.reflect.NativeMethodAccessorImpl.invoke(NativeMethodAccessorImpl.java:62) ~[?:?]
	at java.base/jdk.internal.reflect.DelegatingMethodAccessorImpl.invoke(DelegatingMethodAccessorImpl.java:43) ~[?:?]
	at java.base/java.lang.reflect.Method.invoke(Method.java:566) ~[?:?]
	at io.cucumber.java.Invoker.doInvoke(Invoker.java:66) ~[cucumber-java-7.14.0.jar:7.14.0]
	at io.cucumber.java.Invoker.invoke(Invoker.java:24) ~[cucumber-java-7.14.0.jar:7.14.0]
	at io.cucumber.java.AbstractGlueDefinition.invokeMethod(AbstractGlueDefinition.java:47) ~[cucumber-java-7.14.0.jar:7.14.0]
	at io.cucumber.java.JavaHookDefinition.execute(JavaHookDefinition.java:64) ~[cucumber-java-7.14.0.jar:7.14.0]
	at io.cucumber.core.runner.CoreHookDefinition.execute(CoreHookDefinition.java:46) ~[cucumber-core-7.14.0.jar:7.14.0]
	at io.cucumber.core.runner.HookDefinitionMatch.runStep(HookDefinitionMatch.java:21) ~[cucumber-core-7.14.0.jar:7.14.0]
	at io.cucumber.core.runner.ExecutionMode$1.execute(ExecutionMode.java:10) ~[cucumber-core-7.14.0.jar:7.14.0]
	at io.cucumber.core.runner.TestStep.executeStep(TestStep.java:84) ~[cucumber-core-7.14.0.jar:7.14.0]
	at io.cucumber.core.runner.TestStep.run(TestStep.java:56) ~[cucumber-core-7.14.0.jar:7.14.0]
	at io.cucumber.core.runner.PickleStepTestStep.run(PickleStepTestStep.java:56) ~[cucumber-core-7.14.0.jar:7.14.0]
	at io.cucumber.core.runner.TestCase.run(TestCase.java:84) ~[cucumber-core-7.14.0.jar:7.14.0]
	at io.cucumber.core.runner.Runner.runPickle(Runner.java:75) ~[cucumber-core-7.14.0.jar:7.14.0]
	at io.cucumber.junit.platform.engine.CucumberEngineExecutionContext.lambda$runTestCase$4(CucumberEngineExecutionContext.java:112) ~[cucumber-junit-platform-engine-7.14.0.jar:?]
	at io.cucumber.core.runtime.CucumberExecutionContext.lambda$runTestCase$5(CucumberExecutionContext.java:137) ~[cucumber-core-7.14.0.jar:7.14.0]
	at io.cucumber.core.runtime.RethrowingThrowableCollector.executeAndThrow(RethrowingThrowableCollector.java:23) ~[cucumber-core-7.14.0.jar:7.14.0]
	at io.cucumber.core.runtime.CucumberExecutionContext.runTestCase(CucumberExecutionContext.java:137) ~[cucumber-core-7.14.0.jar:7.14.0]
	at io.cucumber.junit.platform.engine.CucumberEngineExecutionContext.runTestCase(CucumberEngineExecutionContext.java:109) ~[cucumber-junit-platform-engine-7.14.0.jar:?]
	at io.cucumber.junit.platform.engine.NodeDescriptor$PickleDescriptor.execute(NodeDescriptor.java:168) ~[cucumber-junit-platform-engine-7.14.0.jar:?]
	at io.cucumber.junit.platform.engine.NodeDescriptor$PickleDescriptor.execute(NodeDescriptor.java:90) ~[cucumber-junit-platform-engine-7.14.0.jar:?]
	at org.junit.platform.engine.support.hierarchical.NodeTestTask.lambda$executeRecursively$6(NodeTestTask.java:151) ~[junit-platform-engine-1.10.2.jar:1.10.2]
	at org.junit.platform.engine.support.hierarchical.ThrowableCollector.execute(ThrowableCollector.java:73) ~[junit-platform-engine-1.10.2.jar:1.10.2]
	at org.junit.platform.engine.support.hierarchical.NodeTestTask.lambda$executeRecursively$8(NodeTestTask.java:141) ~[junit-platform-engine-1.10.2.jar:1.10.2]
	at org.junit.platform.engine.support.hierarchical.Node.around(Node.java:137) ~[junit-platform-engine-1.10.2.jar:1.10.2]
	at org.junit.platform.engine.support.hierarchical.NodeTestTask.lambda$executeRecursively$9(NodeTestTask.java:139) ~[junit-platform-engine-1.10.2.jar:1.10.2]
	at org.junit.platform.engine.support.hierarchical.ThrowableCollector.execute(ThrowableCollector.java:73) ~[junit-platform-engine-1.10.2.jar:1.10.2]
	at org.junit.platform.engine.support.hierarchical.NodeTestTask.executeRecursively(NodeTestTask.java:138) ~[junit-platform-engine-1.10.2.jar:1.10.2]
	at org.junit.platform.engine.support.hierarchical.NodeTestTask.execute(NodeTestTask.java:95) ~[junit-platform-engine-1.10.2.jar:1.10.2]
	at java.base/java.util.ArrayList.forEach(ArrayList.java:1541) ~[?:?]
	at org.junit.platform.engine.support.hierarchical.SameThreadHierarchicalTestExecutorService.invokeAll(SameThreadHierarchicalTestExecutorService.java:41) ~[junit-platform-engine-1.10.2.jar:1.10.2]
	at org.junit.platform.engine.support.hierarchical.NodeTestTask.lambda$executeRecursively$6(NodeTestTask.java:155) ~[junit-platform-engine-1.10.2.jar:1.10.2]
	at org.junit.platform.engine.support.hierarchical.ThrowableCollector.execute(ThrowableCollector.java:73) ~[junit-platform-engine-1.10.2.jar:1.10.2]
	at org.junit.platform.engine.support.hierarchical.NodeTestTask.lambda$executeRecursively$8(NodeTestTask.java:141) ~[junit-platform-engine-1.10.2.jar:1.10.2]
	at org.junit.platform.engine.support.hierarchical.Node.around(Node.java:137) ~[junit-platform-engine-1.10.2.jar:1.10.2]
	at org.junit.platform.engine.support.hierarchical.NodeTestTask.lambda$executeRecursively$9(NodeTestTask.java:139) ~[junit-platform-engine-1.10.2.jar:1.10.2]
	at org.junit.platform.engine.support.hierarchical.ThrowableCollector.execute(ThrowableCollector.java:73) ~[junit-platform-engine-1.10.2.jar:1.10.2]
	at org.junit.platform.engine.support.hierarchical.NodeTestTask.executeRecursively(NodeTestTask.java:138) ~[junit-platform-engine-1.10.2.jar:1.10.2]
	at org.junit.platform.engine.support.hierarchical.NodeTestTask.execute(NodeTestTask.java:95) ~[junit-platform-engine-1.10.2.jar:1.10.2]
	at java.base/java.util.ArrayList.forEach(ArrayList.java:1541) ~[?:?]
	at org.junit.platform.engine.support.hierarchical.SameThreadHierarchicalTestExecutorService.invokeAll(SameThreadHierarchicalTestExecutorService.java:41) ~[junit-platform-engine-1.10.2.jar:1.10.2]
	at org.junit.platform.engine.support.hierarchical.NodeTestTask.lambda$executeRecursively$6(NodeTestTask.java:155) ~[junit-platform-engine-1.10.2.jar:1.10.2]
	at org.junit.platform.engine.support.hierarchical.ThrowableCollector.execute(ThrowableCollector.java:73) ~[junit-platform-engine-1.10.2.jar:1.10.2]
	at org.junit.platform.engine.support.hierarchical.NodeTestTask.lambda$executeRecursively$8(NodeTestTask.java:141) ~[junit-platform-engine-1.10.2.jar:1.10.2]
	at org.junit.platform.engine.support.hierarchical.Node.around(Node.java:137) ~[junit-platform-engine-1.10.2.jar:1.10.2]
	at org.junit.platform.engine.support.hierarchical.NodeTestTask.lambda$executeRecursively$9(NodeTestTask.java:139) ~[junit-platform-engine-1.10.2.jar:1.10.2]
	at org.junit.platform.engine.support.hierarchical.ThrowableCollector.execute(ThrowableCollector.java:73) ~[junit-platform-engine-1.10.2.jar:1.10.2]
	at org.junit.platform.engine.support.hierarchical.NodeTestTask.executeRecursively(NodeTestTask.java:138) ~[junit-platform-engine-1.10.2.jar:1.10.2]
	at org.junit.platform.engine.support.hierarchical.NodeTestTask.execute(NodeTestTask.java:95) ~[junit-platform-engine-1.10.2.jar:1.10.2]
	at org.junit.platform.engine.support.hierarchical.SameThreadHierarchicalTestExecutorService.submit(SameThreadHierarchicalTestExecutorService.java:35) ~[junit-platform-engine-1.10.2.jar:1.10.2]
	at org.junit.platform.engine.support.hierarchical.HierarchicalTestExecutor.execute(HierarchicalTestExecutor.java:57) ~[junit-platform-engine-1.10.2.jar:1.10.2]
	at org.junit.platform.engine.support.hierarchical.HierarchicalTestEngine.execute(HierarchicalTestEngine.java:54) ~[junit-platform-engine-1.10.2.jar:1.10.2]
	at org.junit.platform.launcher.core.EngineExecutionOrchestrator.execute(EngineExecutionOrchestrator.java:198) ~[junit-platform-launcher-1.10.2.jar:1.10.2]
	at org.junit.platform.launcher.core.EngineExecutionOrchestrator.execute(EngineExecutionOrchestrator.java:169) ~[junit-platform-launcher-1.10.2.jar:1.10.2]
	at org.junit.platform.launcher.core.EngineExecutionOrchestrator.execute(EngineExecutionOrchestrator.java:93) ~[junit-platform-launcher-1.10.2.jar:1.10.2]
	at org.junit.platform.launcher.core.EngineExecutionOrchestrator.execute(EngineExecutionOrchestrator.java:76) ~[junit-platform-launcher-1.10.2.jar:1.10.2]
	at org.junit.platform.suite.engine.SuiteLauncher.execute(SuiteLauncher.java:63) ~[junit-platform-suite-engine-1.10.2.jar:1.10.2]
	at org.junit.platform.suite.engine.SuiteTestDescriptor.execute(SuiteTestDescriptor.java:128) ~[junit-platform-suite-engine-1.10.2.jar:1.10.2]
	at org.junit.platform.suite.engine.SuiteTestEngine.lambda$execute$0(SuiteTestEngine.java:73) ~[junit-platform-suite-engine-1.10.2.jar:1.10.2]
	at java.base/java.util.stream.ForEachOps$ForEachOp$OfRef.accept(ForEachOps.java:183) ~[?:?]
	at java.base/java.util.stream.ReferencePipeline$3$1.accept(ReferencePipeline.java:195) ~[?:?]
	at java.base/java.util.Iterator.forEachRemaining(Iterator.java:133) ~[?:?]
	at java.base/java.util.Spliterators$IteratorSpliterator.forEachRemaining(Spliterators.java:1801) ~[?:?]
	at java.base/java.util.stream.AbstractPipeline.copyInto(AbstractPipeline.java:484) ~[?:?]
	at java.base/java.util.stream.AbstractPipeline.wrapAndCopyInto(AbstractPipeline.java:474) ~[?:?]
	at java.base/java.util.stream.ForEachOps$ForEachOp.evaluateSequential(ForEachOps.java:150) ~[?:?]
	at java.base/java.util.stream.ForEachOps$ForEachOp$OfRef.evaluateSequential(ForEachOps.java:173) ~[?:?]
	at java.base/java.util.stream.AbstractPipeline.evaluate(AbstractPipeline.java:234) ~[?:?]
	at java.base/java.util.stream.ReferencePipeline.forEach(ReferencePipeline.java:497) ~[?:?]
	at org.junit.platform.suite.engine.SuiteTestEngine.execute(SuiteTestEngine.java:73) ~[junit-platform-suite-engine-1.10.2.jar:1.10.2]
	at org.junit.platform.launcher.core.EngineExecutionOrchestrator.execute(EngineExecutionOrchestrator.java:198) ~[junit-platform-launcher-1.10.2.jar:1.10.2]
	at org.junit.platform.launcher.core.EngineExecutionOrchestrator.execute(EngineExecutionOrchestrator.java:169) ~[junit-platform-launcher-1.10.2.jar:1.10.2]
	at org.junit.platform.launcher.core.EngineExecutionOrchestrator.execute(EngineExecutionOrchestrator.java:93) ~[junit-platform-launcher-1.10.2.jar:1.10.2]
	at org.junit.platform.launcher.core.EngineExecutionOrchestrator.lambda$execute$0(EngineExecutionOrchestrator.java:58) ~[junit-platform-launcher-1.10.2.jar:1.10.2]
	at org.junit.platform.launcher.core.EngineExecutionOrchestrator.withInterceptedStreams(EngineExecutionOrchestrator.java:141) [junit-platform-launcher-1.10.2.jar:1.10.2]
	at org.junit.platform.launcher.core.EngineExecutionOrchestrator.execute(EngineExecutionOrchestrator.java:57) [junit-platform-launcher-1.10.2.jar:1.10.2]
	at org.junit.platform.launcher.core.DefaultLauncher.execute(DefaultLauncher.java:103) [junit-platform-launcher-1.10.2.jar:1.10.2]
	at org.junit.platform.launcher.core.DefaultLauncher.execute(DefaultLauncher.java:85) [junit-platform-launcher-1.10.2.jar:1.10.2]
	at org.junit.platform.launcher.core.DelegatingLauncher.execute(DelegatingLauncher.java:47) [junit-platform-launcher-1.10.2.jar:1.10.2]
	at org.apache.maven.surefire.junitplatform.LazyLauncher.execute(LazyLauncher.java:56) [surefire-junit-platform-3.3.1.jar:3.3.1]
	at org.apache.maven.surefire.junitplatform.JUnitPlatformProvider.execute(JUnitPlatformProvider.java:184) [surefire-junit-platform-3.3.1.jar:3.3.1]
	at org.apache.maven.surefire.junitplatform.JUnitPlatformProvider.invokeAllTests(JUnitPlatformProvider.java:148) [surefire-junit-platform-3.3.1.jar:3.3.1]
	at org.apache.maven.surefire.junitplatform.JUnitPlatformProvider.invoke(JUnitPlatformProvider.java:122) [surefire-junit-platform-3.3.1.jar:3.3.1]
	at org.apache.maven.surefire.booter.ForkedBooter.runSuitesInProcess(ForkedBooter.java:385) [surefire-booter-3.3.1.jar:3.3.1]
	at org.apache.maven.surefire.booter.ForkedBooter.execute(ForkedBooter.java:162) [surefire-booter-3.3.1.jar:3.3.1]
	at org.apache.maven.surefire.booter.ForkedBooter.run(ForkedBooter.java:507) [surefire-booter-3.3.1.jar:3.3.1]
	at org.apache.maven.surefire.booter.ForkedBooter.main(ForkedBooter.java:495) [surefire-booter-3.3.1.jar:3.3.1]
2026-05-22 11:21:15.999 ERROR TestHooks.afterScenario:72 [kullanici samplesale uzerinden CTLS satis islemi gecer] - ? Senaryo FAIL ? kullanici samplesale uzerinden CTLS satis islemi gecer
2026-05-22 11:21:26.355 WARN  LogFilter.processRawLog:144 [kullanici samplesale uzerinden CTLS satis islemi gecer] - LogFilter: Slip JSON bulunamad˝ ? Configuration.properties g¸ncellenmedi.
2026-05-22 11:21:26.355 INFO  LogFilter.processRawLog:156 [kullanici samplesale uzerinden CTLS satis islemi gecer] - LogFilter: Exception log yaz˝ld˝ ? logs\exception\kullanici_samplesale_uzerinden_CTLS_satis_islemi_gecer.log
2026-05-22 11:21:26.355 INFO  LogFilter.processRawLog:162 [kullanici samplesale uzerinden CTLS satis islemi gecer] - LogFilter: JSON benzeri sat˝rlar yaz˝ld˝ ? logs\jsonSlip\kullanici_samplesale_uzerinden_CTLS_satis_islemi_gecer.log
2026-05-22 11:21:26.355 INFO  LogFilter.processRawLog:165 [kullanici samplesale uzerinden CTLS satis islemi gecer] - LogFilter: RAW log i˛lendi (senaryo: kullanici samplesale uzerinden CTLS satis islemi gecer).
2026-05-22 11:21:26.373 INFO  TestHooks.afterAll:88  - === TEST SUITE B›TT› ===
2026-05-22 11:21:32.079 INFO  TestHooks.beforeAll:21  - === TEST SUITE BAﬁLADI ===
2026-05-22 11:21:45.625 INFO  TestHooks.beforeScenario:27 [kullanici samplesale uzerinden CTLS satis islemi gecer] - Senaryo ba˛lad˝: kullanici samplesale uzerinden CTLS satis islemi gecer
2026-05-22 11:21:45.767 INFO  TestHooks.beforeStep:52 [kullanici samplesale uzerinden CTLS satis islemi gecer] - ? Logcat ilk stepte ba˛lat˝ld˝.
2026-05-22 11:22:05.340 INFO  TestHooks.afterScenario:75 [kullanici samplesale uzerinden CTLS satis islemi gecer] - ? Senaryo PASS ? kullanici samplesale uzerinden CTLS satis islemi gecer
2026-05-22 11:22:14.243 WARN  LogFilter.processRawLog:144 [kullanici samplesale uzerinden CTLS satis islemi gecer] - LogFilter: Slip JSON bulunamad˝ ? Configuration.properties g¸ncellenmedi.
2026-05-22 11:22:14.246 INFO  LogFilter.processRawLog:156 [kullanici samplesale uzerinden CTLS satis islemi gecer] - LogFilter: Exception log yaz˝ld˝ ? logs\exception\kullanici_samplesale_uzerinden_CTLS_satis_islemi_gecer.log
2026-05-22 11:22:14.251 INFO  LogFilter.processRawLog:162 [kullanici samplesale uzerinden CTLS satis islemi gecer] - LogFilter: JSON benzeri sat˝rlar yaz˝ld˝ ? logs\jsonSlip\kullanici_samplesale_uzerinden_CTLS_satis_islemi_gecer.log
2026-05-22 11:22:14.251 INFO  LogFilter.processRawLog:165 [kullanici samplesale uzerinden CTLS satis islemi gecer] - LogFilter: RAW log i˛lendi (senaryo: kullanici samplesale uzerinden CTLS satis islemi gecer).
2026-05-22 11:22:14.267 INFO  TestHooks.afterAll:88  - === TEST SUITE B›TT› ===
2026-05-22 11:22:20.472 INFO  TestHooks.beforeAll:21  - === TEST SUITE BAﬁLADI ===
2026-05-22 11:22:31.635 INFO  TestHooks.beforeScenario:27 [kullanici samplesale uzerinden CTLS satis islemi gecer] - Senaryo ba˛lad˝: kullanici samplesale uzerinden CTLS satis islemi gecer
2026-05-22 11:22:31.778 INFO  TestHooks.beforeStep:52 [kullanici samplesale uzerinden CTLS satis islemi gecer] - ? Logcat ilk stepte ba˛lat˝ld˝.
2026-05-22 11:22:48.895 INFO  TestHooks.afterScenario:75 [kullanici samplesale uzerinden CTLS satis islemi gecer] - ? Senaryo PASS ? kullanici samplesale uzerinden CTLS satis islemi gecer
2026-05-22 11:22:49.595 INFO  LogFilter.processRawLog:137 [kullanici samplesale uzerinden CTLS satis islemi gecer] - LogFilter: sonIslem* alanlar˝ Configuration.properties'e yaz˝ld˝. (rrn=614203310832, stanNo=38)
2026-05-22 11:22:49.605 INFO  LogFilter.processRawLog:156 [kullanici samplesale uzerinden CTLS satis islemi gecer] - LogFilter: Exception log yaz˝ld˝ ? logs\exception\kullanici_samplesale_uzerinden_CTLS_satis_islemi_gecer.log
2026-05-22 11:22:49.605 INFO  LogFilter.processRawLog:162 [kullanici samplesale uzerinden CTLS satis islemi gecer] - LogFilter: JSON benzeri sat˝rlar yaz˝ld˝ ? logs\jsonSlip\kullanici_samplesale_uzerinden_CTLS_satis_islemi_gecer.log
2026-05-22 11:22:49.605 INFO  LogFilter.processRawLog:165 [kullanici samplesale uzerinden CTLS satis islemi gecer] - LogFilter: RAW log i˛lendi (senaryo: kullanici samplesale uzerinden CTLS satis islemi gecer).
2026-05-22 11:22:49.621 INFO  TestHooks.afterAll:88  - === TEST SUITE B›TT› ===
2026-05-22 11:22:57.011 INFO  TestHooks.beforeAll:21  - === TEST SUITE BAﬁLADI ===
2026-05-22 11:23:07.953 INFO  TestHooks.beforeScenario:27 [kullanici samplesale uzerinden CTLS satis islemi gecer] - Senaryo ba˛lad˝: kullanici samplesale uzerinden CTLS satis islemi gecer
2026-05-22 11:23:08.081 INFO  TestHooks.beforeStep:52 [kullanici samplesale uzerinden CTLS satis islemi gecer] - ? Logcat ilk stepte ba˛lat˝ld˝.
2026-05-22 11:23:33.322 INFO  TestHooks.afterScenario:75 [kullanici samplesale uzerinden CTLS satis islemi gecer] - ? Senaryo PASS ? kullanici samplesale uzerinden CTLS satis islemi gecer
2026-05-22 11:23:42.097 WARN  LogFilter.processRawLog:144 [kullanici samplesale uzerinden CTLS satis islemi gecer] - LogFilter: Slip JSON bulunamad˝ ? Configuration.properties g¸ncellenmedi.
2026-05-22 11:23:42.100 INFO  LogFilter.processRawLog:156 [kullanici samplesale uzerinden CTLS satis islemi gecer] - LogFilter: Exception log yaz˝ld˝ ? logs\exception\kullanici_samplesale_uzerinden_CTLS_satis_islemi_gecer.log
2026-05-22 11:23:42.104 INFO  LogFilter.processRawLog:162 [kullanici samplesale uzerinden CTLS satis islemi gecer] - LogFilter: JSON benzeri sat˝rlar yaz˝ld˝ ? logs\jsonSlip\kullanici_samplesale_uzerinden_CTLS_satis_islemi_gecer.log
2026-05-22 11:23:42.104 INFO  LogFilter.processRawLog:165 [kullanici samplesale uzerinden CTLS satis islemi gecer] - LogFilter: RAW log i˛lendi (senaryo: kullanici samplesale uzerinden CTLS satis islemi gecer).
2026-05-22 11:23:42.119 INFO  TestHooks.afterAll:88  - === TEST SUITE B›TT› ===
2026-05-22 11:23:48.667 INFO  TestHooks.beforeAll:21  - === TEST SUITE BAﬁLADI ===
2026-05-22 11:23:59.594 INFO  TestHooks.beforeScenario:27 [kullanici samplesale uzerinden CTLS satis islemi gecer] - Senaryo ba˛lad˝: kullanici samplesale uzerinden CTLS satis islemi gecer
2026-05-22 11:23:59.739 INFO  TestHooks.beforeStep:52 [kullanici samplesale uzerinden CTLS satis islemi gecer] - ? Logcat ilk stepte ba˛lat˝ld˝.
2026-05-22 11:24:04.348 WARN  TestHooks.afterStep:62 [kullanici samplesale uzerinden CTLS satis islemi gecer] - ? Ad˝m FAIL oldu ? Screenshot al˝n˝yor...
2026-05-22 11:24:04.379 ERROR ScreenshotUtil.captureAndAttach:48 [kullanici samplesale uzerinden CTLS satis islemi gecer] - Screenshot al˝n˝rken hata: 'GET /screenshot' cannot be proxied to UiAutomator2 server because the instrumentation process is not running (probably crashed). Check the server log and/or the logcat output for more details
Build info: version: '4.23.0', revision: '4df0a231af'
System info: os.name: 'Windows 11', os.arch: 'amd64', os.version: '10.0', java.version: '11.0.29'
Driver info: io.appium.java_client.android.AndroidDriver
Command: [dd8f6297-84ab-494a-bcef-22d56230bacc, screenshot {}]
Capabilities {appium:appActivity: com.pax.samplesalea.SaleAct..., appium:appPackage: com.pax.samplesalea, appium:autoGrantPermissions: true, appium:automationName: UiAutomator2, appium:databaseEnabled: false, appium:desired: {appActivity: com.pax.samplesalea.SaleAct..., appPackage: com.pax.samplesalea, autoGrantPermissions: true, automationName: UiAutomator2, deviceName: PaxA910s, disableWindowAnimation: true, dontStopAppOnReset: true, fullReset: false, ignoreHiddenApiPolicyError: true, newCommandTimeout: 300, noReset: true, platformName: ANDROID, udid: 2840152923}, appium:deviceApiLevel: 29, appium:deviceManufacturer: PAX, appium:deviceModel: A910S, appium:deviceName: 2840152923, appium:deviceScreenDensity: 320, appium:deviceScreenSize: 720x1280, appium:deviceUDID: 2840152923, appium:disableWindowAnimation: true, appium:dontStopAppOnReset: true, appium:fullReset: false, appium:ignoreHiddenApiPolicyError: true, appium:javascriptEnabled: true, appium:locationContextEnabled: false, appium:networkConnectionEnabled: true, appium:newCommandTimeout: 300, appium:noReset: true, appium:pixelRatio: 2, appium:platformVersion: 10, appium:statBarHeight: 48, appium:takesScreenshot: true, appium:udid: 2840152923, appium:viewportRect: {height: 1232, left: 0, top: 48, width: 720}, appium:warnings: {}, appium:webStorageEnabled: false, platformName: ANDROID}
Session ID: dd8f6297-84ab-494a-bcef-22d56230bacc
org.openqa.selenium.WebDriverException: 'GET /screenshot' cannot be proxied to UiAutomator2 server because the instrumentation process is not running (probably crashed). Check the server log and/or the logcat output for more details
Build info: version: '4.23.0', revision: '4df0a231af'
System info: os.name: 'Windows 11', os.arch: 'amd64', os.version: '10.0', java.version: '11.0.29'
Driver info: io.appium.java_client.android.AndroidDriver
Command: [dd8f6297-84ab-494a-bcef-22d56230bacc, screenshot {}]
Capabilities {appium:appActivity: com.pax.samplesalea.SaleAct..., appium:appPackage: com.pax.samplesalea, appium:autoGrantPermissions: true, appium:automationName: UiAutomator2, appium:databaseEnabled: false, appium:desired: {appActivity: com.pax.samplesalea.SaleAct..., appPackage: com.pax.samplesalea, autoGrantPermissions: true, automationName: UiAutomator2, deviceName: PaxA910s, disableWindowAnimation: true, dontStopAppOnReset: true, fullReset: false, ignoreHiddenApiPolicyError: true, newCommandTimeout: 300, noReset: true, platformName: ANDROID, udid: 2840152923}, appium:deviceApiLevel: 29, appium:deviceManufacturer: PAX, appium:deviceModel: A910S, appium:deviceName: 2840152923, appium:deviceScreenDensity: 320, appium:deviceScreenSize: 720x1280, appium:deviceUDID: 2840152923, appium:disableWindowAnimation: true, appium:dontStopAppOnReset: true, appium:fullReset: false, appium:ignoreHiddenApiPolicyError: true, appium:javascriptEnabled: true, appium:locationContextEnabled: false, appium:networkConnectionEnabled: true, appium:newCommandTimeout: 300, appium:noReset: true, appium:pixelRatio: 2, appium:platformVersion: 10, appium:statBarHeight: 48, appium:takesScreenshot: true, appium:udid: 2840152923, appium:viewportRect: {height: 1232, left: 0, top: 48, width: 720}, appium:warnings: {}, appium:webStorageEnabled: false, platformName: ANDROID}
Session ID: dd8f6297-84ab-494a-bcef-22d56230bacc
	at java.base/jdk.internal.reflect.NativeConstructorAccessorImpl.newInstance0(Native Method) ~[?:?]
	at java.base/jdk.internal.reflect.NativeConstructorAccessorImpl.newInstance(NativeConstructorAccessorImpl.java:62) ~[?:?]
	at java.base/jdk.internal.reflect.DelegatingConstructorAccessorImpl.newInstance(DelegatingConstructorAccessorImpl.java:45) ~[?:?]
	at java.base/java.lang.reflect.Constructor.newInstance(Constructor.java:490) ~[?:?]
	at org.openqa.selenium.remote.ErrorCodec.decode(ErrorCodec.java:167) ~[selenium-remote-driver-4.23.0.jar:?]
	at org.openqa.selenium.remote.codec.w3c.W3CHttpResponseCodec.decode(W3CHttpResponseCodec.java:138) ~[selenium-remote-driver-4.23.0.jar:?]
	at org.openqa.selenium.remote.codec.w3c.W3CHttpResponseCodec.decode(W3CHttpResponseCodec.java:50) ~[selenium-remote-driver-4.23.0.jar:?]
	at org.openqa.selenium.remote.HttpCommandExecutor.execute(HttpCommandExecutor.java:190) ~[selenium-remote-driver-4.23.0.jar:?]
	at io.appium.java_client.remote.AppiumCommandExecutor.execute(AppiumCommandExecutor.java:237) ~[java-client-9.2.2.jar:?]
	at org.openqa.selenium.remote.RemoteWebDriver.execute(RemoteWebDriver.java:527) ~[selenium-remote-driver-4.23.0.jar:?]
	at org.openqa.selenium.remote.RemoteWebDriver.execute(RemoteWebDriver.java:600) ~[selenium-remote-driver-4.23.0.jar:?]
	at io.appium.java_client.AppiumDriver.execute(AppiumDriver.java:307) ~[java-client-9.2.2.jar:?]
	at org.openqa.selenium.remote.RemoteWebDriver.getScreenshotAs(RemoteWebDriver.java:323) ~[selenium-remote-driver-4.23.0.jar:?]
	at io.appium.java_client.AppiumDriver.getScreenshotAs(AppiumDriver.java:316) ~[java-client-9.2.2.jar:?]
	at utilities.ScreenshotUtil.captureAndAttach(ScreenshotUtil.java:28) ~[test-classes/:?]
	at hooks.TestHooks.afterStep(TestHooks.java:64) ~[test-classes/:?]
	at java.base/jdk.internal.reflect.NativeMethodAccessorImpl.invoke0(Native Method) ~[?:?]
	at java.base/jdk.internal.reflect.NativeMethodAccessorImpl.invoke(NativeMethodAccessorImpl.java:62) ~[?:?]
	at java.base/jdk.internal.reflect.DelegatingMethodAccessorImpl.invoke(DelegatingMethodAccessorImpl.java:43) ~[?:?]
	at java.base/java.lang.reflect.Method.invoke(Method.java:566) ~[?:?]
	at io.cucumber.java.Invoker.doInvoke(Invoker.java:66) ~[cucumber-java-7.14.0.jar:7.14.0]
	at io.cucumber.java.Invoker.invoke(Invoker.java:24) ~[cucumber-java-7.14.0.jar:7.14.0]
	at io.cucumber.java.AbstractGlueDefinition.invokeMethod(AbstractGlueDefinition.java:47) ~[cucumber-java-7.14.0.jar:7.14.0]
	at io.cucumber.java.JavaHookDefinition.execute(JavaHookDefinition.java:64) ~[cucumber-java-7.14.0.jar:7.14.0]
	at io.cucumber.core.runner.CoreHookDefinition.execute(CoreHookDefinition.java:46) ~[cucumber-core-7.14.0.jar:7.14.0]
	at io.cucumber.core.runner.HookDefinitionMatch.runStep(HookDefinitionMatch.java:21) ~[cucumber-core-7.14.0.jar:7.14.0]
	at io.cucumber.core.runner.ExecutionMode$1.execute(ExecutionMode.java:10) ~[cucumber-core-7.14.0.jar:7.14.0]
	at io.cucumber.core.runner.TestStep.executeStep(TestStep.java:84) ~[cucumber-core-7.14.0.jar:7.14.0]
	at io.cucumber.core.runner.TestStep.run(TestStep.java:56) ~[cucumber-core-7.14.0.jar:7.14.0]
	at io.cucumber.core.runner.PickleStepTestStep.run(PickleStepTestStep.java:56) ~[cucumber-core-7.14.0.jar:7.14.0]
	at io.cucumber.core.runner.TestCase.run(TestCase.java:84) ~[cucumber-core-7.14.0.jar:7.14.0]
	at io.cucumber.core.runner.Runner.runPickle(Runner.java:75) ~[cucumber-core-7.14.0.jar:7.14.0]
	at io.cucumber.junit.platform.engine.CucumberEngineExecutionContext.lambda$runTestCase$4(CucumberEngineExecutionContext.java:112) ~[cucumber-junit-platform-engine-7.14.0.jar:?]
	at io.cucumber.core.runtime.CucumberExecutionContext.lambda$runTestCase$5(CucumberExecutionContext.java:137) ~[cucumber-core-7.14.0.jar:7.14.0]
	at io.cucumber.core.runtime.RethrowingThrowableCollector.executeAndThrow(RethrowingThrowableCollector.java:23) ~[cucumber-core-7.14.0.jar:7.14.0]
	at io.cucumber.core.runtime.CucumberExecutionContext.runTestCase(CucumberExecutionContext.java:137) ~[cucumber-core-7.14.0.jar:7.14.0]
	at io.cucumber.junit.platform.engine.CucumberEngineExecutionContext.runTestCase(CucumberEngineExecutionContext.java:109) ~[cucumber-junit-platform-engine-7.14.0.jar:?]
	at io.cucumber.junit.platform.engine.NodeDescriptor$PickleDescriptor.execute(NodeDescriptor.java:168) ~[cucumber-junit-platform-engine-7.14.0.jar:?]
	at io.cucumber.junit.platform.engine.NodeDescriptor$PickleDescriptor.execute(NodeDescriptor.java:90) ~[cucumber-junit-platform-engine-7.14.0.jar:?]
	at org.junit.platform.engine.support.hierarchical.NodeTestTask.lambda$executeRecursively$6(NodeTestTask.java:151) ~[junit-platform-engine-1.10.2.jar:1.10.2]
	at org.junit.platform.engine.support.hierarchical.ThrowableCollector.execute(ThrowableCollector.java:73) ~[junit-platform-engine-1.10.2.jar:1.10.2]
	at org.junit.platform.engine.support.hierarchical.NodeTestTask.lambda$executeRecursively$8(NodeTestTask.java:141) ~[junit-platform-engine-1.10.2.jar:1.10.2]
	at org.junit.platform.engine.support.hierarchical.Node.around(Node.java:137) ~[junit-platform-engine-1.10.2.jar:1.10.2]
	at org.junit.platform.engine.support.hierarchical.NodeTestTask.lambda$executeRecursively$9(NodeTestTask.java:139) ~[junit-platform-engine-1.10.2.jar:1.10.2]
	at org.junit.platform.engine.support.hierarchical.ThrowableCollector.execute(ThrowableCollector.java:73) ~[junit-platform-engine-1.10.2.jar:1.10.2]
	at org.junit.platform.engine.support.hierarchical.NodeTestTask.executeRecursively(NodeTestTask.java:138) ~[junit-platform-engine-1.10.2.jar:1.10.2]
	at org.junit.platform.engine.support.hierarchical.NodeTestTask.execute(NodeTestTask.java:95) ~[junit-platform-engine-1.10.2.jar:1.10.2]
	at java.base/java.util.ArrayList.forEach(ArrayList.java:1541) ~[?:?]
	at org.junit.platform.engine.support.hierarchical.SameThreadHierarchicalTestExecutorService.invokeAll(SameThreadHierarchicalTestExecutorService.java:41) ~[junit-platform-engine-1.10.2.jar:1.10.2]
	at org.junit.platform.engine.support.hierarchical.NodeTestTask.lambda$executeRecursively$6(NodeTestTask.java:155) ~[junit-platform-engine-1.10.2.jar:1.10.2]
	at org.junit.platform.engine.support.hierarchical.ThrowableCollector.execute(ThrowableCollector.java:73) ~[junit-platform-engine-1.10.2.jar:1.10.2]
	at org.junit.platform.engine.support.hierarchical.NodeTestTask.lambda$executeRecursively$8(NodeTestTask.java:141) ~[junit-platform-engine-1.10.2.jar:1.10.2]
	at org.junit.platform.engine.support.hierarchical.Node.around(Node.java:137) ~[junit-platform-engine-1.10.2.jar:1.10.2]
	at org.junit.platform.engine.support.hierarchical.NodeTestTask.lambda$executeRecursively$9(NodeTestTask.java:139) ~[junit-platform-engine-1.10.2.jar:1.10.2]
	at org.junit.platform.engine.support.hierarchical.ThrowableCollector.execute(ThrowableCollector.java:73) ~[junit-platform-engine-1.10.2.jar:1.10.2]
	at org.junit.platform.engine.support.hierarchical.NodeTestTask.executeRecursively(NodeTestTask.java:138) ~[junit-platform-engine-1.10.2.jar:1.10.2]
	at org.junit.platform.engine.support.hierarchical.NodeTestTask.execute(NodeTestTask.java:95) ~[junit-platform-engine-1.10.2.jar:1.10.2]
	at java.base/java.util.ArrayList.forEach(ArrayList.java:1541) ~[?:?]
	at org.junit.platform.engine.support.hierarchical.SameThreadHierarchicalTestExecutorService.invokeAll(SameThreadHierarchicalTestExecutorService.java:41) ~[junit-platform-engine-1.10.2.jar:1.10.2]
	at org.junit.platform.engine.support.hierarchical.NodeTestTask.lambda$executeRecursively$6(NodeTestTask.java:155) ~[junit-platform-engine-1.10.2.jar:1.10.2]
	at org.junit.platform.engine.support.hierarchical.ThrowableCollector.execute(ThrowableCollector.java:73) ~[junit-platform-engine-1.10.2.jar:1.10.2]
	at org.junit.platform.engine.support.hierarchical.NodeTestTask.lambda$executeRecursively$8(NodeTestTask.java:141) ~[junit-platform-engine-1.10.2.jar:1.10.2]
	at org.junit.platform.engine.support.hierarchical.Node.around(Node.java:137) ~[junit-platform-engine-1.10.2.jar:1.10.2]
	at org.junit.platform.engine.support.hierarchical.NodeTestTask.lambda$executeRecursively$9(NodeTestTask.java:139) ~[junit-platform-engine-1.10.2.jar:1.10.2]
	at org.junit.platform.engine.support.hierarchical.ThrowableCollector.execute(ThrowableCollector.java:73) ~[junit-platform-engine-1.10.2.jar:1.10.2]
	at org.junit.platform.engine.support.hierarchical.NodeTestTask.executeRecursively(NodeTestTask.java:138) ~[junit-platform-engine-1.10.2.jar:1.10.2]
	at org.junit.platform.engine.support.hierarchical.NodeTestTask.execute(NodeTestTask.java:95) ~[junit-platform-engine-1.10.2.jar:1.10.2]
	at org.junit.platform.engine.support.hierarchical.SameThreadHierarchicalTestExecutorService.submit(SameThreadHierarchicalTestExecutorService.java:35) ~[junit-platform-engine-1.10.2.jar:1.10.2]
	at org.junit.platform.engine.support.hierarchical.HierarchicalTestExecutor.execute(HierarchicalTestExecutor.java:57) ~[junit-platform-engine-1.10.2.jar:1.10.2]
	at org.junit.platform.engine.support.hierarchical.HierarchicalTestEngine.execute(HierarchicalTestEngine.java:54) ~[junit-platform-engine-1.10.2.jar:1.10.2]
	at org.junit.platform.launcher.core.EngineExecutionOrchestrator.execute(EngineExecutionOrchestrator.java:198) ~[junit-platform-launcher-1.10.2.jar:1.10.2]
	at org.junit.platform.launcher.core.EngineExecutionOrchestrator.execute(EngineExecutionOrchestrator.java:169) ~[junit-platform-launcher-1.10.2.jar:1.10.2]
	at org.junit.platform.launcher.core.EngineExecutionOrchestrator.execute(EngineExecutionOrchestrator.java:93) ~[junit-platform-launcher-1.10.2.jar:1.10.2]
	at org.junit.platform.launcher.core.EngineExecutionOrchestrator.execute(EngineExecutionOrchestrator.java:76) ~[junit-platform-launcher-1.10.2.jar:1.10.2]
	at org.junit.platform.suite.engine.SuiteLauncher.execute(SuiteLauncher.java:63) ~[junit-platform-suite-engine-1.10.2.jar:1.10.2]
	at org.junit.platform.suite.engine.SuiteTestDescriptor.execute(SuiteTestDescriptor.java:128) ~[junit-platform-suite-engine-1.10.2.jar:1.10.2]
	at org.junit.platform.suite.engine.SuiteTestEngine.lambda$execute$0(SuiteTestEngine.java:73) ~[junit-platform-suite-engine-1.10.2.jar:1.10.2]
	at java.base/java.util.stream.ForEachOps$ForEachOp$OfRef.accept(ForEachOps.java:183) ~[?:?]
	at java.base/java.util.stream.ReferencePipeline$3$1.accept(ReferencePipeline.java:195) ~[?:?]
	at java.base/java.util.Iterator.forEachRemaining(Iterator.java:133) ~[?:?]
	at java.base/java.util.Spliterators$IteratorSpliterator.forEachRemaining(Spliterators.java:1801) ~[?:?]
	at java.base/java.util.stream.AbstractPipeline.copyInto(AbstractPipeline.java:484) ~[?:?]
	at java.base/java.util.stream.AbstractPipeline.wrapAndCopyInto(AbstractPipeline.java:474) ~[?:?]
	at java.base/java.util.stream.ForEachOps$ForEachOp.evaluateSequential(ForEachOps.java:150) ~[?:?]
	at java.base/java.util.stream.ForEachOps$ForEachOp$OfRef.evaluateSequential(ForEachOps.java:173) ~[?:?]
	at java.base/java.util.stream.AbstractPipeline.evaluate(AbstractPipeline.java:234) ~[?:?]
	at java.base/java.util.stream.ReferencePipeline.forEach(ReferencePipeline.java:497) ~[?:?]
	at org.junit.platform.suite.engine.SuiteTestEngine.execute(SuiteTestEngine.java:73) ~[junit-platform-suite-engine-1.10.2.jar:1.10.2]
	at org.junit.platform.launcher.core.EngineExecutionOrchestrator.execute(EngineExecutionOrchestrator.java:198) ~[junit-platform-launcher-1.10.2.jar:1.10.2]
	at org.junit.platform.launcher.core.EngineExecutionOrchestrator.execute(EngineExecutionOrchestrator.java:169) ~[junit-platform-launcher-1.10.2.jar:1.10.2]
	at org.junit.platform.launcher.core.EngineExecutionOrchestrator.execute(EngineExecutionOrchestrator.java:93) ~[junit-platform-launcher-1.10.2.jar:1.10.2]
	at org.junit.platform.launcher.core.EngineExecutionOrchestrator.lambda$execute$0(EngineExecutionOrchestrator.java:58) ~[junit-platform-launcher-1.10.2.jar:1.10.2]
	at org.junit.platform.launcher.core.EngineExecutionOrchestrator.withInterceptedStreams(EngineExecutionOrchestrator.java:141) [junit-platform-launcher-1.10.2.jar:1.10.2]
	at org.junit.platform.launcher.core.EngineExecutionOrchestrator.execute(EngineExecutionOrchestrator.java:57) [junit-platform-launcher-1.10.2.jar:1.10.2]
	at org.junit.platform.launcher.core.DefaultLauncher.execute(DefaultLauncher.java:103) [junit-platform-launcher-1.10.2.jar:1.10.2]
	at org.junit.platform.launcher.core.DefaultLauncher.execute(DefaultLauncher.java:85) [junit-platform-launcher-1.10.2.jar:1.10.2]
	at org.junit.platform.launcher.core.DelegatingLauncher.execute(DelegatingLauncher.java:47) [junit-platform-launcher-1.10.2.jar:1.10.2]
	at org.apache.maven.surefire.junitplatform.LazyLauncher.execute(LazyLauncher.java:56) [surefire-junit-platform-3.3.1.jar:3.3.1]
	at org.apache.maven.surefire.junitplatform.JUnitPlatformProvider.execute(JUnitPlatformProvider.java:184) [surefire-junit-platform-3.3.1.jar:3.3.1]
	at org.apache.maven.surefire.junitplatform.JUnitPlatformProvider.invokeAllTests(JUnitPlatformProvider.java:148) [surefire-junit-platform-3.3.1.jar:3.3.1]
	at org.apache.maven.surefire.junitplatform.JUnitPlatformProvider.invoke(JUnitPlatformProvider.java:122) [surefire-junit-platform-3.3.1.jar:3.3.1]
	at org.apache.maven.surefire.booter.ForkedBooter.runSuitesInProcess(ForkedBooter.java:385) [surefire-booter-3.3.1.jar:3.3.1]
	at org.apache.maven.surefire.booter.ForkedBooter.execute(ForkedBooter.java:162) [surefire-booter-3.3.1.jar:3.3.1]
	at org.apache.maven.surefire.booter.ForkedBooter.run(ForkedBooter.java:507) [surefire-booter-3.3.1.jar:3.3.1]
	at org.apache.maven.surefire.booter.ForkedBooter.main(ForkedBooter.java:495) [surefire-booter-3.3.1.jar:3.3.1]
2026-05-22 11:24:04.392 ERROR TestHooks.afterScenario:72 [kullanici samplesale uzerinden CTLS satis islemi gecer] - ? Senaryo FAIL ? kullanici samplesale uzerinden CTLS satis islemi gecer
2026-05-22 11:24:14.950 WARN  LogFilter.processRawLog:144 [kullanici samplesale uzerinden CTLS satis islemi gecer] - LogFilter: Slip JSON bulunamad˝ ? Configuration.properties g¸ncellenmedi.
2026-05-22 11:24:14.953 INFO  LogFilter.processRawLog:156 [kullanici samplesale uzerinden CTLS satis islemi gecer] - LogFilter: Exception log yaz˝ld˝ ? logs\exception\kullanici_samplesale_uzerinden_CTLS_satis_islemi_gecer.log
2026-05-22 11:24:14.958 INFO  LogFilter.processRawLog:162 [kullanici samplesale uzerinden CTLS satis islemi gecer] - LogFilter: JSON benzeri sat˝rlar yaz˝ld˝ ? logs\jsonSlip\kullanici_samplesale_uzerinden_CTLS_satis_islemi_gecer.log
2026-05-22 11:24:14.960 INFO  LogFilter.processRawLog:165 [kullanici samplesale uzerinden CTLS satis islemi gecer] - LogFilter: RAW log i˛lendi (senaryo: kullanici samplesale uzerinden CTLS satis islemi gecer).
2026-05-22 11:24:14.986 INFO  TestHooks.afterAll:88  - === TEST SUITE B›TT› ===
2026-05-22 11:24:21.414 INFO  TestHooks.beforeAll:21  - === TEST SUITE BAﬁLADI ===
2026-05-22 11:24:35.352 INFO  TestHooks.beforeScenario:27 [kullanici samplesale uzerinden CTLS satis islemi gecer] - Senaryo ba˛lad˝: kullanici samplesale uzerinden CTLS satis islemi gecer
2026-05-22 11:24:35.502 INFO  TestHooks.beforeStep:52 [kullanici samplesale uzerinden CTLS satis islemi gecer] - ? Logcat ilk stepte ba˛lat˝ld˝.
2026-05-22 11:24:56.429 INFO  TestHooks.afterScenario:75 [kullanici samplesale uzerinden CTLS satis islemi gecer] - ? Senaryo PASS ? kullanici samplesale uzerinden CTLS satis islemi gecer
2026-05-22 11:25:05.445 WARN  LogFilter.processRawLog:144 [kullanici samplesale uzerinden CTLS satis islemi gecer] - LogFilter: Slip JSON bulunamad˝ ? Configuration.properties g¸ncellenmedi.
2026-05-22 11:25:05.448 INFO  LogFilter.processRawLog:156 [kullanici samplesale uzerinden CTLS satis islemi gecer] - LogFilter: Exception log yaz˝ld˝ ? logs\exception\kullanici_samplesale_uzerinden_CTLS_satis_islemi_gecer.log
2026-05-22 11:25:05.451 INFO  LogFilter.processRawLog:162 [kullanici samplesale uzerinden CTLS satis islemi gecer] - LogFilter: JSON benzeri sat˝rlar yaz˝ld˝ ? logs\jsonSlip\kullanici_samplesale_uzerinden_CTLS_satis_islemi_gecer.log
2026-05-22 11:25:05.452 INFO  LogFilter.processRawLog:165 [kullanici samplesale uzerinden CTLS satis islemi gecer] - LogFilter: RAW log i˛lendi (senaryo: kullanici samplesale uzerinden CTLS satis islemi gecer).
2026-05-22 11:25:05.468 INFO  TestHooks.afterAll:88  - === TEST SUITE B›TT› ===
2026-05-22 11:25:11.933 INFO  TestHooks.beforeAll:21  - === TEST SUITE BAﬁLADI ===
2026-05-22 11:25:22.338 INFO  TestHooks.beforeScenario:27 [kullanici samplesale uzerinden CTLS satis islemi gecer] - Senaryo ba˛lad˝: kullanici samplesale uzerinden CTLS satis islemi gecer
2026-05-22 11:25:22.472 INFO  TestHooks.beforeStep:52 [kullanici samplesale uzerinden CTLS satis islemi gecer] - ? Logcat ilk stepte ba˛lat˝ld˝.
2026-05-22 11:25:36.422 INFO  TestHooks.afterScenario:75 [kullanici samplesale uzerinden CTLS satis islemi gecer] - ? Senaryo PASS ? kullanici samplesale uzerinden CTLS satis islemi gecer
2026-05-22 11:25:45.227 WARN  LogFilter.processRawLog:144 [kullanici samplesale uzerinden CTLS satis islemi gecer] - LogFilter: Slip JSON bulunamad˝ ? Configuration.properties g¸ncellenmedi.
2026-05-22 11:25:45.232 INFO  LogFilter.processRawLog:156 [kullanici samplesale uzerinden CTLS satis islemi gecer] - LogFilter: Exception log yaz˝ld˝ ? logs\exception\kullanici_samplesale_uzerinden_CTLS_satis_islemi_gecer.log
2026-05-22 11:25:45.236 INFO  LogFilter.processRawLog:162 [kullanici samplesale uzerinden CTLS satis islemi gecer] - LogFilter: JSON benzeri sat˝rlar yaz˝ld˝ ? logs\jsonSlip\kullanici_samplesale_uzerinden_CTLS_satis_islemi_gecer.log
2026-05-22 11:25:45.236 INFO  LogFilter.processRawLog:165 [kullanici samplesale uzerinden CTLS satis islemi gecer] - LogFilter: RAW log i˛lendi (senaryo: kullanici samplesale uzerinden CTLS satis islemi gecer).
2026-05-22 11:25:45.253 INFO  TestHooks.afterAll:88  - === TEST SUITE B›TT› ===
2026-05-22 11:25:52.446 INFO  TestHooks.beforeAll:21  - === TEST SUITE BAﬁLADI ===
2026-05-22 11:26:02.595 INFO  TestHooks.beforeScenario:27 [kullanici samplesale uzerinden CTLS satis islemi gecer] - Senaryo ba˛lad˝: kullanici samplesale uzerinden CTLS satis islemi gecer
2026-05-22 11:26:02.725 INFO  TestHooks.beforeStep:52 [kullanici samplesale uzerinden CTLS satis islemi gecer] - ? Logcat ilk stepte ba˛lat˝ld˝.
2026-05-22 11:26:26.464 WARN  TestHooks.afterStep:62 [kullanici samplesale uzerinden CTLS satis islemi gecer] - ? Ad˝m FAIL oldu ? Screenshot al˝n˝yor...
2026-05-22 11:26:28.245 INFO  ScreenshotUtil.captureAndAttach:46 [kullanici samplesale uzerinden CTLS satis islemi gecer] - Screenshot kaydedildi: C:\Users\ozgun.tufenkci\IdeaProjects\PaxAutomationAndroid\logs\test\kullanici_samplesale_uzerinden_CTLS_satis_islemi_gecer_20260522-112628241.png
2026-05-22 11:26:28.246 ERROR TestHooks.afterScenario:72 [kullanici samplesale uzerinden CTLS satis islemi gecer] - ? Senaryo FAIL ? kullanici samplesale uzerinden CTLS satis islemi gecer
2026-05-22 11:26:38.605 WARN  LogFilter.processRawLog:144 [kullanici samplesale uzerinden CTLS satis islemi gecer] - LogFilter: Slip JSON bulunamad˝ ? Configuration.properties g¸ncellenmedi.
2026-05-22 11:26:38.609 INFO  LogFilter.processRawLog:156 [kullanici samplesale uzerinden CTLS satis islemi gecer] - LogFilter: Exception log yaz˝ld˝ ? logs\exception\kullanici_samplesale_uzerinden_CTLS_satis_islemi_gecer.log
2026-05-22 11:26:38.614 INFO  LogFilter.processRawLog:162 [kullanici samplesale uzerinden CTLS satis islemi gecer] - LogFilter: JSON benzeri sat˝rlar yaz˝ld˝ ? logs\jsonSlip\kullanici_samplesale_uzerinden_CTLS_satis_islemi_gecer.log
2026-05-22 11:26:38.614 INFO  LogFilter.processRawLog:165 [kullanici samplesale uzerinden CTLS satis islemi gecer] - LogFilter: RAW log i˛lendi (senaryo: kullanici samplesale uzerinden CTLS satis islemi gecer).
2026-05-22 11:26:38.640 INFO  TestHooks.afterAll:88  - === TEST SUITE B›TT› ===
2026-05-22 11:31:57.255 INFO  TestHooks.beforeAll:21  - === TEST SUITE BAﬁLADI ===
2026-05-22 11:32:13.177 INFO  TestHooks.beforeScenario:27 [kullanici samplesale uzerinden CTLS satis islemi gecer] - Senaryo ba˛lad˝: kullanici samplesale uzerinden CTLS satis islemi gecer
2026-05-22 11:32:13.321 INFO  TestHooks.beforeStep:52 [kullanici samplesale uzerinden CTLS satis islemi gecer] - ? Logcat ilk stepte ba˛lat˝ld˝.
2026-05-22 11:32:36.020 INFO  TestHooks.afterScenario:75 [kullanici samplesale uzerinden CTLS satis islemi gecer] - ? Senaryo PASS ? kullanici samplesale uzerinden CTLS satis islemi gecer
2026-05-22 11:32:44.770 WARN  LogFilter.processRawLog:144 [kullanici samplesale uzerinden CTLS satis islemi gecer] - LogFilter: Slip JSON bulunamad˝ ? Configuration.properties g¸ncellenmedi.
2026-05-22 11:32:44.770 INFO  LogFilter.processRawLog:156 [kullanici samplesale uzerinden CTLS satis islemi gecer] - LogFilter: Exception log yaz˝ld˝ ? logs\exception\kullanici_samplesale_uzerinden_CTLS_satis_islemi_gecer.log
2026-05-22 11:32:44.785 INFO  LogFilter.processRawLog:162 [kullanici samplesale uzerinden CTLS satis islemi gecer] - LogFilter: JSON benzeri sat˝rlar yaz˝ld˝ ? logs\jsonSlip\kullanici_samplesale_uzerinden_CTLS_satis_islemi_gecer.log
2026-05-22 11:32:44.785 INFO  LogFilter.processRawLog:165 [kullanici samplesale uzerinden CTLS satis islemi gecer] - LogFilter: RAW log i˛lendi (senaryo: kullanici samplesale uzerinden CTLS satis islemi gecer).
2026-05-22 11:32:44.806 INFO  TestHooks.afterAll:88  - === TEST SUITE B›TT› ===
2026-05-22 11:32:50.610 INFO  TestHooks.beforeAll:21  - === TEST SUITE BAﬁLADI ===
2026-05-22 11:33:03.251 INFO  TestHooks.beforeScenario:27 [kullanici samplesale uzerinden CTLS satis islemi gecer] - Senaryo ba˛lad˝: kullanici samplesale uzerinden CTLS satis islemi gecer
2026-05-22 11:33:03.395 INFO  TestHooks.beforeStep:52 [kullanici samplesale uzerinden CTLS satis islemi gecer] - ? Logcat ilk stepte ba˛lat˝ld˝.
2026-05-22 11:33:25.680 INFO  TestHooks.afterScenario:75 [kullanici samplesale uzerinden CTLS satis islemi gecer] - ? Senaryo PASS ? kullanici samplesale uzerinden CTLS satis islemi gecer
2026-05-22 11:33:26.376 INFO  LogFilter.processRawLog:137 [kullanici samplesale uzerinden CTLS satis islemi gecer] - LogFilter: sonIslem* alanlar˝ Configuration.properties'e yaz˝ld˝. (rrn=614203312053, stanNo=41)
2026-05-22 11:33:26.379 INFO  LogFilter.processRawLog:156 [kullanici samplesale uzerinden CTLS satis islemi gecer] - LogFilter: Exception log yaz˝ld˝ ? logs\exception\kullanici_samplesale_uzerinden_CTLS_satis_islemi_gecer.log
2026-05-22 11:33:26.382 INFO  LogFilter.processRawLog:162 [kullanici samplesale uzerinden CTLS satis islemi gecer] - LogFilter: JSON benzeri sat˝rlar yaz˝ld˝ ? logs\jsonSlip\kullanici_samplesale_uzerinden_CTLS_satis_islemi_gecer.log
2026-05-22 11:33:26.383 INFO  LogFilter.processRawLog:165 [kullanici samplesale uzerinden CTLS satis islemi gecer] - LogFilter: RAW log i˛lendi (senaryo: kullanici samplesale uzerinden CTLS satis islemi gecer).
2026-05-22 11:33:26.398 INFO  TestHooks.afterAll:88  - === TEST SUITE B›TT› ===
2026-05-22 11:33:32.787 INFO  TestHooks.beforeAll:21  - === TEST SUITE BAﬁLADI ===
2026-05-22 11:33:53.385 INFO  TestHooks.beforeScenario:27 [kullanici samplesale uzerinden CTLS satis islemi gecer] - Senaryo ba˛lad˝: kullanici samplesale uzerinden CTLS satis islemi gecer
2026-05-22 11:33:53.528 INFO  TestHooks.beforeStep:52 [kullanici samplesale uzerinden CTLS satis islemi gecer] - ? Logcat ilk stepte ba˛lat˝ld˝.
2026-05-22 11:34:16.014 INFO  TestHooks.afterScenario:75 [kullanici samplesale uzerinden CTLS satis islemi gecer] - ? Senaryo PASS ? kullanici samplesale uzerinden CTLS satis islemi gecer
2026-05-22 11:34:16.591 INFO  LogFilter.processRawLog:137 [kullanici samplesale uzerinden CTLS satis islemi gecer] - LogFilter: sonIslem* alanlar˝ Configuration.properties'e yaz˝ld˝. (rrn=614203311218, stanNo=42)
2026-05-22 11:34:16.594 INFO  LogFilter.processRawLog:156 [kullanici samplesale uzerinden CTLS satis islemi gecer] - LogFilter: Exception log yaz˝ld˝ ? logs\exception\kullanici_samplesale_uzerinden_CTLS_satis_islemi_gecer.log
2026-05-22 11:34:16.599 INFO  LogFilter.processRawLog:162 [kullanici samplesale uzerinden CTLS satis islemi gecer] - LogFilter: JSON benzeri sat˝rlar yaz˝ld˝ ? logs\jsonSlip\kullanici_samplesale_uzerinden_CTLS_satis_islemi_gecer.log
2026-05-22 11:34:16.599 INFO  LogFilter.processRawLog:165 [kullanici samplesale uzerinden CTLS satis islemi gecer] - LogFilter: RAW log i˛lendi (senaryo: kullanici samplesale uzerinden CTLS satis islemi gecer).
2026-05-22 11:34:16.617 INFO  TestHooks.afterAll:88  - === TEST SUITE B›TT› ===
2026-05-22 11:34:23.039 INFO  TestHooks.beforeAll:21  - === TEST SUITE BAﬁLADI ===
2026-05-22 11:34:41.813 INFO  TestHooks.beforeScenario:27 [kullanici samplesale uzerinden CTLS satis islemi gecer] - Senaryo ba˛lad˝: kullanici samplesale uzerinden CTLS satis islemi gecer
2026-05-22 11:34:41.957 INFO  TestHooks.beforeStep:52 [kullanici samplesale uzerinden CTLS satis islemi gecer] - ? Logcat ilk stepte ba˛lat˝ld˝.
2026-05-22 11:35:04.114 INFO  TestHooks.afterScenario:75 [kullanici samplesale uzerinden CTLS satis islemi gecer] - ? Senaryo PASS ? kullanici samplesale uzerinden CTLS satis islemi gecer
2026-05-22 11:35:04.828 INFO  LogFilter.processRawLog:137 [kullanici samplesale uzerinden CTLS satis islemi gecer] - LogFilter: sonIslem* alanlar˝ Configuration.properties'e yaz˝ld˝. (rrn=614203311229, stanNo=43)
2026-05-22 11:35:04.831 INFO  LogFilter.processRawLog:156 [kullanici samplesale uzerinden CTLS satis islemi gecer] - LogFilter: Exception log yaz˝ld˝ ? logs\exception\kullanici_samplesale_uzerinden_CTLS_satis_islemi_gecer.log
2026-05-22 11:35:04.835 INFO  LogFilter.processRawLog:162 [kullanici samplesale uzerinden CTLS satis islemi gecer] - LogFilter: JSON benzeri sat˝rlar yaz˝ld˝ ? logs\jsonSlip\kullanici_samplesale_uzerinden_CTLS_satis_islemi_gecer.log
2026-05-22 11:35:04.836 INFO  LogFilter.processRawLog:165 [kullanici samplesale uzerinden CTLS satis islemi gecer] - LogFilter: RAW log i˛lendi (senaryo: kullanici samplesale uzerinden CTLS satis islemi gecer).
2026-05-22 11:35:04.851 INFO  TestHooks.afterAll:88  - === TEST SUITE B›TT› ===
2026-05-22 11:35:14.060 INFO  TestHooks.beforeAll:21  - === TEST SUITE BAﬁLADI ===
2026-05-22 11:35:27.367 INFO  TestHooks.beforeScenario:27 [kullanici samplesale uzerinden CTLS satis islemi gecer] - Senaryo ba˛lad˝: kullanici samplesale uzerinden CTLS satis islemi gecer
2026-05-22 11:35:27.594 INFO  TestHooks.beforeStep:52 [kullanici samplesale uzerinden CTLS satis islemi gecer] - ? Logcat ilk stepte ba˛lat˝ld˝.
2026-05-22 11:35:50.464 INFO  TestHooks.afterScenario:75 [kullanici samplesale uzerinden CTLS satis islemi gecer] - ? Senaryo PASS ? kullanici samplesale uzerinden CTLS satis islemi gecer
2026-05-22 11:35:51.059 INFO  LogFilter.processRawLog:137 [kullanici samplesale uzerinden CTLS satis islemi gecer] - LogFilter: sonIslem* alanlar˝ Configuration.properties'e yaz˝ld˝. (rrn=614203311250, stanNo=44)
2026-05-22 11:35:51.059 INFO  LogFilter.processRawLog:156 [kullanici samplesale uzerinden CTLS satis islemi gecer] - LogFilter: Exception log yaz˝ld˝ ? logs\exception\kullanici_samplesale_uzerinden_CTLS_satis_islemi_gecer.log
2026-05-22 11:35:51.075 INFO  LogFilter.processRawLog:162 [kullanici samplesale uzerinden CTLS satis islemi gecer] - LogFilter: JSON benzeri sat˝rlar yaz˝ld˝ ? logs\jsonSlip\kullanici_samplesale_uzerinden_CTLS_satis_islemi_gecer.log
2026-05-22 11:35:51.075 INFO  LogFilter.processRawLog:165 [kullanici samplesale uzerinden CTLS satis islemi gecer] - LogFilter: RAW log i˛lendi (senaryo: kullanici samplesale uzerinden CTLS satis islemi gecer).
2026-05-22 11:35:51.091 INFO  TestHooks.afterAll:88  - === TEST SUITE B›TT› ===
2026-05-22 11:35:57.372 INFO  TestHooks.beforeAll:21  - === TEST SUITE BAﬁLADI ===
2026-05-22 11:36:13.281 INFO  TestHooks.beforeScenario:27 [kullanici samplesale uzerinden CTLS satis islemi gecer] - Senaryo ba˛lad˝: kullanici samplesale uzerinden CTLS satis islemi gecer
2026-05-22 11:36:13.408 INFO  TestHooks.beforeStep:52 [kullanici samplesale uzerinden CTLS satis islemi gecer] - ? Logcat ilk stepte ba˛lat˝ld˝.
2026-05-22 11:36:35.400 INFO  TestHooks.afterScenario:75 [kullanici samplesale uzerinden CTLS satis islemi gecer] - ? Senaryo PASS ? kullanici samplesale uzerinden CTLS satis islemi gecer
2026-05-22 11:36:35.971 INFO  LogFilter.processRawLog:137 [kullanici samplesale uzerinden CTLS satis islemi gecer] - LogFilter: sonIslem* alanlar˝ Configuration.properties'e yaz˝ld˝. (rrn=614203311272, stanNo=45)
2026-05-22 11:36:35.974 INFO  LogFilter.processRawLog:156 [kullanici samplesale uzerinden CTLS satis islemi gecer] - LogFilter: Exception log yaz˝ld˝ ? logs\exception\kullanici_samplesale_uzerinden_CTLS_satis_islemi_gecer.log
2026-05-22 11:36:35.979 INFO  LogFilter.processRawLog:162 [kullanici samplesale uzerinden CTLS satis islemi gecer] - LogFilter: JSON benzeri sat˝rlar yaz˝ld˝ ? logs\jsonSlip\kullanici_samplesale_uzerinden_CTLS_satis_islemi_gecer.log
2026-05-22 11:36:35.980 INFO  LogFilter.processRawLog:165 [kullanici samplesale uzerinden CTLS satis islemi gecer] - LogFilter: RAW log i˛lendi (senaryo: kullanici samplesale uzerinden CTLS satis islemi gecer).
2026-05-22 11:36:35.996 INFO  TestHooks.afterAll:88  - === TEST SUITE B›TT› ===
2026-05-22 11:36:45.699 INFO  TestHooks.beforeAll:21  - === TEST SUITE BAﬁLADI ===
2026-05-22 11:36:57.846 INFO  TestHooks.beforeScenario:27 [kullanici samplesale uzerinden CTLS satis islemi gecer] - Senaryo ba˛lad˝: kullanici samplesale uzerinden CTLS satis islemi gecer
2026-05-22 11:36:57.966 INFO  TestHooks.beforeStep:52 [kullanici samplesale uzerinden CTLS satis islemi gecer] - ? Logcat ilk stepte ba˛lat˝ld˝.
2026-05-22 11:37:26.002 INFO  TestHooks.afterScenario:75 [kullanici samplesale uzerinden CTLS satis islemi gecer] - ? Senaryo PASS ? kullanici samplesale uzerinden CTLS satis islemi gecer
2026-05-22 11:37:26.575 INFO  LogFilter.processRawLog:137 [kullanici samplesale uzerinden CTLS satis islemi gecer] - LogFilter: sonIslem* alanlar˝ Configuration.properties'e yaz˝ld˝. (rrn=614203312162, stanNo=46)
2026-05-22 11:37:26.575 INFO  LogFilter.processRawLog:156 [kullanici samplesale uzerinden CTLS satis islemi gecer] - LogFilter: Exception log yaz˝ld˝ ? logs\exception\kullanici_samplesale_uzerinden_CTLS_satis_islemi_gecer.log
2026-05-22 11:37:26.575 INFO  LogFilter.processRawLog:162 [kullanici samplesale uzerinden CTLS satis islemi gecer] - LogFilter: JSON benzeri sat˝rlar yaz˝ld˝ ? logs\jsonSlip\kullanici_samplesale_uzerinden_CTLS_satis_islemi_gecer.log
2026-05-22 11:37:26.575 INFO  LogFilter.processRawLog:165 [kullanici samplesale uzerinden CTLS satis islemi gecer] - LogFilter: RAW log i˛lendi (senaryo: kullanici samplesale uzerinden CTLS satis islemi gecer).
2026-05-22 11:37:26.597 INFO  TestHooks.afterAll:88  - === TEST SUITE B›TT› ===
2026-05-22 11:39:40.704 INFO  TestHooks.beforeAll:21  - === TEST SUITE BAﬁLADI ===
2026-05-22 11:39:56.953 INFO  TestHooks.beforeScenario:27 [kullanici samplesale uzerinden CTLS satis islemi gecer] - Senaryo ba˛lad˝: kullanici samplesale uzerinden CTLS satis islemi gecer
2026-05-22 11:39:57.148 INFO  TestHooks.beforeStep:52 [kullanici samplesale uzerinden CTLS satis islemi gecer] - ? Logcat ilk stepte ba˛lat˝ld˝.
2026-05-22 11:40:09.747 INFO  TestHooks.afterScenario:75 [kullanici samplesale uzerinden CTLS satis islemi gecer] - ? Senaryo PASS ? kullanici samplesale uzerinden CTLS satis islemi gecer
2026-05-22 11:40:10.626 INFO  LogFilter.processRawLog:137 [kullanici samplesale uzerinden CTLS satis islemi gecer] - LogFilter: sonIslem* alanlar˝ Configuration.properties'e yaz˝ld˝. (rrn=614203312226, stanNo=47)
2026-05-22 11:40:10.628 INFO  LogFilter.processRawLog:156 [kullanici samplesale uzerinden CTLS satis islemi gecer] - LogFilter: Exception log yaz˝ld˝ ? logs\exception\kullanici_samplesale_uzerinden_CTLS_satis_islemi_gecer.log
2026-05-22 11:40:10.632 INFO  LogFilter.processRawLog:162 [kullanici samplesale uzerinden CTLS satis islemi gecer] - LogFilter: JSON benzeri sat˝rlar yaz˝ld˝ ? logs\jsonSlip\kullanici_samplesale_uzerinden_CTLS_satis_islemi_gecer.log
2026-05-22 11:40:10.633 INFO  LogFilter.processRawLog:165 [kullanici samplesale uzerinden CTLS satis islemi gecer] - LogFilter: RAW log i˛lendi (senaryo: kullanici samplesale uzerinden CTLS satis islemi gecer).
2026-05-22 11:40:10.648 INFO  TestHooks.afterAll:88  - === TEST SUITE B›TT› ===
2026-05-22 11:40:16.798 INFO  TestHooks.beforeAll:21  - === TEST SUITE BAﬁLADI ===
2026-05-22 11:40:44.115 INFO  TestHooks.beforeScenario:27 [kullanici samplesale uzerinden CTLS satis islemi gecer] - Senaryo ba˛lad˝: kullanici samplesale uzerinden CTLS satis islemi gecer
2026-05-22 11:40:44.257 INFO  TestHooks.beforeStep:52 [kullanici samplesale uzerinden CTLS satis islemi gecer] - ? Logcat ilk stepte ba˛lat˝ld˝.
2026-05-22 11:40:56.097 INFO  TestHooks.afterScenario:75 [kullanici samplesale uzerinden CTLS satis islemi gecer] - ? Senaryo PASS ? kullanici samplesale uzerinden CTLS satis islemi gecer
2026-05-22 11:41:05.151 WARN  LogFilter.processRawLog:144 [kullanici samplesale uzerinden CTLS satis islemi gecer] - LogFilter: Slip JSON bulunamad˝ ? Configuration.properties g¸ncellenmedi.
2026-05-22 11:41:05.154 INFO  LogFilter.processRawLog:156 [kullanici samplesale uzerinden CTLS satis islemi gecer] - LogFilter: Exception log yaz˝ld˝ ? logs\exception\kullanici_samplesale_uzerinden_CTLS_satis_islemi_gecer.log
2026-05-22 11:41:05.157 INFO  LogFilter.processRawLog:162 [kullanici samplesale uzerinden CTLS satis islemi gecer] - LogFilter: JSON benzeri sat˝rlar yaz˝ld˝ ? logs\jsonSlip\kullanici_samplesale_uzerinden_CTLS_satis_islemi_gecer.log
2026-05-22 11:41:05.158 INFO  LogFilter.processRawLog:165 [kullanici samplesale uzerinden CTLS satis islemi gecer] - LogFilter: RAW log i˛lendi (senaryo: kullanici samplesale uzerinden CTLS satis islemi gecer).
2026-05-22 11:41:05.174 INFO  TestHooks.afterAll:88  - === TEST SUITE B›TT› ===
2026-05-22 11:41:11.571 INFO  TestHooks.beforeAll:21  - === TEST SUITE BAﬁLADI ===
2026-05-22 11:41:30.217 INFO  TestHooks.beforeScenario:27 [kullanici samplesale uzerinden CTLS satis islemi gecer] - Senaryo ba˛lad˝: kullanici samplesale uzerinden CTLS satis islemi gecer
2026-05-22 11:41:30.341 INFO  TestHooks.beforeStep:52 [kullanici samplesale uzerinden CTLS satis islemi gecer] - ? Logcat ilk stepte ba˛lat˝ld˝.
2026-05-22 11:41:41.066 INFO  TestHooks.afterScenario:75 [kullanici samplesale uzerinden CTLS satis islemi gecer] - ? Senaryo PASS ? kullanici samplesale uzerinden CTLS satis islemi gecer
2026-05-22 11:41:41.756 INFO  LogFilter.processRawLog:137 [kullanici samplesale uzerinden CTLS satis islemi gecer] - LogFilter: sonIslem* alanlar˝ Configuration.properties'e yaz˝ld˝. (rrn=614203312252, stanNo=49)
2026-05-22 11:41:41.759 INFO  LogFilter.processRawLog:156 [kullanici samplesale uzerinden CTLS satis islemi gecer] - LogFilter: Exception log yaz˝ld˝ ? logs\exception\kullanici_samplesale_uzerinden_CTLS_satis_islemi_gecer.log
2026-05-22 11:41:41.764 INFO  LogFilter.processRawLog:162 [kullanici samplesale uzerinden CTLS satis islemi gecer] - LogFilter: JSON benzeri sat˝rlar yaz˝ld˝ ? logs\jsonSlip\kullanici_samplesale_uzerinden_CTLS_satis_islemi_gecer.log
2026-05-22 11:41:41.764 INFO  LogFilter.processRawLog:165 [kullanici samplesale uzerinden CTLS satis islemi gecer] - LogFilter: RAW log i˛lendi (senaryo: kullanici samplesale uzerinden CTLS satis islemi gecer).
2026-05-22 11:41:41.781 INFO  TestHooks.afterAll:88  - === TEST SUITE B›TT› ===
2026-05-22 11:41:48.233 INFO  TestHooks.beforeAll:21  - === TEST SUITE BAﬁLADI ===
2026-05-22 11:42:14.515 INFO  TestHooks.beforeScenario:27 [kullanici samplesale uzerinden CTLS satis islemi gecer] - Senaryo ba˛lad˝: kullanici samplesale uzerinden CTLS satis islemi gecer
2026-05-22 11:42:14.633 INFO  TestHooks.beforeStep:52 [kullanici samplesale uzerinden CTLS satis islemi gecer] - ? Logcat ilk stepte ba˛lat˝ld˝.
2026-05-22 11:42:31.458 INFO  TestHooks.afterScenario:75 [kullanici samplesale uzerinden CTLS satis islemi gecer] - ? Senaryo PASS ? kullanici samplesale uzerinden CTLS satis islemi gecer
2026-05-22 11:42:32.050 INFO  LogFilter.processRawLog:137 [kullanici samplesale uzerinden CTLS satis islemi gecer] - LogFilter: sonIslem* alanlar˝ Configuration.properties'e yaz˝ld˝. (rrn=614203312272, stanNo=50)
2026-05-22 11:42:32.052 INFO  LogFilter.processRawLog:156 [kullanici samplesale uzerinden CTLS satis islemi gecer] - LogFilter: Exception log yaz˝ld˝ ? logs\exception\kullanici_samplesale_uzerinden_CTLS_satis_islemi_gecer.log
2026-05-22 11:42:32.056 INFO  LogFilter.processRawLog:162 [kullanici samplesale uzerinden CTLS satis islemi gecer] - LogFilter: JSON benzeri sat˝rlar yaz˝ld˝ ? logs\jsonSlip\kullanici_samplesale_uzerinden_CTLS_satis_islemi_gecer.log
2026-05-22 11:42:32.056 INFO  LogFilter.processRawLog:165 [kullanici samplesale uzerinden CTLS satis islemi gecer] - LogFilter: RAW log i˛lendi (senaryo: kullanici samplesale uzerinden CTLS satis islemi gecer).
2026-05-22 11:42:32.075 INFO  TestHooks.afterAll:88  - === TEST SUITE B›TT› ===
2026-05-22 11:42:38.505 INFO  TestHooks.beforeAll:21  - === TEST SUITE BAﬁLADI ===
